file,detuning,pulse_time,ToTF,df,popt,pcov,popt_l,pcov_l
2024-11-29_G_e.dat,100,0.2,0.384,"        OmegaR2   cyc  detuning  ODT1  ODT2     freq   VVA  cyc.1  \
0      1.498906  80.0     100.0  0.07   1.4  47.3227   1.4   80.0   
1      4.331302  96.0     100.0  0.07   1.4  47.3227   1.5   96.0   
2     14.705410  86.0     100.0  0.07   1.4  47.3227   1.7   86.0   
3     42.926830  90.0     100.0  0.07   1.4  47.3227   2.0   90.0   
4     82.553289  85.0     100.0  0.07   1.4  47.3227   2.3   85.0   
5    130.727959  94.0     100.0  0.07   1.4  47.3227   2.6   94.0   
6    204.629814  83.0     100.0  0.07   1.4  47.3227   3.0   83.0   
7    311.461146  89.0     100.0  0.07   1.4  47.3227   3.5   89.0   
8    438.494021  91.0     100.0  0.07   1.4  47.3227   4.0   91.0   
9    693.579405  82.0     100.0  0.07   1.4  47.3227   5.0   82.0   
10   974.543017  95.0     100.0  0.07   1.4  47.3227   6.0   95.0   
11  1321.786579  87.0     100.0  0.07   1.4  47.3227   7.0   87.0   
12  1721.842850  88.0     100.0  0.07   1.4  47.3227   8.0   88.0   
13  2156.776139  84.0     100.0  0.07   1.4  47.3227   9.0   84.0   
14  2640.635451  92.0     100.0  0.07   1.4  47.3227  10.0   92.0   

         ROIsum       fBg  ...  em_two2D_cv2  em_two2D_chd  em_two2D_cvd  \
0   5224.173333 -0.244809  ...      0.503088      9.255499      6.115262   
1   5279.156667 -0.384632  ...      0.036014      8.786704      7.959346   
2   5152.406667 -0.226329  ...      0.531282      2.496507      1.023005   
3   5406.393333 -0.238440  ...      0.282174      0.474719      0.282043   
4   5452.686667 -0.357518  ...      0.191268      0.630597      0.453889   
5   4990.053333 -0.348619  ...      0.209941      0.154441      0.146303   
6   4903.353333 -0.369746  ...      0.280201      0.051313      0.282168   
7   5264.740000 -0.134493  ...      0.455939      0.365780      0.328385   
8   5053.013333 -0.293265  ...      0.558120      0.219495      0.156492   
9   4938.510000 -0.275148  ...      0.153576      0.095586      0.110151   
10  4496.980000 -0.404626  ...      0.220096      0.258564      0.203038   
11  4644.423333 -0.212888  ...      0.059851      0.153360      0.033783   
12  4497.353333 -0.268694  ...      0.279029      0.041243      0.150210   
13  5342.466667 -0.214460  ...      0.309344      0.168945      0.052746   
14  4126.270000 -0.228129  ...      0.211243      0.075488      0.071523   

    em_pulse_time  em_ToTF        em_N  em_transfer   em_loss  \
0             0.0      0.0  203.041801     0.000723  0.025059   
1             0.0      0.0  297.235929     0.002538  0.035717   
2             0.0      0.0  344.053775     0.005622  0.039348   
3             0.0      0.0  132.604423     0.001954  0.017953   
4             0.0      0.0  187.708214     0.005825  0.017190   
5             0.0      0.0  332.585649     0.003855  0.035520   
6             0.0      0.0  450.869728     0.004729  0.044859   
7             0.0      0.0  538.460215     0.009896  0.045730   
8             0.0      0.0  445.881588     0.019708  0.025997   
9             0.0      0.0  173.779286     0.005330  0.011010   
10            0.0      0.0  484.808177     0.007975  0.030104   
11            0.0      0.0  417.332874     0.011693  0.017945   
12            0.0      0.0  525.031681     0.019556  0.019601   
13            0.0      0.0  309.125089     0.000743  0.016880   
14            0.0      0.0  293.457306     0.015979  0.004018   

    em_anomalous_loss  em_OmegaR  
0            0.025606        0.0  
1            0.037485        0.0  
2            0.043390        0.0  
3            0.016723        0.0  
4            0.023673        0.0  
5            0.041943        0.0  
6            0.056861        0.0  
7            0.067907        0.0  
8            0.056232        0.0  
9            0.021916        0.0  
10           0.061141        0.0  
11           0.052631        0.0  
12           0.066214        0.0  
13           0.038985        0.0  
14           0.037009        0.0  

[15 rows x 177 columns]",[6.43818022e-01 9.03747988e+02],"[[9.26735140e-05 4.97882369e-01]
 [4.97882369e-01 2.81159870e+03]]",[6.48661456e-01 6.95316172e+02],"[[4.38503216e-05 1.83178313e-01]
 [1.83178313e-01 1.47942164e+03]]"
2024-11-29_G_e.dat,100,0.2,0.478,"        OmegaR2    cyc  detuning  ODT1  ODT2     freq   VVA  cyc.1  \
0      1.498906  194.0     100.0   0.1   2.0  47.3227   1.4  194.0   
1      4.331302  210.0     100.0   0.1   2.0  47.3227   1.5  210.0   
2     14.705410  200.0     100.0   0.1   2.0  47.3227   1.7  200.0   
3     42.926830  204.0     100.0   0.1   2.0  47.3227   2.0  204.0   
4     82.553289  199.0     100.0   0.1   2.0  47.3227   2.3  199.0   
5    130.727959  208.0     100.0   0.1   2.0  47.3227   2.6  208.0   
6    204.629814  197.0     100.0   0.1   2.0  47.3227   3.0  197.0   
7    311.461146  203.0     100.0   0.1   2.0  47.3227   3.5  203.0   
8    438.494021  205.0     100.0   0.1   2.0  47.3227   4.0  205.0   
9    693.579405  196.0     100.0   0.1   2.0  47.3227   5.0  196.0   
10   974.543017  209.0     100.0   0.1   2.0  47.3227   6.0  209.0   
11  1321.786579  201.0     100.0   0.1   2.0  47.3227   7.0  201.0   
12  1721.842850  202.0     100.0   0.1   2.0  47.3227   8.0  202.0   
13  2156.776139  198.0     100.0   0.1   2.0  47.3227   9.0  198.0   
14  2640.635451  206.0     100.0   0.1   2.0  47.3227  10.0  206.0   

         ROIsum       fBg  ...  em_two2D_cv2  em_two2D_chd  em_two2D_cvd  \
0   9504.743333 -0.238637  ...      0.313651      2.540008      0.845039   
1   8483.206667 -0.416407  ...      0.105668      8.721944      4.201683   
2   8748.923333 -0.131523  ...      0.369179      4.601778      5.476456   
3   9097.540000 -0.135779  ...      0.055529      2.422388      5.103860   
4   8731.463333 -0.198685  ...      0.113895      2.372473      4.259518   
5   7886.763333 -0.111400  ...      0.154766      0.327611      0.422730   
6   8644.533333 -0.581106  ...      0.309562      0.056102      0.201489   
7   9126.783333 -0.576361  ...      0.172552      0.107918      0.073239   
8   9389.310000 -0.619108  ...      0.212267      0.128725      0.036841   
9   8312.880000 -0.104218  ...      0.256833      0.053721      0.089085   
10  7922.680000 -0.443982  ...      0.158455      0.138669      0.111757   
11  7738.783333 -0.659355  ...      0.299177      0.089614      0.024535   
12  7473.283333 -0.424209  ...      0.408894      0.155594      0.158651   
13  7598.466667 -0.365398  ...      0.068595      0.211103      0.105994   
14  7570.676667 -0.045273  ...      0.391538      0.053299      0.178282   

    em_pulse_time  em_ToTF        em_N  em_transfer   em_loss  \
0             0.0      0.0  192.774723     0.000523  0.017762   
1             0.0      0.0  513.131227     0.000504  0.047063   
2             0.0      0.0  245.020955     0.002462  0.019901   
3             0.0      0.0  347.790722     0.000525  0.030851   
4             0.0      0.0  378.808972     0.001731  0.032509   
5             0.0      0.0  276.162286     0.001780  0.022574   
6             0.0      0.0  433.253891     0.000693  0.035710   
7             0.0      0.0  179.109892     0.001050  0.013772   
8             0.0      0.0  379.768525     0.006028  0.022424   
9             0.0      0.0  369.588423     0.006559  0.020781   
10            0.0      0.0  452.026906     0.006578  0.023937   
11            0.0      0.0  521.126617     0.012755  0.023318   
12            0.0      0.0   66.076419     0.001929  0.003816   
13            0.0      0.0  286.708085     0.010076  0.010872   
14            0.0      0.0  129.886713     0.009197  0.009303   

    em_anomalous_loss  em_OmegaR  
0            0.017538        0.0  
1            0.046682        0.0  
2            0.022291        0.0  
3            0.031640        0.0  
4            0.034462        0.0  
5            0.025124        0.0  
6            0.039415        0.0  
7            0.016295        0.0  
8            0.034550        0.0  
9            0.033623        0.0  
10           0.041123        0.0  
11           0.047410        0.0  
12           0.006011        0.0  
13           0.026083        0.0  
14           0.011816        0.0  

[15 rows x 177 columns]",[4.12685708e-01 8.25759944e+02],"[[4.20123866e-05 1.18889726e-01]
 [1.18889726e-01 4.21749940e+02]]",[5.11404771e-01 8.69626445e+02],"[[4.94349093e-04 2.55574482e+00]
 [2.55574482e+00 1.45884266e+04]]"
2025-02-13_I_e.dat,100,0.2,0.306,"        OmegaR2   cyc   VVA  cyc.1       ROIsum       fBg       fA1  \
0     55.252503  21.5   2.0   21.5  4232.600000 -0.034817  9.942585   
1    146.871020  19.5   2.5   19.5  4303.860000 -0.036623  9.357465   
2    263.385612  24.0   3.0   24.0  4321.363333 -0.020925  8.853803   
3    400.891654  20.0   3.5   20.0  4316.310000 -0.028614  8.821507   
4    564.399750  15.0   4.0   15.0  4412.663333 -0.023894  8.482627   
5    892.728349  19.0   5.0   19.0  4455.180000 -0.035642  8.170583   
6   1254.365646  17.5   6.0   17.5  4487.425000 -0.033989  7.749910   
7   1701.313997  20.5   7.0   20.5  4135.480000 -0.068975  7.218595   
8   2216.239284  21.0   8.0   21.0  4044.750000 -0.070864  6.865243   
9   2776.055901  18.0   9.0   18.0  4139.790000 -0.052640  6.898340   
10  3398.846777  18.5  10.0   18.5  4156.005000 -0.042770  6.719035   

      fWidth1      fCtr1       fA2  ...  em_detuning  em_freq  em_ODT1  \
0    9.643310  98.664000 -0.051228  ...          0.0      0.0      0.0   
1   10.422600  98.538750 -0.051697  ...          0.0      0.0      0.0   
2    3.819833  98.445300 -0.009003  ...          0.0      0.0      0.0   
3    3.942067  98.643900 -0.053110  ...          0.0      0.0      0.0   
4   11.841067  98.765733  0.032712  ...          0.0      0.0      0.0   
5   12.756333  98.902333  0.036134  ...          0.0      0.0      0.0   
6   13.386000  98.660450 -0.032576  ...          0.0      0.0      0.0   
7   13.712100  98.527800 -0.096544  ...          0.0      0.0      0.0   
8   14.162767  98.358400  0.087886  ...          0.0      0.0      0.0   
9   14.484700  98.413600  0.012365  ...          0.0      0.0      0.0   
10  14.785750  98.414700  0.082430  ...          0.0      0.0      0.0   

    em_pulse_time  em_ToTF        em_N  em_transfer   em_loss  \
0             0.0      0.0   84.717850     0.005411  0.027976   
1             0.0      0.0  233.900550     0.002675  0.057924   
2             0.0      0.0  102.822503     0.002474  0.018659   
3             0.0      0.0  116.508462     0.015373  0.024354   
4             0.0      0.0   75.764738     0.002845  0.015495   
5             0.0      0.0   92.146657     0.007692  0.019322   
6             0.0      0.0   76.312100     0.010009  0.020169   
7             0.0      0.0  255.104600     0.008537  0.010476   
8             0.0      0.0  129.596497     0.009591  0.008331   
9             0.0      0.0  102.493706     0.004876  0.011676   
10            0.0      0.0  115.674900     0.002462  0.003490   

    em_anomalous_loss  em_OmegaR  
0            0.023698        0.0  
1            0.065429        0.0  
2            0.028762        0.0  
3            0.032591        0.0  
4            0.021194        0.0  
5            0.025776        0.0  
6            0.021347        0.0  
7            0.071360        0.0  
8            0.036252        0.0  
9            0.028670        0.0  
10           0.032358        0.0  

[11 rows x 183 columns]",[  0.79959577 716.46331682],"[[3.99611538e-05 6.36839115e-02]
 [6.36839115e-02 2.68572732e+02]]",[7.74375969e-01 1.00027343e+03],"[[4.15163032e-05 2.18263572e-01]
 [2.18263572e-01 1.65658532e+03]]"
2025-02-13_O_e.dat,100,0.2,0.595,"       OmegaR2   cyc   VVA  cyc.1        ROIsum       fBg        fA1  \
0    55.252503  13.0   2.0   13.0  13842.550000 -0.018060  21.809150   
1   263.385612  17.0   3.0   17.0  12951.000000 -0.039868  20.528150   
2   564.399750  18.0   4.0   18.0  12679.233333 -0.045744  19.502733   
3   892.728349  20.0   5.0   20.0  12448.266667 -0.059173  18.543233   
4  1254.365646  16.0   6.0   16.0  11873.266667 -0.081594  17.721867   
5  1701.313997  12.0   7.0   12.0  12026.566667 -0.081140  17.701000   
6  2216.239284  17.0   8.0   17.0  11828.966667 -0.044686  17.167600   
7  2776.055901  20.0   9.0   20.0  12051.000000 -0.138100  17.957350   
8  3398.846777  16.0  10.0   16.0  11665.150000 -0.076822  16.619150   

     fWidth1      fCtr1       fA2  ...  em_detuning  em_freq  em_ODT1  \
0  13.882800  98.499300 -0.030257  ...          0.0      0.0      0.0   
1  13.923950  98.326550  0.008603  ...          0.0      0.0      0.0   
2  14.387500  98.390833 -0.017830  ...          0.0      0.0      0.0   
3  14.946267  98.330133  0.062579  ...          0.0      0.0      0.0   
4  15.075700  98.237767  0.011696  ...          0.0      0.0      0.0   
5  15.377133  98.589833 -0.322849  ...          0.0      0.0      0.0   
6  15.513167  98.270433 -0.003923  ...          0.0      0.0      0.0   
7  15.446150  98.131450  0.115965  ...          0.0      0.0      0.0   
8  15.989400  98.331800 -0.213145  ...          0.0      0.0      0.0   

   em_pulse_time  em_ToTF        em_N  em_transfer   em_loss  \
0            0.0      0.0  284.949000     0.000536  0.025264   
1            0.0      0.0   77.928500     0.001730  0.004642   
2            0.0      0.0  134.486720     0.001012  0.010789   
3            0.0      0.0   78.034186     0.000797  0.005194   
4            0.0      0.0   68.231465     0.007378  0.011312   
5            0.0      0.0  204.264173     0.004446  0.014533   
6            0.0      0.0  232.257537     0.000354  0.012836   
7            0.0      0.0  310.532900     0.004772  0.020954   
8            0.0      0.0  204.744050     0.008140  0.018237   

   em_anomalous_loss  em_OmegaR  
0           0.026581        0.0  
1           0.007270        0.0  
2           0.012546        0.0  
3           0.007279        0.0  
4           0.006365        0.0  
5           0.019055        0.0  
6           0.021666        0.0  
7           0.028968        0.0  
8           0.019099        0.0  

[9 rows x 183 columns]",[4.65300489e-01 9.45281125e+02],"[[6.59755146e-06 3.85830514e-02]
 [3.85830514e-02 2.68252233e+02]]",[4.91083151e-01 1.13035166e+03],"[[3.61272243e-04 1.38091651e+00]
 [1.38091651e+00 6.11916174e+03]]"
