detuning,cyc,freq,VVA,time,buffer,cyc.1,ROIsum,fBg,fA1,fWidth1,fCtr1,fA2,fWidth2,fCtr2,box1,box2,box3,box4,box5,box6,box7,box8,box9,Nfit,BZ-2,BZ-1,BZ0,BZ1,BZ2,Excited,c5,c7,c9,fraction95,fraction75,fraction97,sum95,two2D_bg,two2D_a1,two2D_sh1,two2D_sv1,two2D_ch1,two2D_cv1,two2D_a2,two2D_sh2,two2D_sv2,two2D_ch2,two2D_cv2,two2D_chd,two2D_cvd,Delta,alpha,transfer,ScaledTransfer,e_detuning,e_cyc,e_freq,e_VVA,e_time,e_buffer,e_cyc.1,e_ROIsum,e_fBg,e_fA1,e_fWidth1,e_fCtr1,e_fA2,e_fWidth2,e_fCtr2,e_box1,e_box2,e_box3,e_box4,e_box5,e_box6,e_box7,e_box8,e_box9,e_Nfit,e_BZ-2,e_BZ-1,e_BZ0,e_BZ1,e_BZ2,e_Excited,e_c5,e_c7,e_c9,e_fraction95,e_fraction75,e_fraction97,e_sum95,e_two2D_bg,e_two2D_a1,e_two2D_sh1,e_two2D_sv1,e_two2D_ch1,e_two2D_cv1,e_two2D_a2,e_two2D_sh2,e_two2D_sv2,e_two2D_ch2,e_two2D_cv2,e_two2D_chd,e_two2D_cvd,e_Delta,e_alpha,e_transfer,e_ScaledTransfer,em_detuning,em_cyc,em_freq,em_VVA,em_time,em_buffer,em_cyc.1,em_ROIsum,em_fBg,em_fA1,em_fWidth1,em_fCtr1,em_fA2,em_fWidth2,em_fCtr2,em_box1,em_box2,em_box3,em_box4,em_box5,em_box6,em_box7,em_box8,em_box9,em_Nfit,em_BZ-2,em_BZ-1,em_BZ0,em_BZ1,em_BZ2,em_Excited,em_c5,em_c7,em_c9,em_fraction95,em_fraction75,em_fraction97,em_sum95,em_two2D_bg,em_two2D_a1,em_two2D_sh1,em_two2D_sv1,em_two2D_ch1,em_two2D_cv1,em_two2D_a2,em_two2D_sh2,em_two2D_sv2,em_two2D_ch2,em_two2D_cv2,em_two2D_chd,em_two2D_cvd,em_Delta,em_alpha,em_transfer,em_ScaledTransfer,filter
-5.0,76.75,42.2227,0.0,20,21,76.75,18208.8,-0.1589310775,36.3148125,5.891325,118.2468125,-0.0209605675,50.90179625,237.7271744274991,-5.585733375,-5.329072875,-7.312818125,-3.5468125,-2.9557056875,-190.7884375,10033.961875,17.782053125,9557.7425,15174.0375,-4.3843910625,-4.127729375,-4.910128125,-2.345469075,-1.754362591875,0.704981375,10185.92375,31.59748875,9709.721875,0.5120668125,0.9946795625,0.005863740625000001,19895.6625,-0.001505533125,1.069689375,12.01265,9.793111875,117.72975,85.89218125000001,0.9315900625,11.856,10.6919875,117.6444375,134.75725,0.0853857250625,-48.865,-274.7252747252747,8.380882793312949e-17,5.760485785819285e-21,5.339695699491109e-18,-5.0,45.28355109750117,0,0,0,0,45.28355109750117,1031.311225576451,0.1686226229598187,1.421050027209931,10.54927894790287,0.1511825469424307,0.3069215770074145,152.2460186526697,231.7489729445599,2.887367702133482,2.23347888823309,3.00415257421949,3.241611726328947,2.7146027990111,46.61160866131776,508.9677707441303,12.7473135578111,567.3376147292433,3348.507605859663,2.773029548293791,2.21979571673584,3.040439985392945,3.182678611659265,2.624246600975635,0.1623303077221975,512.5117224139045,12.94253351708795,567.0622953341053,0.01074369170083077,0.00205716419596652,0.002237880996393593,992.1727241261971,0.0001118473874955662,0.03903229508475434,0.2031864759279022,0.1467736332006422,0.1462014591810463,0.6113233898341629,0.03855742716601436,0.1731910428784733,0.1409842916781864,0.1732727979228115,0.7159629878701818,0.103937091731326,0.1344825639255889,0,0.02515784208643345,1.744202971501477e-06,0.001608194857223613,-5.0,11.32088777437529,0,0,0,0,11.32088777437529,257.8278063941128,0.04215565573995467,0.3552625068024827,2.637319736975718,0.03779563673560769,0.07673039425185363,38.06150466316742,57.93724323613997,0.7218419255333705,0.5583697220582724,0.7510381435548724,0.8104029315822366,0.6786506997527749,11.65290216532944,127.2419426860326,3.186828389452776,141.8344036823108,837.1269014649157,0.6932573870734476,0.5549489291839601,0.7601099963482362,0.7956696529148162,0.6560616502439087,0.04058257693054937,128.1279306034761,3.235633379271988,141.7655738335263,0.002685922925207693,0.0005142910489916299,0.0005594702490983983,248.0431810315493,2.796184687389156e-05,0.009758073771188584,0.05079661898197556,0.03669340830016056,0.03655036479526157,0.1528308474585407,0.00963935679150359,0.04329776071961831,0.03524607291954659,0.04331819948070288,0.1789907469675454,0.0259842729328315,0.03362064098139722,0,0.006289460521608363,4.360507428753693e-07,0.0004020487143059032,1
-4.205000000000005,84.5,43.0177,3.5,20,21,84.5,18154.375,-0.144586375,36.014825,5.954,118.13225,-0.08845224499999998,107.144675,395.45545,-4.489129999999999,-4.899017499999999,-7.999985,-3.654185,-1.39133225,-179.23,10151.9275,18.862205,9348.1025,16595.15,-3.3605675,-3.770455,-5.74287,-2.52562225,-0.2627695,0.605304,10294.6975,31.84065,9490.8725,0.52047325,0.99465275,0.006102779999999999,19785.575,-0.0014461525,1.0675725,12.092625,9.8522925,117.616,86.141,0.907182,11.837025,10.7418,117.55375,135.027,0.06230855,-48.8861,-231.0439560439563,-0.005339415092322753,-3.701837239502864e-07,-0.0003413178229895201,-4.205000000000005,50.34878350069642,0,0,0,0,50.34878350069642,1309.931586954067,0.1543942215236563,2.297517684190192,11.83403860142428,0.07481699895968413,0.2951398962022723,334.4067501671317,209.0891,1.500980801764855,1.041300753653013,1.86823669361424,2.515097243931799,2.774752925910146,37.12463633940856,595.2417067250921,8.838561405951008,680.0623396118428,5372.639748764102,1.53714970757297,0.876187964784574,2.218873896732304,2.442116835088004,2.708573725914865,0.1739938462839035,601.312438053907,9.08225217388286,677.8473694165963,0.005866598126967042,0.001283827188526529,0.001463525968543094,1265.849283748529,0.0001058166147555919,0.06224800632684284,0.06729593226934337,0.1120729082264459,0.1115287705781187,0.7089951339748392,0.05879467880117498,0.1608065582203251,0.08242091158599707,0.09019007705951788,0.973153293851142,0.07327275526640173,0.2675321912094583,0,0.02951683385878019,2.046413565556267e-06,0.00188683990662347,-4.205000000000005,25.17439175034821,0,0,0,0,25.17439175034821,654.9657934770335,0.07719711076182813,1.148758842095096,5.917019300712141,0.03740849947984207,0.1475699481011362,167.2033750835659,104.54455,0.7504904008824274,0.5206503768265064,0.9341183468071198,1.2575486219659,1.387376462955073,18.56231816970428,297.620853362546,4.419280702975504,340.0311698059214,2686.319874382051,0.7685748537864848,0.438093982392287,1.109436948366152,1.221058417544002,1.354286862957432,0.08699692314195177,300.6562190269535,4.54112608694143,338.9236847082981,0.002933299063483521,0.0006419135942632646,0.0007317629842715468,632.9246418742647,5.290830737779593e-05,0.03112400316342142,0.03364796613467168,0.05603645411322297,0.05576438528905935,0.3544975669874196,0.02939733940058749,0.08040327911016255,0.04121045579299853,0.04509503852975894,0.486576646925571,0.03663637763320086,0.1337660956047292,0,0.01475841692939009,1.023206782778134e-06,0.000943419953311735,1
-4.190000000000005,90.5,43.0327,3.5,20,21,90.5,17733.85,-0.2546256875,35.65615,-0.0279499999999997,118.1445,-0.0734561,229.2674,116.0705000000034,-4.3597975,-6.0984975,-10.360605,-2.7476085,-3.5616535,-178.72325,9903.3525,10.7154,9209.9925,14992.35,-3.234425,-4.973125,-8.1098525,-1.6222338,-2.43628,0.53361225,10045.735,23.6572,9352.35,0.518031,0.99589225,0.0046628475,19398.075,-0.001474015,1.0601575,11.963525,9.790765,117.67,86.110775,0.91349625,11.734825,10.596525,117.5725,135.08125,0.09757915,-48.970575,-230.2197802197805,0.006881494179651656,4.770966665297216e-07,0.0004398939905779065,-4.190000000000005,50.34878350069642,0,0,0,0,50.34878350069642,595.4759524951451,0.1779313649722573,0.6717629864766326,13.65946995469932,0.04265755110958451,0.1236763109225853,253.8318464813008,171.6881339772562,4.113654099519267,1.633088373550249,3.112728543111333,2.85475006390326,2.629713594282782,21.57167546228155,104.9922090363537,3.654650254712025,418.2062344007635,2262.375837477053,4.16690772672414,1.753153051818352,3.212766231306754,2.859817600015153,2.660809942918384,0.2120310914188058,113.2827299282638,3.783863070989752,407.6158901057055,0.01084003923732133,0.0006833439226821841,0.0009093723419800787,438.1468732057768,0.0001299829497793205,0.01566008594059005,0.06857319082556994,0.1052431237658786,0.09088820972308166,0.4962668729289395,0.03398858697048172,0.09355990505196823,0.0738824460432478,0.1038925727213777,0.5111388428466992,0.1874540503731248,0.08402945416142286,0,0.005560748966349952,3.855288874760704e-07,0.0003554664131872409,-4.190000000000005,25.17439175034821,0,0,0,0,25.17439175034821,297.7379762475725,0.08896568248612863,0.3358814932383163,6.829734977349658,0.02132877555479226,0.06183815546129267,126.9159232406504,85.8440669886281,2.056827049759633,0.8165441867751247,1.556364271555666,1.42737503195163,1.314856797141391,10.78583773114077,52.49610451817684,1.827325127356012,209.1031172003818,1131.187918738527,2.08345386336207,0.876576525909176,1.606383115653377,1.429908800007576,1.330404971459192,0.1060155457094029,56.64136496413189,1.891931535494876,203.8079450528527,0.005420019618660665,0.0003416719613410921,0.0004546861709900393,219.0734366028884,6.499147488966024e-05,0.007830042970295024,0.03428659541278497,0.05262156188293928,0.04544410486154083,0.2481334364644698,0.01699429348524086,0.04677995252598412,0.0369412230216239,0.05194628636068884,0.2555694214233496,0.09372702518656238,0.04201472708071143,0,0.002780374483174976,1.927644437380352e-07,0.0001777332065936205,1
-4.175000000000004,63.5,43.0477,3.5,20,21,63.5,17935.125,-0.24169025,35.883825,11.8587,118.259,0.374872555,202.18075,403.2845,-4.8108,-6.0421575,-9.233355,-3.8278275,-4.5307225,-180.44375,10014.6675,17.479125,9304.3275,18849.825,-3.674595,-4.9059525,-6.960956749999999,-2.69162225,-3.3945165,0.692372,10158.3975,30.5455,9448.0575,0.51808125,0.99477575,0.0059076725,19606.45,-0.001491445,1.06814,12.0166,9.7824975,117.71775,85.856225,0.91546225,11.857725,10.59145,117.69175,134.642,0.026084075,-48.7858,-229.3956043956047,0.001351190656615788,9.367857347372355e-08,8.637377791117869e-05,-4.175000000000004,50.34878350069642,0,0,0,0,50.34878350069642,617.4458916914626,0.09044549706268781,1.078346822301003,0.1064329522907889,0.117140940750875,0.5149695335876121,402.6446018151947,141.2532688034747,1.233650760169452,1.355938269720147,4.642440302122006,1.937930840069291,2.442429456877926,15.97058883020076,392.6324882444146,6.27422344537553,317.1076887930445,6222.350939087788,1.161484638569677,1.393980485477349,4.636891601832229,1.888704042504697,2.405867237075991,0.2016490303919163,381.4126532051599,5.197500057399392,306.1153302678584,0.002939784274965295,0.0007652299763252156,0.0008637410732920294,679.912021269418,9.919270991358181e-05,0.04024567720058059,0.1168001997715177,0.08779428279601588,0.06466000824827414,0.4231669833922972,0.03568693852915001,0.08092949091647601,0.1594819634525063,0.2269983480116103,0.5226152185563279,0.1757345422120416,0.1402278384154391,0,0.01872253624543187,1.298040715937886e-06,0.001196823097968445,-4.175000000000004,25.17439175034821,0,0,0,0,25.17439175034821,308.7229458457313,0.04522274853134391,0.5391734111505015,0.05321647614539447,0.05857047037543748,0.2574847667938061,201.3223009075974,70.62663440173733,0.616825380084726,0.6779691348600736,2.321220151061003,0.9689654200346453,1.221214728438963,7.98529441510038,196.3162441222073,3.137111722687765,158.5538443965222,3111.175469543894,0.5807423192848383,0.6969902427386744,2.318445800916114,0.9443520212523483,1.202933618537996,0.1008245151959582,190.70632660258,2.598750028699696,153.0576651339292,0.001469892137482648,0.0003826149881626078,0.0004318705366460147,339.956010634709,4.959635495679091e-05,0.02012283860029029,0.05840009988575885,0.04389714139800794,0.03233000412413707,0.2115834916961486,0.017843469264575,0.04046474545823801,0.07974098172625313,0.1134991740058052,0.2613076092781639,0.08786727110602081,0.07011391920771953,0,0.009361268122715934,6.490203579689431e-07,0.0005984115489842224,1
-4.160000000000004,73.5,43.0627,3.5,20,21,73.5,18290.225,-0.1863403775,36.668125,6.041125,118.2055,0.2035094675,144.0225,109.6660000000105,-4.8676375,-6.306865,-7.5044275,-5.2573725,-3.103727,-181.95,10157.22,19.05938,9531.02,16179.525,-3.721945,-5.1611725,-5.21305,-4.1116825,-1.958035,0.74282325,10302.1775,32.2348575,9675.9425,0.51560575,0.9947254999999999,0.0059521075,19978.1,-0.001534365,1.08816,11.972,9.77572,117.70925,85.813025,0.94500725,11.840125,10.5448,117.571,134.71225,0.1384287075,-48.899075,-228.5714285714288,-0.005706588467246162,-3.956399967656322e-07,-0.0003647890861937553,-4.160000000000004,50.34878350069642,0,0,0,0,50.34878350069642,1281.479770616765,0.2023522461688545,2.309181779151796,11.68164453501732,0.1513153440115492,0.4393664011278866,485.5063255777004,143.7034036270434,1.217028582063023,2.611963252632012,3.102682760766613,2.248341607932018,1.663623963711752,27.98865387974206,716.3497086851735,21.6506140373416,618.28732285241,4616.766832156461,1.316323629925407,2.575740425746547,3.357368874848279,2.1066826453831,1.640564472399668,0.1359327916076544,715.7377208808167,21.90772580364953,621.9461313423104,0.00820364249891475,0.003285512694643997,0.003717885368587678,1299.501984094934,5.925139576415066e-05,0.05466549856475592,0.1290582039236556,0.1147613761971627,0.1010721689355323,0.5182593519014668,0.05018710851320951,0.1241116265034558,0.1481670903630992,0.1895732048576491,0.6858169702381615,0.1216226141695514,0.1778023692193095,0,0.03513366771868959,2.435830840504787e-06,0.002245891501603345,-4.160000000000004,25.17439175034821,0,0,0,0,25.17439175034821,640.7398853083827,0.1011761230844272,1.154590889575898,5.84082226750866,0.0756576720057746,0.2196832005639433,242.7531627888502,71.85170181352169,0.6085142910315117,1.305981626316006,1.551341380383307,1.124170803966009,0.831811981855876,13.99432693987103,358.1748543425867,10.8253070186708,309.143661426205,2308.38341607823,0.6581618149627035,1.287870212873273,1.67868443742414,1.05334132269155,0.8202822361998339,0.06796639580382718,357.8688604404084,10.95386290182477,310.9730656711552,0.004101821249457375,0.001642756347321998,0.001858942684293839,649.750992047467,2.962569788207533e-05,0.02733274928237796,0.06452910196182779,0.05738068809858135,0.05053608446776616,0.2591296759507334,0.02509355425660476,0.06205581325172789,0.07408354518154961,0.09478660242882456,0.3429084851190807,0.06081130708477568,0.08890118460965474,0,0.0175668338593448,1.217915420252394e-06,0.001122945750801673,1
-4.145000000000003,87.5,43.0777,3.5,20,21,87.5,18519.175,-0.1634325525,36.812475,11.84325,118.06175,0.21567575,-301.3032000000001,323.811125,-4.529450000000001,-5.6893025,-8.647784999999999,-1.99463025,-2.00591955,-157.26075,10083.11,21.0625,9798.51,22053.225,-3.53922,-4.699075,-6.66732,-1.00440275,-1.015689,0.60631225,10208.36,32.450125,9923.7875,0.5072615,0.99451725,0.0059041425,20132.15,-0.0015031125,1.07536,12.0146,9.79636,117.56575,86.057,0.95675775,11.88675,10.66295,117.4475,134.90025,0.1179848,-48.8434,-227.7472527472529,-0.00110133604720921,-7.6356056277175e-08,-7.040202260240539e-05,-4.145000000000003,50.34878350069642,0,0,0,0,50.34878350069642,923.0552254153946,0.1735444804652255,1.409613170045836,0.1699892643669009,0.1058690228537117,0.3706573610415015,642.7833285575526,211.6263024359901,1.080071894952677,2.0976498483839,1.925208808856847,1.443361294945557,1.989834038177927,38.64568705884268,342.6991903501768,13.42283996850145,553.3867114414647,15766.87096972108,0.9956210704546853,2.111510305010768,2.038582721860132,1.58943770310035,1.919322882967324,0.1158548459707952,342.2522744993814,14.9308223855609,559.1655186898294,0.007124417847562484,0.002341205868066008,0.002426678070179822,887.2161499131234,0.0001247912148016304,0.04646979449061511,0.1199818597399897,0.1106263859423545,0.1550298358381377,0.6666953177176712,0.0454256927620996,0.2200125072202339,0.06290895537732881,0.106572354138707,0.8218882223271068,0.09694621379847694,0.2022542624190327,0,0.01680025704587575,1.164768351781928e-06,0.001073942943452286,-4.145000000000003,25.17439175034821,0,0,0,0,25.17439175034821,461.5276127076973,0.08677224023261274,0.7048065850229179,0.08499463218345045,0.05293451142685583,0.1853286805207507,321.3916642787763,105.8131512179951,0.5400359474763387,1.04882492419195,0.9626044044284233,0.7216806474727787,0.9949170190889636,19.32284352942134,171.3495951750884,6.711419984250727,276.6933557207324,7883.435484860538,0.4978105352273426,1.055755152505384,1.019291360930066,0.794718851550175,0.9596614414836621,0.05792742298539759,171.1261372496907,7.465411192780452,279.5827593449147,0.003562208923781242,0.001170602934033004,0.001213339035089911,443.6080749565617,6.239560740081522e-05,0.02323489724530756,0.05999092986999486,0.05531319297117723,0.07751491791906887,0.3333476588588356,0.0227128463810498,0.1100062536101169,0.0314544776886644,0.05328617706935352,0.4109441111635534,0.04847310689923847,0.1011271312095164,0,0.008400128522937877,5.823841758909639e-07,0.0005369714717261432,1
-4.130000000000003,108.4,43.0927,3.5,20,21,108.4,17234.42,-0.21743906,34.98312,11.73718,118.0874,0.094350802,-5.314960000000002,282.8543800322,-6.083082,-4.496258,-7.732464,-3.67506224,-2.774595,-166.631,9731.484,7.509044,9044.202000000001,13888.08,-5.033846,-3.447026200000001,-5.633996519999999,-2.625831,-1.725361,0.7098258,9864.212,19.575192,9176.928,0.5178694,0.9965402000000001,0.00388962,19041.16,-0.001606486,1.05839,11.88538,9.691774,117.5456,86.01236,0.9016328,11.78692,10.50002,117.51,134.903,0.0356211662,-48.89064,-226.9230769230771,0.01579197713903964,1.094863913890685e-06,0.00100948945991245,-4.130000000000003,51.08130773580488,0,0,0,0,51.08130773580488,770.0150823198213,0.1821778444956137,1.114988628641563,0.122907575030997,0.1262667810629547,0.1268228358979428,131.97850154496,258.4087793319225,2.155549552984111,1.527171490638822,3.199725249373764,3.393856133532458,2.990451919997545,40.50593627482273,542.8143652575889,8.568367570586593,326.7366031224538,400.1789937015682,2.257622880671172,1.765769399831756,3.669578409886285,3.334567949357158,2.86538634416984,0.1709960647243088,553.8497058498807,9.107711747432504,350.2529094383081,0.01208332244459281,0.001658761797245165,0.001780007791935192,791.2869410018078,6.444224491744524e-05,0.05253008185792223,0.1390642189781396,0.0882746409225206,0.08071740828346537,0.5909305399114194,0.02982164066076848,0.1181044749363883,0.1686203487127225,0.1226804792947872,0.7022741629876247,0.07352639897518756,0.1436517420708865,0,0.02718701413064675,1.884886258130148e-06,0.001737908051014805,-4.130000000000003,22.84425529536912,0,0,0,0,22.84425529536912,344.3612135534433,0.0814724088573156,0.4986380735563609,0.05496593854379301,0.05646822115136999,0.05671689643342012,59.02258020461829,115.5639193137843,0.9639910658683514,0.6829718532736179,1.430960633384441,1.517778604086636,1.337370755311854,18.11480540055565,242.7539639758737,3.83189046880727,146.1210510638354,178.9654866168333,1.009639645747927,0.7896760821225625,1.641085354654264,1.491264122070936,1.281439729472674,0.07647176492170166,247.6891183197192,4.073092517346494,156.6378629642269,0.005403826076031692,0.0007418208274239824,0.0007960436846492784,353.8742779575816,2.881944805161958e-05,0.02349216677958851,0.06219140937460728,0.03947761955842816,0.03609792237788664,0.2642721714445173,0.01333664314361001,0.05281792688093689,0.07540931242227332,0.05486437824307994,0.3140665534564191,0.03288200524985805,0.06424301207135372,0,0.0121584023402747,8.429467606068453e-07,0.0007772161081426553,1
-4.115000000000002,81.5,43.1077,3.5,20,21,81.5,18533.8,-0.11583794,36.85545,5.962175,118.176,0.03658635,35.10719149999999,262.8328122575,-5.3966975,-2.75008674,-9.640215,-5.6772,-2.46433,-165.66175,10337.15,23.042395,9642.06,14559.5,-4.3535625,-1.70696,-7.5539675,-4.6340725,-1.421202,0.6142505,10469.05,35.038375,9774.0125,0.51712525,0.99417875,0.0065803975,20243.1,-0.001562715,1.078105,12.04675,9.9774225,117.63725,86.215825,0.91698675,11.951125,10.887,117.55625,135.142,0.0809589,-48.9261,-226.0989010989012,-0.01389791721148504,-9.635480028323151e-07,-0.0008884131997029454,-4.115000000000002,50.34878350069642,0,0,0,0,50.34878350069642,432.3268208196204,0.1539914466757631,0.655282618417428,11.82720256453317,0.09838360296987478,0.0332743966144642,267.1049946147445,274.6557843313996,1.264117747347269,1.860293348118582,1.190228951910793,0.580965132057567,1.331503495476699,21.42791144551112,275.9476097619493,11.41232868273459,164.3516628046904,546.905299541581,1.181100304218486,1.883276401823871,1.171259984329553,0.597388303890359,1.232772116790447,0.05670176476089612,268.9472996703996,12.80300923881439,150.2934616841329,0.007361879079646268,0.002119739193863224,0.002447577422233054,312.0879470063949,0.0001163607168821734,0.03953099754201334,0.08909416366968151,0.1220598897741051,0.04001145669263149,0.2724361133060942,0.02368925750032421,0.051632894876554,0.08250466653468766,0.119201160508893,0.3650415501464642,0.08638215762011658,0.1769652508262529,0,0.01320191011985534,9.15293560609655e-07,0.0008439215051647388,-4.115000000000002,25.17439175034821,0,0,0,0,25.17439175034821,216.1634104098102,0.07699572333788157,0.327641309208714,5.913601282266585,0.04919180148493739,0.0166371983072321,133.5524973073722,137.3278921656998,0.6320588736736343,0.930146674059291,0.5951144759553967,0.2904825660287835,0.6657517477383493,10.71395572275556,137.9738048809746,5.706164341367296,82.17583140234522,273.4526497707905,0.5905501521092429,0.9416382009119355,0.5856299921647767,0.2986941519451795,0.6163860583952235,0.02835088238044806,134.4736498351998,6.401504619407194,75.14673084206646,0.003680939539823134,0.001059869596931612,0.001223788711116527,156.0439735031975,5.81803584410867e-05,0.01976549877100667,0.04454708183484075,0.06102994488705257,0.02000572834631575,0.1362180566530471,0.01184462875016211,0.025816447438277,0.04125233326734383,0.05960058025444652,0.1825207750732321,0.04319107881005829,0.08848262541312647,0,0.006600955059927671,4.576467803048275e-07,0.0004219607525823694,1
-4.100000000000001,65.5,43.1227,3.5,20,21,65.5,18845.75,-0.1677446,37.3145,11.864925,118.19925,0.212532375,479.852525,275.794475775,-5.332235,-4.7590525,-6.824025,-5.480825,-4.0896325,-195.237,10487.9675,13.1262672,9782.92,27862.925,-4.102875,-3.529697925,-4.3653225,-4.2514675,-2.86028,0.77255275,10643.4875,27.26385,9938.45,0.516984,0.99559825,0.00495105,20581.925,-0.0015733,1.10729,12.06235,9.8577075,117.69575,85.963525,0.9527705,11.922625,10.660075,117.6215,134.767,0.07460707500000001,-48.803425,-225.2747252747254,-0.02246059175536234,-1.55720155754179e-06,-0.001435775295316417,-4.100000000000001,50.34878350069642,0,0,0,0,50.34878350069642,952.5838703232394,0.1834615237901034,1.517598679932657,0.1885572658371987,0.0642773936414127,0.4042324929080489,1033.933011740398,247.9815667889182,2.168284218170364,2.89177043972921,3.194989973959229,1.959700493689448,1.643614456360838,35.4285781914356,589.365949326053,14.23551350493919,397.8592430328427,27020.16897657193,2.179607118274606,2.744761234601149,2.805628598554164,1.740197069594418,1.452425398864488,0.0789329792392466,602.4875909856294,16.19458556689035,414.9631670401604,0.005845575991009526,0.002490369099149816,0.002793120877763797,1001.134101490238,0.0001485714950228789,0.04236410823641489,0.1845722532415592,0.115968941064695,0.0829231571999027,0.3057574024723888,0.03926582742028999,0.1076571525724143,0.09206350616105503,0.02485290056848428,0.3461242551454731,0.06825493884456885,0.1045736223911183,0,0.02957451900155983,2.05041289892922e-06,0.001890527383062733,-4.100000000000001,25.17439175034821,0,0,0,0,25.17439175034821,476.2919351616197,0.0917307618950517,0.7587993399663284,0.09427863291859935,0.03213869682070635,0.2021162464540245,516.9665058701988,123.9907833944591,1.084142109085182,1.445885219864605,1.597494986979615,0.9798502468447239,0.8218072281804191,17.7142890957178,294.6829746630265,7.117756752469596,198.9296215164213,13510.08448828596,1.089803559137303,1.372380617300574,1.402814299277082,0.8700985347972091,0.7262126994322439,0.0394664896196233,301.2437954928147,8.097292783445177,207.4815835200802,0.002922787995504763,0.001245184549574908,0.001396560438881898,500.567050745119,7.428574751143945e-05,0.02118205411820744,0.09228612662077962,0.05798447053234749,0.04146157859995135,0.1528787012361944,0.019632913710145,0.05382857628620716,0.04603175308052752,0.01242645028424214,0.1730621275727365,0.03412746942228442,0.05228681119555915,0,0.01478725950077992,1.02520644946461e-06,0.0009452636915313667,1
-4.090000000000003,66.5,43.1327,3.5,20,21,66.5,18541.55,-0.156123675,36.82645,11.8514,118.259,-0.03165354000000001,407.7940475,366.55263675,-5.2150575,-5.75803,-8.653465,-4.040541,-3.3684475,-182.624,10219.75,21.49511,9719.3625,16462.825,-4.065125,-4.608095,-6.3535875,-2.89060325,-2.2185125,0.68439475,10365.2275,34.71935000000001,9864.8275,0.5126975,0.9942265,0.00638208,20230.05,-0.0015441,1.0808525,12.1168,9.7895675,117.772,85.860825,0.944574,11.87565,10.7217,117.661,134.731,0.110885325,-48.87015,-224.7252747252749,-0.00880154585881316,-6.102145958308138e-07,-0.0005626317526412202,-4.090000000000003,50.34878350069642,0,0,0,0,50.34878350069642,1718.524077030443,0.1476992751411095,2.48387480427926,0.2647237427961451,0.1000433239485139,0.1443771304344092,474.4330490462169,244.8295465320375,1.890550498988324,2.167744770723712,2.365701022649875,3.160496917459447,1.011186973886795,27.61564719502333,705.7254222901903,11.40078346941121,900.8853390369201,3094.461740351624,1.953904271802144,2.198505186173854,2.048575418941579,3.061187659112432,0.9774405159522496,0.09250333122425014,707.8776679330502,11.6246514833779,906.5536334703722,0.006508591936817052,0.001701861823611622,0.001838776851877356,1607.745644269226,0.0002260818763191778,0.05047919001925449,0.1800116662886039,0.1796218335605858,0.1483104851316939,0.5469607260428624,0.06981561832904344,0.2147031206107623,0.1990998911769333,0.09871507821334972,0.6477545831563026,0.06655370221023894,0.1066744736726336,0,0.03474783855185692,2.409081154384275e-06,0.002221227681879245,-4.090000000000003,25.17439175034821,0,0,0,0,25.17439175034821,859.2620385152215,0.07384963757055475,1.24193740213963,0.1323618713980725,0.05002166197425697,0.07218856521720458,237.2165245231085,122.4147732660188,0.9452752494941619,1.083872385361856,1.182850511324938,1.580248458729724,0.5055934869433973,13.80782359751166,352.8627111450951,5.700391734705606,450.44266951846,1547.230870175812,0.9769521359010721,1.099252593086927,1.024287709470789,1.530593829556216,0.4887202579761248,0.04625166561212507,353.9388339665251,5.812325741688949,453.2768167351861,0.003254295968408526,0.0008509309118058108,0.000919388425938678,803.872822134613,0.0001130409381595889,0.02523959500962724,0.09000583314430195,0.0898109167802929,0.07415524256584695,0.2734803630214312,0.03490780916452172,0.1073515603053812,0.09954994558846665,0.04935753910667486,0.3238772915781513,0.03327685110511947,0.05333723683631682,0,0.01737391927592846,1.204540577192138e-06,0.001110613840939622,1
-4.080000000000005,76.5,43.1427,3.5,20,21,76.5,18238.8,-0.089168005,36.2766,5.9445,118.2395,0.09027523000000001,240.413225,262.408275000679,-5.910545000000001,-3.72539675,-8.6945575,-3.83213,-2.61511,-196.53475,10179.685,11.03651975,9418.7025,17441.8,-4.6730175,-2.4878675,-6.219493,-2.5946025,-1.377581,0.7147702499999999,10336.21,25.268075,9575.25,0.5192282500000001,0.995746,0.00484689,19911.475,-0.001477925,1.085895,12.03315,9.7648825,117.76675,86.07045,0.9215735,11.831275,10.675725,117.595,134.866,0.1718482,-48.79555,-224.1758241758245,-0.007377153692123301,-5.114609332079127e-07,-0.0004715786269689073,-4.080000000000005,50.34878350069642,0,0,0,0,50.34878350069642,1168.77845919005,0.169824255588064,1.89622616970304,11.71979281443718,0.1155436425483114,0.2360013273813905,499.2526271424877,275.0945494796786,1.91651732707186,3.109431559079931,5.048626272075569,1.006329584380783,0.676874615321528,37.12389348631599,494.3150785683162,12.10680245682237,571.3587191584045,7597.127438709976,2.106727238576065,3.180140804580566,4.998802552567564,0.964089834623828,0.8227838912642857,0.258387892756059,486.5579448876904,14.61624411111943,560.6291717942139,0.005234349330782832,0.002402300702798607,0.002741611695517802,1032.745933180082,0.000174952933575481,0.05048665995422289,0.04923674102402285,0.1055272856895318,0.167286929156665,0.7552465094259012,0.05150353330597814,0.1612125382840928,0.07792361109873283,0.05687413002997319,0.9771397034201299,0.1294311938121049,0.2383331351980516,0,0.02388383993585711,1.655875907157082e-06,0.001526755292589667,-4.080000000000005,25.17439175034821,0,0,0,0,25.17439175034821,584.389229595025,0.08491212779403202,0.94811308485152,5.859896407218589,0.05777182127415571,0.1180006636906953,249.6263135712439,137.5472747398393,0.95825866353593,1.554715779539966,2.524313136037784,0.5031647921903916,0.338437307660764,18.56194674315799,247.1575392841581,6.053401228411186,285.6793595792022,3798.563719354988,1.053363619288033,1.590070402290283,2.499401276283782,0.482044917311914,0.4113919456321429,0.1291939463780295,243.2789724438452,7.308122055559713,280.314585897107,0.002617174665391416,0.001201150351399304,0.001370805847758901,516.3729665900412,8.747646678774049e-05,0.02524332997711145,0.02461837051201143,0.0527636428447659,0.0836434645783325,0.3776232547129506,0.02575176665298907,0.08060626914204638,0.03896180554936642,0.02843706501498659,0.488569851710065,0.06471559690605247,0.1191665675990258,0,0.01194191996792856,8.279379535785412e-07,0.0007633776462948334,1
-4.07,59.5,43.1527,3.5,20,21,59.5,18533.025,-0.113581825,36.440325,11.935025,118.23,0.171014975,-204.0553,371.10558,-4.51389,-3.4733085,-8.6415225,-5.0763375,-3.9483525,-115.672175,10088.2575,17.1388925,9787.5225,18206.175,-3.785535,-2.744953,-7.1848125,-4.3479825,-3.2199975,0.6540127499999999,10180.375,25.515,9879.647500000001,0.50753775,0.99564925,0.004704795,20060.025,-0.0014626175,1.0598825,12.077625,9.8641125,117.81325,85.682175,0.94807575,11.9966,10.6504,117.5905,134.45325,0.222703,-48.771175,-223.6263736263737,0.0002723734310303128,1.888375585350032e-08,1.741125290167513e-05,-4.07,50.34878350069642,0,0,0,0,50.34878350069642,574.8484807610891,0.1572204277369489,0.7396096870422056,0.2497409641341738,0.1538765739155991,0.3644843165403542,324.8344525953182,246.5339721533165,1.675190618347655,2.256385899922484,2.193471124137494,1.946610583114062,1.684573044490799,69.50554569904835,309.9123067767176,10.8972160242066,355.1986011022577,8458.233174989917,1.624361732055599,2.340419980509766,1.494558756364232,1.794870485195241,1.264646250284376,0.0707122121625159,260.8992573772479,7.914736729670798,326.8236165859702,0.007614158976319481,0.001301819848007644,0.001373821925711868,506.5220191001907,0.0001332212421437862,0.02234290696544796,0.2096775361517451,0.08372722511226581,0.2201020596602079,0.4139362380447781,0.02422276612851364,0.130473854341269,0.06173426925136533,0.1579082011803026,0.4160692049807734,0.06191649310697972,0.05551278381298157,0,0.01280685305430685,8.879041006839998e-07,0.0008186677994239137,-4.07,25.17439175034821,0,0,0,0,25.17439175034821,287.4242403805446,0.07861021386847444,0.3698048435211028,0.1248704820670869,0.07693828695779956,0.1822421582701771,162.4172262976591,123.2669860766583,0.8375953091738277,1.128192949961242,1.096735562068747,0.9733052915570309,0.8422865222453996,34.75277284952418,154.9561533883588,5.448608012103298,177.5993005511288,4229.116587494958,0.8121808660277996,1.170209990254883,0.7472793781821161,0.8974352425976205,0.632323125142188,0.03535610608125795,130.4496286886239,3.957368364835399,163.4118082929851,0.003807079488159741,0.0006509099240038218,0.0006869109628559341,253.2610095500954,6.661062107189312e-05,0.01117145348272398,0.1048387680758726,0.04186361255613291,0.110051029830104,0.2069681190223891,0.01211138306425682,0.06523692717063449,0.03086713462568266,0.07895410059015132,0.2080346024903867,0.03095824655348986,0.02775639190649078,0,0.006403426527153426,4.439520503419999e-07,0.0004093338997119569,1
-4.060000000000002,78.5,43.1627,3.5,20,21,78.5,17892.025,-0.131086125,35.52294999999999,11.80995,118.20275,-0.038861,64.182965,259.8925065,-4.561082499999999,-2.7906425,-9.395389999999999,-3.52548825,-3.31411175,-193.649,10009.3825,15.61787,9240.9025,13814.025,-3.34172625,-1.571289,-6.956675000000001,-2.306134,-2.0947575,0.563351,10163.615,29.640475,9395.157500000001,0.51928675,0.994923,0.0057727175,19558.75,-0.0015001575,1.0600475,11.9845,9.863675,117.697,86.429525,0.88950025,11.960925,10.775975,117.62025,135.36825,0.07655575,-48.938775,-223.0769230769232,0.001095077410136805,7.592214253601483e-08,7.000194425234286e-05,-4.060000000000002,50.34878350069642,0,0,0,0,50.34878350069642,1393.994051577457,0.1491673121092637,2.023353751407134,0.2122694278505508,0.1252474217964945,0.07029324538227932,64.35758373248305,267.2044287523564,3.207403175824902,1.650195880037175,2.805807307543886,2.233668252672925,2.459087619783453,44.31564371641239,843.7431712859467,5.42282326858129,505.2954954199243,1006.450361004787,3.45610890954306,1.724088640523064,2.865589651031704,2.047719287059956,2.350429902469972,0.0446782333953944,855.5986463484687,4.074794426205244,518.5155845536367,0.006908266563810881,0.0005721479995012941,0.0006835901767567563,1373.406804264489,6.476038880622425e-05,0.0645401664985974,0.1988227518838489,0.1790538230998341,0.1287296909548622,0.4300636338574356,0.04417355790798384,0.1303672856458502,0.1597229345877829,0.120602307882839,0.5623933232178264,0.04880337852659383,0.2490673586937228,0,0.04199906986091807,2.911811839824475e-06,0.002684756821608581,-4.060000000000002,25.17439175034821,0,0,0,0,25.17439175034821,696.9970257887284,0.07458365605463185,1.011676875703567,0.1061347139252754,0.06262371089824724,0.03514662269113966,32.17879186624153,133.6022143761782,1.603701587912451,0.8250979400185875,1.402903653771943,1.116834126336463,1.229543809891727,22.15782185820619,421.8715856429733,2.711411634290645,252.6477477099621,503.2251805023935,1.72805445477153,0.8620443202615319,1.432794825515852,1.023859643529978,1.175214951234986,0.0223391166976972,427.7993231742344,2.037397213102622,259.2577922768183,0.00345413328190544,0.000286073999750647,0.0003417950883783782,686.7034021322447,3.238019440311212e-05,0.0322700832492987,0.09941137594192444,0.08952691154991706,0.06436484547743108,0.2150318169287178,0.02208677895399192,0.06518364282292512,0.07986146729389143,0.06030115394141949,0.2811966616089132,0.02440168926329691,0.1245336793468614,0,0.02099953493045903,1.455905919912238e-06,0.001342378410804291,1
-4.050000000000004,94.5,43.1727,3.5,20,21,94.5,17805.95,-0.068062225,35.491275,0.07164999999999955,118.151,-0.9759645,-366.8111,452.59725,-5.1811725,-5.6100625,-7.5095975,-3.8981775,-2.13074425,-162.0705,9898.8125,21.837775,9357.42,51498.075,-4.1606525,-4.58955,-5.4685575,-2.877665,-1.1102314425,0.74736275,10027.9175,33.573725,9486.51,0.513871,0.99423,0.0064205525,19514.45,-0.00156916,1.04459825,12.083825,9.8346575,117.67925,86.00704999999999,0.9042479999999999,11.9016,10.757125,117.541,134.98375,0.138031675,-48.976625,-222.5274725274728,0.007756108030948206,5.377339848301825e-07,0.0004958029788321153,-4.050000000000004,50.34878350069642,0,0,0,0,50.34878350069642,1486.440801601822,0.00906815717602902,2.323304589551988,13.62563527436427,0.1480945643837002,1.642341983138814,690.6235584501203,94.79616689639934,1.183500620063913,1.449804295790182,4.172446711977479,1.950603763032958,1.314960219108896,43.27341364317511,708.524940298505,6.680374783086651,665.9722003707564,74061.21019442297,0.9524978500894374,1.548662603495889,4.648245382395203,2.095612357434775,1.466139377537455,0.2723274011447434,731.4747968488049,8.878277983323493,691.7603975847901,0.00385170377884903,0.001134055554194768,0.001282291208667126,1415.056749156491,8.154394398114422e-05,0.06521976969383336,0.09881539606761651,0.07144411586454619,0.09617128816162744,0.4582459710679383,0.05750200960546215,0.1824950227631794,0.132141221804553,0.112830255989547,0.5233076692220968,0.06078718662313493,0.1331608394636572,0,0.03590615906823397,2.489387966060523e-06,0.00229527239092282,-4.050000000000004,25.17439175034821,0,0,0,0,25.17439175034821,743.2204008009109,0.00453407858801451,1.161652294775994,6.812817637182137,0.0740472821918501,0.8211709915694072,345.3117792250601,47.39808344819967,0.5917503100319566,0.7249021478950912,2.086223355988739,0.9753018815164788,0.6574801095544481,21.63670682158756,354.2624701492525,3.340187391543326,332.9861001853782,37030.60509721148,0.4762489250447187,0.7743313017479447,2.324122691197601,1.047806178717387,0.7330696887687276,0.1361637005723717,365.7373984244024,4.439138991661746,345.880198792395,0.001925851889424515,0.0005670277770973842,0.0006411456043335632,707.5283745782455,4.077197199057211e-05,0.03260988484691668,0.04940769803380825,0.03572205793227309,0.04808564408081372,0.2291229855339691,0.02875100480273107,0.09124751138158972,0.06607061090227648,0.05641512799477352,0.2616538346110484,0.03039359331156746,0.06658041973182859,0,0.01795307953411699,1.244693983030262e-06,0.00114763619546141,1
-4.040000000000006,85.5,43.1827,3.5,20,21,85.5,17512.15,-0.136467675,35.62355,11.634325,118.18175,0.040420425,31.113875,265.7897000000004,-3.5348375,-5.2386825,-6.3714075,-3.501975,-2.329307,-170.6925,9739.035,17.04375,9214.885,13609.625,-2.4600345,-4.16388,-4.2217925,-2.4271725,-1.25450325,0.7201955,9874.9875,29.404,9350.8475,0.51350825,0.994937,0.005683335,19225.875,-0.0015389675,1.05231775,11.879225,9.7553575,117.6725,85.95207500000001,0.910775,11.779525,10.61215,117.5975,134.8095,0.07449320000000001,-48.85735,-221.9780219780223,0.01526303640354668,1.058192247082962e-06,0.0009756773480598772,-4.040000000000006,50.34878350069642,0,0,0,0,50.34878350069642,1191.160998074288,0.1655870900894426,1.796807054193631,0.3041186322802333,0.05596055158174932,0.1200498049492342,74.09372286356314,271.4211299192204,1.34510357557513,0.9169291833569628,3.449535424578939,0.7881652807417153,1.997390613127371,28.64730392782771,660.0850339413348,19.63572637209024,527.8224341891247,1032.093788939099,1.443728046953788,0.8951948096736635,3.130224182028874,0.6416646367781745,2.095384553394018,0.1721354693732042,681.702235357687,21.39396928840773,544.5243610941571,0.006960530505404529,0.00331830026770736,0.003864373013694028,1199.437163492388,6.448302431648182e-05,0.03984812325463612,0.2190436999778811,0.2403013743024928,0.1069033831706619,0.455923834099507,0.03074668624963238,0.1968868096987028,0.2375134873363336,0.0473462423711388,0.7223214889045745,0.09470047241585791,0.2750403909731578,0,0.03346295594239485,2.319999743595755e-06,0.002139092592646483,-4.040000000000006,25.17439175034821,0,0,0,0,25.17439175034821,595.5804990371441,0.08279354504472128,0.8984035270968156,0.1520593161401166,0.02798027579087466,0.06002490247461708,37.04686143178157,135.7105649596102,0.6725517877875651,0.4584645916784814,1.724767712289469,0.3940826403708577,0.9986953065636854,14.32365196391386,330.0425169706674,9.817863186045118,263.9112170945623,516.0468944695497,0.7218640234768942,0.4475974048368317,1.565112091014437,0.3208323183890873,1.047692276697009,0.08606773468660212,340.8511176788435,10.69698464420387,272.2621805470786,0.003480265252702265,0.00165915013385368,0.001932186506847014,599.718581746194,3.224151215824091e-05,0.01992406162731806,0.1095218499889405,0.1201506871512464,0.05345169158533097,0.2279619170497535,0.01537334312481619,0.09844340484935138,0.1187567436681668,0.0236731211855694,0.3611607444522872,0.04735023620792896,0.1375201954865789,0,0.01673147797119742,1.159999871797877e-06,0.001069546296323241,1
-4.030000000000001,75.5,43.1927,3.5,20,21,75.5,18315.375,-0.158134425,36.40975,6.13445,118.20875,0.027583375,-122.17025,23.0345502750009,-4.359493000000001,-4.807875,-8.36801,-3.19780125,-2.643295,-211.983,10052.165,12.18925,9646.7775,14195.425,-3.0246925,-3.47307425,-5.6983975,-1.86299925,-1.308493,0.62973075,10221.0,27.5394775,9815.6275,0.5097395,0.995414,0.005130245,20036.65,-0.0015246175,1.06825075,12.044425,9.802132499999999,117.6445,86.128025,0.93847225,11.94205,10.663975,117.65875,134.9615,-0.014128025,-48.83335,-221.4285714285715,-0.001721800146010234,-1.193730734410725e-07,-0.0001100646919742661,-4.030000000000001,50.34878350069642,0,0,0,0,50.34878350069642,835.8104345484094,0.1360021660035451,1.265917884382708,11.69196959868895,0.1319580109984513,0.05612886149290013,159.4607231271387,45.9965096647252,3.349412191868299,3.227923786176908,2.413885178227553,2.923439688313452,1.206775992538245,55.90743565931101,665.0311921757257,16.56077565021236,203.23405101426,668.8059278794306,3.098757013560706,2.964234801202313,3.003420497448146,2.993329600546675,1.405118727998456,0.1907769147850878,677.1820590259807,18.16750666879447,204.5024412853466,0.01348744879508347,0.002834277685760549,0.003345511350944725,831.3813144400108,0.0001257106498736947,0.05062902963962467,0.2763465019982468,0.1908205585316563,0.1777573252124006,0.6774566130018906,0.03109917321918166,0.1730950124449962,0.1549512261971487,0.1539163733980283,0.7883241718988345,0.08042694374127678,0.1135342092352183,0,0.03324107246659787,2.304616475965624e-06,0.00212490886959688,-4.030000000000001,25.17439175034821,0,0,0,0,25.17439175034821,417.9052172742047,0.06800108300177253,0.6329589421913542,5.845984799344475,0.06597900549922564,0.02806443074645006,79.73036156356937,22.9982548323626,1.674706095934149,1.613961893088454,1.206942589113777,1.461719844156726,0.6033879962691227,27.9537178296555,332.5155960878628,8.28038782510618,101.61702550713,334.4029639397153,1.549378506780353,1.482117400601157,1.501710248724073,1.496664800273337,0.7025593639992282,0.09538845739254391,338.5910295129904,9.083753334397237,102.2512206426733,0.006743724397541736,0.001417138842880274,0.001672755675472363,415.6906572200054,6.285532493684737e-05,0.02531451481981234,0.1381732509991234,0.09541027926582814,0.0888786626062003,0.3387283065009453,0.01554958660959083,0.08654750622249809,0.07747561309857436,0.07695818669901414,0.3941620859494173,0.04021347187063839,0.05676710461760913,0,0.01662053623329894,1.152308237982812e-06,0.00106245443479844,1
-4.020000000000003,68.5,43.2027,3.5,20,21,68.5,17347.975,-0.1679134,34.84385,11.807475,118.309,0.0268533225,75.69918249999999,374.2762225,-5.676055,-4.7135125,-7.28622375,-3.1346675,-4.510355000000001,-189.1935,9729.932499999999,10.119226,9119.19,13982.125,-4.4847565,-3.522215,-4.903625,-1.94336675,-3.31905725,1.089726,9880.635,23.81915,9269.89,0.515995,0.9958547499999999,0.0046648875,19150.525,-0.0016498725,1.03029375,12.060625,9.83332,117.7505,86.05,0.8786562499999999,11.961375,10.7805,117.69,134.84425,0.060700425,-48.79405,-220.8791208791211,0.01498581559674457,1.038972420782875e-06,0.0009579562305537399,-4.020000000000003,50.34878350069642,0,0,0,0,50.34878350069642,745.664913013881,0.1520547755478488,1.340966513377569,0.1691470046044755,0.1380410566944955,0.09963634436089486,215.575788497657,248.3718035367368,3.156035715582656,0.9134903829953547,5.89368139979783,2.980163311155671,2.347995478736419,34.58524408376113,390.3389243016894,12.41687968622863,438.8067234367912,1499.591127329935,3.150952877973423,0.8475333344280135,6.198008449566683,3.129092541257862,2.538079322116808,0.8231997608215559,378.4935806148715,11.65408919149554,414.7212066758421,0.007003218165005794,0.001901055562049691,0.002150890080243913,750.9190030666869,0.0001174937049022911,0.03723489567932208,0.07303001095440172,0.08755069274426147,0.218058860555285,0.6204837628818286,0.03863175259097107,0.1287537539905792,0.06659454432108812,0.09891747402085528,0.7931937026981442,0.1978960939548559,0.1730654693076196,0,0.01857924670871763,1.288106396656313e-06,0.001187663429375006,-4.020000000000003,25.17439175034821,0,0,0,0,25.17439175034821,372.8324565069405,0.07602738777392438,0.6704832566887843,0.08457350230223777,0.06902052834724776,0.04981817218044743,107.7878942488285,124.1859017683684,1.578017857791328,0.4567451914976773,2.946840699898915,1.490081655577836,1.17399773936821,17.29262204188056,195.1694621508447,6.208439843114316,219.4033617183956,749.7955636649674,1.575476438986712,0.4237666672140067,3.099004224783342,1.564546270628931,1.269039661058404,0.4115998804107779,189.2467903074358,5.827044595747772,207.360603337921,0.003501609082502897,0.0009505277810248454,0.001075445040121956,375.4595015333434,5.874685245114554e-05,0.01861744783966104,0.03651500547720086,0.04377534637213074,0.1090294302776425,0.3102418814409143,0.01931587629548553,0.06437687699528959,0.03329727216054406,0.04945873701042764,0.3965968513490721,0.09894804697742797,0.08653273465380978,0,0.009289623354358813,6.440531983281563e-07,0.0005938317146875031,1
-4.010000000000005,77.5,43.2127,3.5,20,21,77.5,16552.325,-0.20682425,33.570375,11.803275,118.32975,0.164409125,-70.25234999999999,127.0543585275,-6.2413425,-5.6073925,-8.3115775,-2.639995775,-3.27809375,-189.37475,9204.0925,10.4382025,8911.58,14366.35,-5.048902500000001,-4.41495,-5.9266925,-1.447555,-2.08565125,0.6834755,9354.9375,24.15127,9062.4225,0.5079635,0.9955255000000001,0.00488319,18417.35,-0.0016551275,0.98091225,12.0243,9.800307499999999,117.82425,86.1204,0.87310325,11.846675,10.6675,117.691,134.98125,0.133302275,-48.86105,-220.3296703296706,0.04079091255714543,2.828049824304956e-06,0.00260752633594256,-4.010000000000005,50.34878350069642,0,0,0,0,50.34878350069642,446.6261551902223,0.04890454763022216,0.8567224185814194,0.1942707625111576,0.09166015128360769,0.1862394318976762,212.7930438793289,248.6592203483048,2.568738653832201,1.075302253364916,0.7709808161199606,1.834238804870675,1.853179124196107,48.026840623239,266.2620109810392,12.72546854738265,304.9304197135255,2366.331656805529,2.446482332211905,0.8063085998549192,1.271526369929071,1.815282297045467,1.704829674749431,0.08300603726035033,291.5249530057408,11.55747896885822,313.7914685875529,0.007017958511324115,0.002136247878875494,0.002360191401207396,549.0551793763551,8.753373878111245e-05,0.03788701695282084,0.2017305463566032,0.2415872484735072,0.1399389747949655,0.1918818560121544,0.03408993613345927,0.1951200378399577,0.1904922220634396,0.1230988762472414,0.3765247889139108,0.1569610348930667,0.194920094739701,0,0.01431018728201954,9.921308470848898e-07,0.0009147672329679181,-4.010000000000005,25.17439175034821,0,0,0,0,25.17439175034821,223.3130775951111,0.02445227381511108,0.4283612092907097,0.09713538125557881,0.04583007564180384,0.09311971594883811,106.3965219396644,124.3296101741524,1.2843693269161,0.537651126682458,0.3854904080599803,0.9171194024353375,0.9265895620980535,24.0134203116195,133.1310054905196,6.362734273691323,152.4652098567628,1183.165828402764,1.223241166105952,0.4031542999274596,0.6357631849645354,0.9076411485227335,0.8524148373747154,0.04150301863017516,145.7624765028704,5.778739484429108,156.8957342937765,0.003508979255662058,0.001068123939437747,0.001180095700603698,274.5275896881776,4.376686939055622e-05,0.01894350847641042,0.1008652731783016,0.1207936242367536,0.06996948739748274,0.09594092800607719,0.01704496806672963,0.09756001891997884,0.09524611103171979,0.06154943812362072,0.1882623944569554,0.07848051744653335,0.09746004736985052,0,0.007155093641009768,4.960654235424449e-07,0.0004573836164839591,1
-4.0,60.5,43.2227,3.5,20,21,60.5,16591.05,-0.0753122525,33.0841,11.836525,118.17575,-0.01183977,28.28532,258.2181000000003,-5.1821275,-4.8855925,-9.370685,-5.0580075,-4.7172475,-157.30275,9168.91,19.547175,8848.3625,12764.55,-4.19163,-3.8951025,-7.3896925,-4.06751525,-3.7267525,0.7008639999999999,9294.2075,30.937825,8973.66,0.508769,0.9942139999999999,0.00630619,18267.875,-0.00152772,0.96059825,12.116775,9.890730000000001,117.65625,85.636425,0.8591785,11.906525,10.693575,117.578,134.643,0.07801417499999999,-49.00655,-219.7802197802198,0.0437719872976666,3.034728894903343e-06,0.002798089145353414,-4.0,50.34878350069642,0,0,0,0,50.34878350069642,593.261125756048,0.1714030240251681,1.20272582356357,0.1125999814979262,0.1651350457453907,0.04320221613827775,56.26989642685628,276.4520367888551,0.7874697453394636,1.744722025870692,4.340706893164599,2.369397475229726,1.536248040614427,34.611260974573,351.5656335119612,4.672604794169951,339.7824361141512,551.922074813706,0.7088396778303729,1.620744794250984,4.347333312222371,2.578702693378381,1.691753552804013,0.1367026103213346,326.5698135034325,2.205183971728133,313.4250567520095,0.006314979651590324,0.0002265009197921369,0.0002869333112995655,595.3217806363216,0.0001430764837420882,0.02766022250302166,0.08748639418027564,0.07091565741545887,0.1806107693356001,0.5829067070867088,0.03435762050841128,0.1160247495149206,0.1445937383383756,0.1910968340920359,0.7106677610998535,0.08019832848409311,0.1534423778925963,0,0.0160304466005566,1.111397094358279e-06,0.001024733428783026,-4.0,25.17439175034821,0,0,0,0,25.17439175034821,296.630562878024,0.08570151201258407,0.6013629117817849,0.05629999074896312,0.08256752287269535,0.02160110806913888,28.13494821342814,138.2260183944275,0.3937348726697318,0.8723610129353462,2.1703534465823,1.184698737614863,0.7681240203072135,17.3056304872865,175.7828167559806,2.336302397084975,169.8912180570756,275.961037406853,0.3544198389151865,0.8103723971254922,2.173666656111186,1.28935134668919,0.8458767764020064,0.06835130516066731,163.2849067517162,1.102591985864067,156.7125283760047,0.003157489825795162,0.0001132504598960685,0.0001434666556497828,297.6608903181608,7.15382418710441e-05,0.01383011125151083,0.04374319709013782,0.03545782870772943,0.09030538466780007,0.2914533535433544,0.01717881025420564,0.0580123747574603,0.0722968691691878,0.09554841704601794,0.3553338805499268,0.04009916424204656,0.07672118894629817,0,0.0080152233002783,5.556985471791397e-07,0.0005123667143915131,1
-3.990000000000002,61.5,43.2327,3.5,20,21,61.5,15641.225,-0.19001555,31.8486,11.832125,118.22275,0.0780674685,107.0944025,324.9255001145555,-6.074170000000001,-6.125272499999999,-9.085967499999999,-4.9329125,-4.9867575,-157.347,8755.7825,14.6931,8486.1675,13345.55,-5.0834,-5.1345,-7.104435,-3.94214275,-3.9959825,0.7150395,8881.115,26.086975,8611.4975,0.5078765000000001,0.99483625,0.005587165,17492.625,-0.001704475,0.92417075,12.041525,9.896145,117.69175,85.73457499999999,0.8246752500000001,11.9011,10.712175,117.60225,134.40325,0.08948295,-48.66885,-219.2307692307693,0.06404960325763293,4.44058389195858e-06,0.004094319465566715,-3.990000000000002,50.34878350069642,0,0,0,0,50.34878350069642,1187.215524873222,0.2161788317485548,2.124391301055435,0.2725112153655334,0.02214158982548834,0.2207012473307524,145.6758003851499,236.3013374946095,1.412922487258236,2.585226342797023,3.028163144012939,2.171976778227229,1.435581421222194,33.73275301542997,620.0335086845436,5.238012667033174,709.111448098957,2530.111920449371,1.611404181348263,2.626720101279667,2.926831995275211,2.158240771272655,1.2879742580858,0.1291276560268945,596.4288562491491,5.965729420825253,692.9557347755583,0.01029236394938826,0.001355093446962245,0.001411300690202717,1237.187836385406,0.0001216165310857589,0.05056840179647764,0.1279008567862878,0.1526012548004329,0.08391017022189637,0.7519413779233982,0.06408550724032695,0.245994634087819,0.1489249783168245,0.1006789451673006,1.076798456846336,0.1780162008047114,0.3254730352374351,0,0.02927711177148504,2.029793540056536e-06,0.001871515864655703,-3.990000000000002,25.17439175034821,0,0,0,0,25.17439175034821,593.6077624366108,0.1080894158742774,1.062195650527717,0.1362556076827667,0.01107079491274417,0.1103506236653762,72.83790019257493,118.1506687473047,0.706461243629118,1.292613171398511,1.51408157200647,1.085988389113614,0.7177907106110968,16.86637650771499,310.0167543422718,2.619006333516587,354.5557240494785,1265.055960224685,0.8057020906741316,1.313360050639834,1.463415997637605,1.079120385636327,0.6439871290429,0.06456382801344727,298.2144281245746,2.982864710412627,346.4778673877792,0.005146181974694131,0.0006775467234811225,0.0007056503451013583,618.593918192703,6.080826554287943e-05,0.02528420089823882,0.06395042839314391,0.07630062740021647,0.04195508511094818,0.3759706889616991,0.03204275362016348,0.1229973170439095,0.07446248915841223,0.05033947258365029,0.5383992284231679,0.0890081004023557,0.1627365176187175,0,0.01463855588574252,1.014896770028268e-06,0.0009357579323278516,1
-3.980000000000004,93.5,43.2427,3.5,20,21,93.5,15822.0,-0.161198875,31.81075,11.916625,118.17975,0.08173675,-232.69375,173.875757915475,-5.607035,-6.9111125,-7.9835325,-3.33192125,-4.1813775,-176.907,8778.2425,14.7193175,8551.6525,16266.675,-4.4931025,-5.79717225,-5.755667499999999,-2.21798675,-3.0674395,0.75362325,8919.155,27.529575,8692.565,0.506413,0.9946895,0.005734482500000001,17611.7,-0.0016175375,0.93395775,12.085375,9.772852499999999,117.68975,85.9805,0.8270055,12.006425,10.680325,117.5195,134.90625,0.17018325,-48.925725,-218.6813186813189,0.06218232047927913,4.311124451063427e-06,0.003974954913121648,-3.980000000000004,50.34878350069642,0,0,0,0,50.34878350069642,843.6964738577486,0.1512595919693332,1.421150957264334,0.1553121668339814,0.1886608509115361,0.3669141499364441,548.7716580882404,236.0909907962928,2.109704272554174,3.944489327043278,3.360867359490949,2.309246292741332,2.313640203667156,41.35192434861204,442.2069361264406,8.754632519096676,407.5538281319419,3166.536347888651,2.287354636013329,3.850045878919745,3.75500862691752,2.376109963976607,2.257781926794747,0.1327651763914393,457.408644612962,10.14426782748924,427.0271328225717,0.001946936910465618,0.001698938590218462,0.001849019256477607,881.85983013175,3.556972530584591e-05,0.04165208384042744,0.08467244238830024,0.1152604174250641,0.1458546651065169,0.387985618290164,0.03953728522546788,0.2005211106924492,0.1154739039783455,0.1837634348830028,0.4296637250998326,0.0534323462793528,0.05273527440590901,0,0.02245297804300575,1.556673695904416e-06,0.001435288594866745,-3.980000000000004,25.17439175034821,0,0,0,0,25.17439175034821,421.8482369288743,0.0756297959846666,0.710575478632167,0.0776560834169907,0.09433042545576807,0.183457074968222,274.3858290441202,118.0454953981464,1.054852136277087,1.972244663521639,1.680433679745474,1.154623146370666,1.156820101833578,20.67596217430602,221.1034680632203,4.377316259548338,203.7769140659709,1583.268173944326,1.143677318006664,1.925022939459873,1.87750431345876,1.188054981988304,1.128890963397373,0.06638258819571967,228.704322306481,5.072133913744622,213.5135664112858,0.0009734684552328089,0.0008494692951092308,0.0009245096282388033,440.929915065875,1.778486265292296e-05,0.02082604192021372,0.04233622119415012,0.05763020871253206,0.07292733255325844,0.193992809145082,0.01976864261273394,0.1002605553462246,0.05773695198917274,0.0918817174415014,0.2148318625499163,0.0267161731396764,0.0263676372029545,0,0.01122648902150287,7.783368479522081e-07,0.0007176442974333726,1
-3.970000000000006,89.5,43.2527,3.5,20,21,89.5,16189.125,-0.1947149825,32.828875,11.739225,118.20725,-0.09398392500000001,-23.1696075,167.11151905,-5.0945,-5.9527025,-7.5831775,-1.52686575,-2.89347,-165.158,8895.915,7.529658250000001,8692.45,13145.025,-4.0545425,-4.9127475,-5.503270000000001,-0.48690775,-1.853512,0.6743355,9027.467499999999,19.489125,8824.005,0.505804,0.9962265,0.0040078675,17851.45,-0.00152545,0.95563425,11.963475,9.7876725,117.68025,86.227475,0.8552785,11.764675,10.700425,117.57,135.02625,0.1103322125,-48.7987,-218.1318681318685,0.05686554692695407,3.942510473882664e-06,0.003635084432398559,-3.970000000000006,50.34878350069642,0,0,0,0,50.34878350069642,648.1856697737147,0.1512578198717934,0.6862437437480446,0.2031181655260472,0.1424578885144674,0.4018741220174412,53.98147252050675,234.9969967068719,1.403407950597402,2.738626329438112,2.622148692635806,2.600874550268092,2.37996966309797,37.76790347195177,247.858604113985,10.36385032903481,414.5444577686056,1064.628606212827,1.462995517682242,2.547378203413266,2.280678106484999,2.797522604145839,2.235423738645241,0.06715348830105554,252.0488447867465,7.65087330630737,386.5766777324601,0.01339813900012486,0.001531630612560736,0.00138340953195056,443.4190230470488,0.0001218791428697571,0.01471185509206776,0.2070257049257418,0.1225263058489894,0.1689267592775085,0.4503315917188124,0.03956845580762541,0.1010167106637967,0.07916494910417564,0.08860774984917466,0.5249580141941383,0.08833749914191193,0.123888363725839,0,0.01237240975747272,8.577839780326366e-07,0.0007908963604696685,-3.970000000000006,25.17439175034821,0,0,0,0,25.17439175034821,324.0928348868574,0.07562890993589669,0.3431218718740223,0.1015590827630236,0.07122894425723372,0.2009370610087206,26.99073626025337,117.4984983534359,0.7017039752987011,1.369313164719056,1.311074346317903,1.300437275134046,1.189984831548985,18.88395173597588,123.9293020569925,5.181925164517405,207.2722288843028,532.3143031064136,0.7314977588411212,1.273689101706633,1.1403390532425,1.398761302072919,1.11771186932262,0.03357674415052777,126.0244223933732,3.825436653153685,193.28833886623,0.006699069500062429,0.000765815306280368,0.00069170476597528,221.7095115235244,6.093957143487854e-05,0.007355927546033879,0.1035128524628709,0.06126315292449471,0.08446337963875425,0.2251657958594062,0.0197842279038127,0.05050835533189834,0.03958247455208782,0.04430387492458733,0.2624790070970692,0.04416874957095596,0.06194418186291951,0,0.006186204878736358,4.288919890163183e-07,0.0003954481802348342,1
-3.960000000000001,92.5,43.2627,3.5,20,21,92.5,16739.075,-0.08240135,33.616175,-0.0803250000000002,118.237,-0.1611434075,358.591175,277.644475,-6.9556425,-7.3256225,-9.96554,-3.47063,-3.1037325,-236.5345,9444.255,16.2379025,8843.3225,23694.85,-5.4662475,-5.836232499999999,-6.98673,-1.981236975,-1.6143385,0.686191,9632.69,33.36595,9031.73,0.51572,0.99403175,0.00673262,18664.4,-0.0016243825,1.00043075,12.05125,9.8244225,117.73625,86.060525,0.8659065,11.82395,10.685525,117.6155,134.8735,0.12055445,-48.812875,-217.5824175824176,0.02715677849051254,1.882790009446093e-06,0.001735975261994123,-3.960000000000001,50.34878350069642,0,0,0,0,50.34878350069642,1385.105876518711,0.07874791287873391,2.399732995390667,13.61346542321854,0.2356819891294152,0.4539271098954555,809.8278876142856,259.4081251492247,0.6692109180906021,2.516511905003631,3.824382248790864,2.449660266050512,1.189866900073982,51.80094317352405,805.6162821302291,7.662734797491797,549.0408999564611,21607.0905586569,0.7396744765717322,2.470354951842279,3.484462247970744,2.590503085123094,1.083947487778967,0.07327539494718995,838.044294851611,11.2459526534364,571.8571109988927,0.01061228995080704,0.001749745386239594,0.002196061950735149,1376.599242093841,0.0001800965987787294,0.0896981034484565,0.09479235201217437,0.08168140236104406,0.2336284443298812,0.3675061847552172,0.06480546578028737,0.04113891102107616,0.1844977393718775,0.287713399062331,0.4650351241214685,0.09300206932642234,0.1098335824478721,0,0.041137373272189,2.852070080359167e-06,0.002629673558993283,-3.960000000000001,25.17439175034821,0,0,0,0,25.17439175034821,692.5529382593555,0.03937395643936695,1.199866497695333,6.806732711609269,0.1178409945647076,0.2269635549477277,404.9139438071428,129.7040625746124,0.334605459045301,1.258255952501816,1.912191124395432,1.224830133025256,0.5949334500369908,25.90047158676203,402.8081410651146,3.831367398745899,274.5204499782305,10803.54527932845,0.3698372382858661,1.235177475921139,1.742231123985372,1.295251542561547,0.5419737438894834,0.03663769747359497,419.0221474258055,5.622976326718202,285.9285554994464,0.005306144975403519,0.0008748726931197969,0.001098030975367574,688.2996210469205,9.004829938936472e-05,0.04484905172422825,0.04739617600608718,0.04084070118052203,0.1168142221649406,0.1837530923776086,0.03240273289014368,0.02056945551053808,0.09224886968593875,0.1438566995311655,0.2325175620607342,0.04650103466321117,0.05491679122393604,0,0.0205686866360945,1.426035040179583e-06,0.001314836779496641,1
-3.950000000000003,62.5,43.2727,3.5,20,21,62.5,17980.65,-0.22658245,36.1356,11.8333,118.277,-0.01945970000000001,31.35121999999999,301.106555325,-4.8656975,-5.7551375,-9.364654999999999,-4.9534175,-4.075355,-211.0795,10048.325,20.63521,9478.7575,17694.8,-3.53658725,-4.4260275,-6.706443,-3.62430525,-2.7462425,0.7372935,10216.4725,35.92,9646.8925,0.5144735,0.99387475,0.0068188225,19863.35,-0.0016603125,1.06396675,12.041125,9.8473125,117.71075,85.77195,0.92832775,11.88625,10.634825,117.68925,134.508,0.021485775,-48.736025,-217.0329670329672,-0.001499557170747451,-1.039648815732291e-07,-9.585798820993887e-05,-3.950000000000003,50.34878350069642,0,0,0,0,50.34878350069642,1044.110190545042,0.1507783800338431,2.070649194495936,0.09583871868926487,0.05125101625009153,0.6920922652226942,232.9353987250119,241.4617061231627,1.880254906643866,0.9377638089048154,5.067331592232082,2.447766011779925,0.8284521018743328,53.76105716036469,512.0026628511482,11.15441977832405,616.0377393404287,4275.860753891158,2.002219528642381,1.011267283375172,5.738760722157934,2.698590291305861,1.115268761282081,0.1548292520908114,511.2659063784719,11.92534807234852,612.2666501002637,0.004028558509773225,0.002090082833286786,0.002307901405582931,1118.885631629374,0.0001138843490490828,0.06148527381075346,0.1686255096359976,0.1613939041341601,0.05024854890110397,0.3386462707112913,0.06000542479573549,0.08345987059659418,0.2561343966878847,0.1332275622134306,0.4670417540220717,0.1635087428184882,0.14591292780285,0,0.02509668827917894,1.739963154272102e-06,0.001604285649192635,-3.950000000000003,25.17439175034821,0,0,0,0,25.17439175034821,522.0550952725208,0.07538919001692153,1.035324597247968,0.04791935934463244,0.02562550812504577,0.3460461326113471,116.4676993625059,120.7308530615814,0.9401274533219329,0.4688819044524077,2.533665796116041,1.223883005889963,0.4142260509371664,26.88052858018234,256.0013314255741,5.577209889162024,308.0188696702144,2137.930376945579,1.00110976432119,0.505633641687586,2.869380361078967,1.349295145652931,0.5576343806410403,0.07741462604540568,255.6329531892359,5.962674036174262,306.1333250501319,0.002014279254886613,0.001045041416643393,0.001153950702791465,559.4428158146872,5.694217452454142e-05,0.03074263690537673,0.08431275481799881,0.08069695206708005,0.02512427445055199,0.1693231353556457,0.03000271239786775,0.04172993529829709,0.1280671983439424,0.06661378110671531,0.2335208770110359,0.08175437140924409,0.07295646390142502,0,0.01254834413958947,8.69981577136051e-07,0.0008021428245963175,1
-3.940000000000005,91.5,43.2827,3.5,20,21,91.5,17813.775,-0.12029635,35.63295,5.7188,118.1925,0.1608554225,51.284115,375.0000000231835,-5.661875,-6.8236125,-8.0531975,-2.12181145,-4.366922499999999,-153.20975,9875.77,14.80482325,9387.4125,14606.4,-4.697150000000001,-5.8588925,-6.12376,-1.157092,-3.4022025,0.706072,9997.8,25.899125,9509.445,0.513089,0.99565125,0.0047984875,19507.25,-0.0015780575,1.04326475,12.021875,9.8699275,117.66925,86.276475,0.9068815,11.90465,10.735025,117.582,135.098,0.0872236,-48.82175,-216.4835164835168,0.009234496282185577,6.40231216984749e-07,0.0005903077608579892,-3.940000000000005,50.34878350069642,0,0,0,0,50.34878350069642,1977.033608507116,0.09069911289950232,2.816536651634416,11.94072714340853,0.09869988179661894,0.1916321470921446,127.9729256280076,249.9999999536331,2.450995118810589,3.170714981423748,3.167357591982892,2.66361119802129,0.96090909533195,32.11628217768468,862.756864746185,18.86063644911969,1091.138847057667,2356.668432342572,2.489212683051946,3.088115255765508,2.769410946404788,2.540557839987641,1.001635647474503,0.1267805121906885,854.5627218642286,18.64902466196289,1076.092201641353,0.01127992573852627,0.002707404830583424,0.002950546724302408,1907.677445656541,8.097017367524906e-05,0.04153429783825257,0.3011373260933735,0.2099144770892834,0.1550319859469894,0.4551245351549411,0.06722136164692485,0.3184465365907861,0.2103102529597644,0.1234692944284819,0.3867755593795271,0.0870571201312487,0.07632371846287159,0,0.0419482190736127,2.908286334973285e-06,0.002681506225856,-3.940000000000005,25.17439175034821,0,0,0,0,25.17439175034821,988.516804253558,0.04534955644975116,1.408268325817208,5.970363571704267,0.04934994089830947,0.09581607354607231,63.9864628140038,124.9999999768166,1.225497559405294,1.585357490711874,1.583678795991446,1.331805599010645,0.480454547665975,16.05814108884234,431.3784323730925,9.430318224559846,545.5694235288335,1178.334216171286,1.244606341525973,1.544057627882754,1.384705473202394,1.27027891999382,0.5008178237372515,0.06339025609534427,427.2813609321143,9.324512330981443,538.0461008206765,0.005639962869263136,0.001353702415291712,0.001475273362151204,953.8387228282704,4.048508683762453e-05,0.02076714891912628,0.1505686630466868,0.1049572385446417,0.07751599297349472,0.2275622675774705,0.03361068082346243,0.1592232682953931,0.1051551264798822,0.06173464721424096,0.1933877796897636,0.04352856006562435,0.03816185923143579,0,0.02097410953680635,1.454143167486642e-06,0.001340753112928,1
-3.93,80.5,43.2927,3.5,20,21,80.5,17779.375,-0.32037375,35.73995,5.9006,118.142,0.1983758,237.287275,273.083325,-4.880445,-3.96782,-9.339655,-4.2417625,-5.130975,-194.63125,9842.345,13.31779,9292.5975,14785.4,-3.654905,-2.7422775,-6.88859175,-3.01622,-3.905435,0.7140694999999999,9997.3925,27.411475,9447.615,0.514142,0.9952095000000001,0.00530428,19445.0,-0.001463005,1.0643275,11.94945,9.702517499999999,117.64025,85.881225,0.92276375,11.798225,10.529175,117.5485,134.71675,0.09152697500000001,-48.835525,-215.9340659340659,0.009254499377142981,6.416180393339816e-07,0.000591586442643515,-3.93,50.34878350069642,0,0,0,0,50.34878350069642,1131.324787951424,0.03691175766947438,1.580959245732373,11.8227988598301,0.1515959542116256,0.2805964161800955,535.3017202439846,209.3531669093062,1.39127021311462,1.510512247440141,5.720837769007264,1.09649644223089,2.11048704442837,32.92218197887253,551.9378110801977,7.169966469126615,536.673491325654,1280.386452078694,1.397266514079067,1.651082069601125,6.040395217430086,1.020962550113046,2.18184489843649,0.1980216567238711,526.4147986379172,6.981620742289476,515.3688746584011,0.007541478767456686,0.001244516104087553,0.001241450948876623,998.3727193121158,0.000145516816553964,0.03748124719998881,0.203880185403094,0.08319646241477677,0.1655986614277581,0.290359310452869,0.03436577431471611,0.1810061578142217,0.1256488857889313,0.1935191635644111,0.4222064068675509,0.1044597126652623,0.1441873867576487,0,0.02584030724939982,1.791518546545733e-06,0.00165182089484425,-3.93,25.17439175034821,0,0,0,0,25.17439175034821,565.6623939757119,0.01845587883473719,0.7904796228661863,5.911399429915052,0.07579797710581278,0.1402982080900477,267.6508601219923,104.6765834546531,0.69563510655731,0.7552561237200706,2.860418884503632,0.5482482211154451,1.055243522214185,16.46109098943626,275.9689055400988,3.584983234563308,268.336745662827,640.1932260393472,0.6986332570395333,0.8255410348005624,3.020197608715043,0.5104812750565229,1.090922449218245,0.09901082836193557,263.2073993189586,3.490810371144738,257.6844373292005,0.003770739383728343,0.0006222580520437764,0.0006207254744383113,499.1863596560579,7.275840827698198e-05,0.0187406235999944,0.101940092701547,0.04159823120738838,0.08279933071387907,0.1451796552264345,0.01718288715735805,0.09050307890711085,0.06282444289446565,0.09675958178220556,0.2111032034337754,0.05222985633263116,0.07209369337882435,0,0.01292015362469991,8.957592732728663e-07,0.0008259104474221248,1
-3.920000000000002,95.5,43.3027,3.5,20,21,95.5,16898.45,-0.247471,34.7977,11.6013,118.29575,-0.1382240325,-476.8600749999999,291.7102500000702,-3.555698025,-4.9750575,-11.0538325,-2.59304625,-2.512805,-191.093,9522.3675,12.4906225,8897.0075,22665.775,-2.35243675,-3.771795,-8.6473,-1.3897825,-1.309538,0.50444025,9674.5825,26.32815,9049.2225,0.51665975,0.995295,0.005324295,18723.8,-0.0015979475,1.0487475,11.74585,9.693,117.76425,86.044975,0.8939145,11.681725,10.5203,117.73825,134.85,0.0257891,-48.804875,-215.3846153846155,0.02510038669786833,1.74021956707753e-06,0.001604522067638052,-3.920000000000002,50.34878350069642,0,0,0,0,50.34878350069642,447.8752021117788,0.1271175020548574,0.7106818275430999,0.06039790283334874,0.06744071470558381,0.3543711236389202,1301.983898007968,241.315005681085,2.771428952031593,0.5898763214084233,1.778092664652679,2.266394537752915,1.657716668925463,73.9513521670384,280.067619617716,9.261469110173161,202.2581743506711,8398.528360522456,2.487491701475387,0.8523849548766095,1.830693958111695,2.167725010640956,1.338978384775497,0.1013979720815461,296.6902278331168,12.73257064866845,211.2048663225668,0.005769582040032533,0.002200149237362449,0.00259827657006845,464.8904458758711,7.12886477054143e-05,0.01659750056484398,0.08167743466425326,0.0979100941340237,0.0429912781852323,0.6839196608520671,0.0214779136556603,0.08552299398407441,0.01903523049505825,0.09188171744149816,0.8305006522172869,0.06459622766916553,0.1565278542837216,0,0.01456373693319256,1.009709542963486e-06,0.0009309751908550209,-3.920000000000002,25.17439175034821,0,0,0,0,25.17439175034821,223.9376010558894,0.06355875102742868,0.35534091377155,0.03019895141667437,0.03372035735279191,0.1771855618194601,650.9919490039839,120.6575028405425,1.385714476015796,0.2949381607042116,0.8890463323263397,1.133197268876458,0.8288583344627314,36.9756760835192,140.033809808858,4.630734555086581,101.1290871753356,4199.264180261228,1.243745850737694,0.4261924774383047,0.9153469790558476,1.083862505320478,0.6694891923877487,0.05069898604077305,148.3451139165584,6.366285324334226,105.6024331612834,0.002884791020016267,0.001100074618681224,0.001299138285034225,232.4452229379356,3.564432385270715e-05,0.008298750282421991,0.04083871733212663,0.04895504706701185,0.02149563909261615,0.3419598304260336,0.01073895682783015,0.04276149699203721,0.009517615247529124,0.04594085872074908,0.4152503261086434,0.03229811383458277,0.0782639271418608,0,0.007281868466596278,5.048547714817428e-07,0.0004654875954275105,1
-3.910000000000004,78.0,43.3127,3.5,20,21,78.0,17693.13333333333,-0.2305499333333333,35.8436,3.920666666666667,118.329,0.1970802333333333,-44.72443333333334,290.8191333333334,-5.678693333333332,-4.02039,-9.695166666666667,-4.667736666666666,-2.369806666666667,-150.3893333333333,9918.943333333335,2.43728,9226.106666666667,15345.7,-4.731733333333334,-3.073426666666666,-7.801263333333334,-3.720773333333333,-1.422845,0.6240813333333334,10038.75333333333,13.32735866666667,9345.896666666667,0.5177726666666667,0.9976693333333332,0.0026356201,19384.63333333333,-0.00156717,1.080243333333333,11.87903333333333,9.694056666666667,117.8113333333333,86.09806666666667,0.918573,11.83726666666667,10.50486666666667,117.7763333333333,135.0023333333333,0.03493726666666667,-48.90450000000001,-214.835164835165,0.007224205692030088,5.008569889057244e-07,0.0004618015488583335,-3.910000000000004,39.0,0,0,0,0,39.0,322.3101353251756,0.2157661887933634,0.8411440126399277,13.54196551551263,0.0884759854423717,0.2085181410809701,257.3703572347898,230.6054077844952,2.016908932409526,0.7398370698336223,2.227551755478048,2.268991155124527,0.5609200406772192,31.85188425090945,333.9769821908891,12.7617734757047,125.3603814342201,2045.267759976673,2.01523570969585,0.5519044288038766,2.305723164656446,2.468860898882991,0.6540980550536746,0.02403607208620688,357.9944141091219,12.65350335852981,114.9504420754152,0.00953988754301289,0.002175500019152649,0.002513770852150416,375.4199293235948,0.0001296669437443485,0.03654257015226665,0.1327387408910197,0.01730529495077622,0.1233058527943163,0.2881874794874565,0.02342577998701427,0.01827822019052438,0.1948434328719681,0.1230054199347941,0.228600816563156,0.08033328511185966,0.0664738294368542,0,0.01757299695617305,1.218342710151287e-06,0.001123339721818333,-3.910000000000004,22.51666049839541,0,0,0,0,22.51666049839541,186.0858433925348,0.124572667181868,0.4856347221249042,7.818457435737848,0.05108163401197072,0.1203880048840184,148.592845030936,133.1400942609617,1.164462915057601,0.4271451314249058,1.286077605659074,1.310002654200026,0.3238473364788484,18.38969394645937,192.8217005710487,7.368013351535136,72.37684996676116,1180.835891787395,1.163496879473445,0.3186421705368648,1.331209889791155,1.425397504561836,0.3776436881616497,0.01387723268923279,206.6881713542839,7.305503570239022,66.36666867570746,0.00550785664099725,0.001256025521679818,0.001451326278170078,216.7487972541278,7.486324487579566e-05,0.02109786271429194,0.07663674778532223,0.009991216698236521,0.0711906673034549,0.1663851188591628,0.01352488038147964,0.01055293534730651,0.1124929084184615,0.07101721231113635,0.1319827429797064,0.04638044378421913,0.03837868331943305,0,0.01014577452311499,7.03410491671064e-07,0.0006485604907832139,1
-3.900000000000006,64.5,43.3227,3.5,20,21,64.5,18109.85,-0.31262525,36.20025,11.89305,118.13025,-0.387755,419.242,248.054848605,-4.49306,-4.3716475,-5.926557499999999,-2.964662,-3.9867675,-197.29325,10041.955,23.1288,9481.2775,28811.35,-3.25076,-3.1293455,-3.4419525,-1.7223575,-2.7444625,0.770983,10199.125,37.4153,9638.425,0.51419025,0.9936240000000001,0.0071067275,19837.575,-0.001519595,1.055795,12.0024,9.922185,117.606,85.909575,0.9180502500000001,11.9194,10.722675,117.5775,134.67025,0.028462575,-48.76095,-214.2857142857146,-0.0006480143737575984,-4.492708843630023e-08,-4.14237985795263e-05,-3.900000000000006,50.34878350069642,0,0,0,0,50.34878350069642,370.7069147812965,0.03356600146353449,0.6132251435375632,0.06528994307446341,0.1592197119287276,0.8797530343644214,417.8928121803485,286.0297771779813,2.063391759716673,2.856980023642389,2.345364370161916,2.682872854624808,1.85149201224985,24.10997051532831,137.5531416095856,3.083553305306504,289.0840811223153,28703.94941194214,1.930206002736496,2.876504645924923,2.595413004338937,2.715966974828364,1.840517173466469,0.1009626911388558,130.869155393215,3.61400080059021,273.2181363550623,0.007001761558112837,0.0005709378249861884,0.0007463147202699855,333.8326963715003,6.176620462140549e-05,0.02133455022570973,0.1430033332944839,0.05965653833962073,0.2014712551871057,0.3590147292707208,0.02979746038814942,0.09659623871214312,0.09719466291931843,0.1053517916316521,0.3846352167963812,0.1147692445565558,0.05016143937328674,0,0.006424019981163451,4.45379802513842e-07,0.0004106503197259473,-3.900000000000006,25.17439175034821,0,0,0,0,25.17439175034821,185.3534573906483,0.01678300073176725,0.3066125717687816,0.03264497153723171,0.07960985596436378,0.4398765171822107,208.9464060901742,143.0148885889906,1.031695879858336,1.428490011821195,1.172682185080958,1.341436427312404,0.9257460061249251,12.05498525766416,68.77657080479278,1.541776652653252,144.5420405611576,14351.97470597107,0.9651030013682478,1.438252322962462,1.297706502169468,1.357983487414182,0.9202585867332346,0.05048134556942792,65.4345776966075,1.807000400295105,136.6090681775312,0.003500880779056418,0.0002854689124930942,0.0003731573601349927,166.9163481857501,3.088310231070275e-05,0.01066727511285486,0.07150166664724197,0.02982826916981036,0.1007356275935529,0.1795073646353604,0.01489873019407471,0.04829811935607156,0.04859733145965921,0.05267589581582603,0.1923176083981906,0.05738462227827788,0.02508071968664337,0,0.003212009990581726,2.22689901256921e-07,0.0002053251598629737,1
-3.885000000000005,72.5,43.3377,3.5,20,21,72.5,17647.025,-0.27556325,35.277375,11.875275,118.11975,-0.07827132499999999,-12.25402500000002,407.57425,-5.056225,-6.3320675,-7.852915,-3.2110625,-3.2804275,-162.66375,9846.385,16.6384225,9145.7825,29336.1,-4.0319725,-5.3078175,-5.8044125,-2.186812,-2.2561775,0.71045275,9975.9575,28.4172575,9275.3375,0.5180635,0.9951135,0.005549305,19251.325,-0.00146297,1.045465,11.9774,9.8564925,117.638,85.87802500000001,0.88518675,11.854575,10.7722,117.48975,134.66725,0.147831,-48.78925,-213.4615384615387,0.01030668671557657,7.145665965260848e-07,0.0006588466734968274,-3.885000000000005,50.34878350069642,0,0,0,0,50.34878350069642,1109.206537350011,0.0559741354042204,1.821293989402407,0.1446027057146582,0.07350453500748101,0.6851333032235083,949.4439088413469,179.6529251795899,2.174923276478199,1.036917791160418,2.272625305360887,2.264157714535731,2.016819586401239,49.6518201504235,677.7044269443728,17.99545181246339,504.6055137349053,17211.16814726221,1.943975076681369,1.164353747746649,2.2144169142745,2.36754310202567,2.032614863404854,0.04330751635590138,680.2910776216802,17.48605058094094,518.1872046776784,0.005388615499365294,0.002865749989095388,0.003298440400133574,1185.750938927171,6.194223814705641e-05,0.04750210486564423,0.1842022439240817,0.1072712858053521,0.06390096504227057,0.4859542253820509,0.03987133863963772,0.1062051591653314,0.150782691314355,0.07003035056316659,0.5954955219534804,0.02842312994728062,0.1179083966475666,0,0.0333936859492827,2.315197228045852e-06,0.002134664563950693,-3.885000000000005,25.17439175034821,0,0,0,0,25.17439175034821,554.6032686750053,0.0279870677021102,0.9106469947012037,0.07230135285732912,0.03675226750374051,0.3425666516117541,474.7219544206735,89.82646258979496,1.0874616382391,0.518458895580209,1.136312652680443,1.132078857267866,1.00840979320062,24.82591007521175,338.8522134721864,8.997725906231693,252.3027568674527,8605.584073631106,0.9719875383406843,0.5821768738733245,1.10720845713725,1.183771551012835,1.016307431702427,0.02165375817795069,340.1455388108401,8.743025290470472,259.0936023388392,0.002694307749682647,0.001432874994547694,0.001649220200066787,592.8754694635857,3.09711190735282e-05,0.02375105243282212,0.09210112196204086,0.05363564290267603,0.03195048252113528,0.2429771126910255,0.01993566931981886,0.05310257958266572,0.07539134565717752,0.03501517528158329,0.2977477609767402,0.01421156497364031,0.0589541983237833,0,0.01669684297464135,1.157598614022926e-06,0.001067332281975346,1
-3.870000000000005,71.5,43.3527,3.5,20,21,71.5,17944.025,-0.14451185,35.832625,0.001499999999999613,118.0685,0.042386175,321.0483625,244.4705287577641,-5.69182725,-4.74689,-6.88704,-4.9767775,-3.4727075,-184.09675,10104.3475,18.94745,9309.385,15031.8,-4.532621825,-3.58768625,-4.568619999999999,-3.817565,-2.31350225,0.7544850000000001,10251.0,32.27835,9456.025,0.52015925,0.99455375,0.0062241925,19707.025,-0.0015831175,1.069895,12.083675,9.8158075,117.56525,85.71395,0.907015,11.850475,10.69375,117.487,134.5205,0.078374825,-48.806575,-212.6373626373629,-0.003194420633670964,-2.214704243047585e-07,-0.0002042007743441929,-3.870000000000005,50.34878350069642,0,0,0,0,50.34878350069642,546.8087988502004,0.1361592775299208,0.9968047330512297,13.66056318336351,0.2715603063777938,0.1405214861069622,353.7933447521904,282.4345636305928,3.677916523725118,2.404798005363444,3.289471143542683,1.139116939691297,0.8513168672660414,36.94644248435836,429.0595728159439,10.38112698522339,355.4653588841899,1971.861274701308,3.455042887624116,2.508250525703041,3.450240655171752,1.320781317819116,0.944360665625295,0.1734917079305713,421.854355672666,9.903099651624233,380.0731910654409,0.0124892519491762,0.001477637613444717,0.001812394938773464,631.0300805032983,9.160989843715952e-05,0.03564188219870916,0.1174657787045515,0.06723324791351358,0.2287959425630938,0.289955542569314,0.0312818793020283,0.05839927939052965,0.1086226956027149,0.2854878864914113,0.3612815153496428,0.08054727466767057,0.07454043086361298,0,0.02070771223241612,1.435673738816209e-06,0.001323723879123817,-3.870000000000005,25.17439175034821,0,0,0,0,25.17439175034821,273.4043994251002,0.06807963876496041,0.4984023665256149,6.830281591681756,0.1357801531888969,0.0702607430534811,176.8966723760952,141.2172818152964,1.838958261862559,1.202399002681722,1.644735571771341,0.5695584698456486,0.4256584336330207,18.47322124217918,214.529786407972,5.190563492611695,177.732679442095,985.9306373506539,1.727521443812058,1.254125262851521,1.725120327585876,0.660390658909558,0.4721803328126475,0.08674585396528565,210.927177836333,4.951549825812116,190.0365955327204,0.0062446259745881,0.0007388188067223586,0.0009061974693867319,315.5150402516492,4.580494921857976e-05,0.01782094109935458,0.05873288935227575,0.03361662395675679,0.1143979712815469,0.144977771284657,0.01564093965101415,0.02919963969526482,0.05431134780135746,0.1427439432457056,0.1806407576748214,0.04027363733383529,0.03727021543180649,0,0.01035385611620806,7.178368694081044e-07,0.0006618619395619084,1
-3.855000000000004,88.5,43.3677,3.5,20,21,88.5,17795.775,-0.321475,35.6588,11.86215,118.14925,0.147397675,276.5311,160.927075,-5.714015,-5.8101275,-5.93046,-2.9038225,-2.009578,-200.702,9835.265,15.92545,9299.2025,15839.4,-4.4502475,-4.5463625,-3.4029275,-1.6400575,-0.74581125,0.66489025,9995.115,30.45875,9459.0725,0.51372825,0.99468075,0.0058916375,19454.2,-0.0014322325,1.0509875,11.9545,9.8010225,117.63225,86.020025,0.918442,11.815775,10.582825,117.57775,134.93075,0.05449605,-48.910775,-211.8131868131871,0.009366295815831208,6.493689298870486e-07,0.0005987329402300976,-3.855000000000004,50.34878350069642,0,0,0,0,50.34878350069642,904.5629124057651,0.03333935789223701,1.462539793190827,0.1138778439088722,0.1925225095064603,0.1592918835292909,203.8859530853135,210.8127764671989,2.500657978806112,2.337264018753195,1.966126176842846,3.267634295066029,1.430055514503779,33.11425662762188,467.8122744933772,9.539173304677227,385.9686951360178,3051.426129970488,2.666027687557839,2.369288437968595,1.552548310002515,3.45740868105363,1.588793779761526,0.3353579160234381,484.1106331890128,9.333298182493332,400.6137002462603,0.003963430616271709,0.00169307361033125,0.001790845030153363,872.9707478871582,8.969099559970706e-05,0.04957787703872236,0.1166080900566788,0.08368875925116899,0.1839155150243357,0.3108603370754554,0.03911049417568985,0.04606063937897517,0.09033354397269432,0.2300903807927063,0.4188097221093726,0.157581914005415,0.1148432083320564,0,0.02376370789095156,1.647547105784654e-06,0.001519075948067943,-3.855000000000004,25.17439175034821,0,0,0,0,25.17439175034821,452.2814562028826,0.0166696789461185,0.7312698965954133,0.05693892195443612,0.09626125475323014,0.07964594176464543,101.9429765426568,105.4063882335994,1.250328989403056,1.168632009376597,0.9830630884214231,1.633817147533015,0.7150277572518893,16.55712831381094,233.9061372466886,4.769586652338614,192.9843475680089,1525.713064985244,1.33301384377892,1.184644218984298,0.7762741550012576,1.728704340526815,0.7943968898807631,0.167678958011719,242.0553165945064,4.666649091246666,200.3068501231301,0.001981715308135855,0.000846536805165625,0.0008954225150766817,436.4853739435791,4.484549779985353e-05,0.02478893851936118,0.05830404502833941,0.04184437962558449,0.09195775751216785,0.1554301685377277,0.01955524708784493,0.02303031968948759,0.04516677198634716,0.1150451903963532,0.2094048610546863,0.0787909570027075,0.05742160416602821,0,0.01188185394547578,8.237735528923272e-07,0.0007595379740339713,1
-3.840000000000003,67.5,43.3827,3.5,20,21,67.5,18513.35,-0.085266,36.544675,11.900625,118.1625,-0.24927745,297.164685,246.523293184075,-5.5476275,-5.1960575,-9.08834,-5.1620325,-4.468565,-161.10225,10270.285,18.9758345,9664.515,22221.65,-4.53321,-4.1816375,-7.059482500000001,-4.147615,-3.4541425,0.71180875,10398.6275,30.64165,9792.8575,0.51477075,0.9949515,0.005639015,20191.475,-0.00159398,1.0691675,12.1157,9.96333,117.65375,85.986475,0.9108235,12.0164,10.946025,117.5645,134.731,0.089658,-48.744325,-210.9890109890112,-0.01044106333507544,-7.238829797923842e-07,-0.0006674365910130723,-3.840000000000003,50.34878350069642,0,0,0,0,50.34878350069642,1463.414191767547,0.1666328268239285,2.274328062490837,0.1949609939620402,0.08476437931112596,0.4152274757238615,580.0746360022064,284.6187981568297,2.829748345576276,1.346629757465528,3.910135424790298,2.505981345107142,2.622946833499808,14.10123208269405,832.3603303658023,21.14861949464979,612.8783565276227,16660.56342734743,2.752820728973586,1.422198914624228,3.939803649755277,2.513267524750731,2.678791950467909,0.1256836384217002,834.4042901525605,22.06835250556779,616.4361590289236,0.006429666107194076,0.003425991778546274,0.003876178488309502,1438.379049196236,7.631583584027635e-05,0.05684992780704878,0.2257407805426391,0.206131784707421,0.1396910281060785,0.3251724298993804,0.05082136010576654,0.2846954981496313,0.3788814975248417,0.1049142507002792,0.3692451760009901,0.1372424887780749,0.06932447259085524,0,0.04095869508902229,2.839682252462357e-06,0.002618251699587395,-3.840000000000003,25.17439175034821,0,0,0,0,25.17439175034821,731.7070958837737,0.08331641341196423,1.137164031245418,0.09748049698102011,0.04238218965556298,0.2076137378619308,290.0373180011032,142.3093990784149,1.414874172788138,0.6733148787327641,1.955067712395149,1.252990672553571,1.311473416749904,7.050616041347026,416.1801651829011,10.57430974732489,306.4391782638114,8330.281713673714,1.376410364486793,0.7110994573121142,1.969901824877638,1.256633762375366,1.339395975233955,0.06284181921085008,417.2021450762803,11.0341762527839,308.2180795144618,0.003214833053597038,0.001712995889273137,0.001938089244154751,719.1895245981182,3.815791792013817e-05,0.02842496390352439,0.1128703902713195,0.1030658923537105,0.06984551405303926,0.1625862149496902,0.02541068005288327,0.1423477490748156,0.1894407487624208,0.05245712535013961,0.1846225880004951,0.06862124438903743,0.03466223629542762,0,0.02047934754451114,1.419841126231178e-06,0.001309125849793698,1
-3.825000000000003,86.5,43.3977,3.5,20,21,86.5,18291.025,-0.135620425,36.356525,0.1475999999999997,118.11625,-0.01737825,126.69175,256.1380208975,-6.348025,-6.47323,-8.735555,-4.13848175,-2.7782185,-194.678,10035.7375,17.8534925,9608.595000000001,15550.5,-5.1221925,-5.2473925,-6.28388,-2.9126475,-1.55238125,0.7177505,10190.81,31.950575,9763.657500000001,0.5106882500000001,0.9945755000000001,0.005979895000000001,19954.475,-0.00149455,1.0613575,12.1,9.8178175,117.684,86.06045,0.94022275,11.85005,10.6683,117.478,135.01175,0.20595105,-48.951125,-210.1648351648353,-0.0002398530619276531,-1.662910602191655e-08,-1.533241441599621e-05,-3.825000000000003,50.34878350069642,0,0,0,0,50.34878350069642,715.6044408982754,0.03651869413678196,1.071054680754754,13.66716260238386,0.1246311223838804,0.1239357365309807,640.5393826816974,281.7653202997377,1.130352481146184,0.7355051154592103,3.173592972163674,3.517109647318223,2.673342191805793,58.91483275033547,393.1187084817174,6.477305676093907,397.3453925323237,1965.824022303794,0.9804748931130262,0.4634085469917445,3.356472522842993,3.483822013386782,3.003111919072101,0.09371504127762348,411.0915182778643,9.476198250485265,381.1605319175469,0.008045263508218142,0.001473397321385729,0.00172985214097429,721.5743591850619,4.974266713128006e-05,0.04735863763172804,0.1694466484373966,0.2005840007536319,0.1294938865995858,1.001413269667754,0.03327862605712561,0.1652506883495495,0.168563894908331,0.1353809440061643,1.092539358558756,0.0927660342604447,0.1394702447358118,0,0.02017939307065127,1.399045165956681e-06,0.001289951500872778,-3.825000000000003,25.17439175034821,0,0,0,0,25.17439175034821,357.8022204491377,0.01825934706839098,0.5355273403773771,6.833581301191931,0.06231556119194019,0.06196786826549035,320.2696913408487,140.8826601498689,0.5651762405730919,0.3677525577296051,1.586796486081837,1.758554823659112,1.336671095902896,29.45741637516774,196.5593542408587,3.238652838046953,198.6726962661618,982.9120111518969,0.4902374465565131,0.2317042734958722,1.678236261421496,1.741911006693391,1.501555959536051,0.04685752063881174,205.5457591389321,4.738099125242632,190.5802659587735,0.004022631754109071,0.0007366986606928644,0.0008649260704871448,360.7871795925309,2.487133356564003e-05,0.02367931881586402,0.08472332421869831,0.100292000376816,0.06474694329979289,0.5007066348338772,0.0166393130285628,0.08262534417477477,0.08428194745416552,0.06769047200308215,0.5462696792793779,0.04638301713022235,0.06973512236790588,0,0.01008969653532563,6.995225829783405e-07,0.000644975750436389,1
-3.810000000000002,69.5,43.4127,3.5,20,21,69.5,18271.675,-0.0379339325,36.528925,11.65945,118.17825,0.0608027025,-35.1578875,375.0000000000018,-3.89485,-3.53254,-9.7412375,-4.790555,-1.01322025,-187.54825,10184.0275,13.45825125,9445.42,14014.6,-2.7139085,-2.3516,-7.379345,-3.609615,0.16772105,0.497427,10333.42,27.03905,9594.805,0.518372,0.99549975,0.005113672499999999,19928.225,-0.0014748325,1.1004175,11.89355,9.73748,117.67825,85.627025,0.931048,11.84135,10.59635,117.60425,134.4105,0.07419239999999999,-48.783175,-209.3406593406595,-0.007240199986770899,-5.01965879577593e-07,-0.000462823971308507,-3.810000000000002,50.34878350069642,0,0,0,0,50.34878350069642,1025.460161342217,0.05671473931728939,1.296766967950165,0.1907258503716791,0.1209142257966408,0.111584727220685,28.68006593577889,249.9999999999963,2.397323964701753,1.486590050708892,1.202970102659109,2.462140043383669,1.887088022329002,50.95208657405504,579.2789359985961,10.95303672116427,362.7818526332321,738.3393754455558,2.39980198658049,1.738903736745271,1.31744569339056,2.433174184455358,2.076269869980075,0.140699910497484,571.8643011531094,10.4080631155209,354.5326533621405,0.005934872927592235,0.001486271481482033,0.001769290444733425,913.9956104015665,6.50768583420148e-05,0.02783515448133885,0.2305459968567363,0.1566617830444503,0.1648340074135192,0.5323698236814977,0.02403063937282293,0.1501666296707319,0.1024954470533524,0.06378806053382308,0.6218308987712468,0.1016649188638834,0.09062855970020531,0,0.02807130286799509,1.946194340041514e-06,0.001794435498592324,-3.810000000000002,25.17439175034821,0,0,0,0,25.17439175034821,512.7300806711083,0.02835736965864469,0.6483834839750824,0.09536292518583957,0.06045711289832038,0.05579236361034252,14.34003296788945,124.9999999999981,1.198661982350877,0.7432950253544461,0.6014850513295543,1.231070021691834,0.9435440111645009,25.47604328702752,289.6394679992981,5.476518360582134,181.3909263166161,369.1696877227779,1.199900993290245,0.8694518683726354,0.6587228466952798,1.216587092227679,1.038134934990038,0.07034995524874198,285.9321505765547,5.204031557760451,177.2663266810703,0.002967436463796117,0.0007431357407410164,0.0008846452223667123,456.9978052007833,3.25384291710074e-05,0.01391757724066943,0.1152729984283681,0.07833089152222517,0.0824170037067596,0.2661849118407488,0.01201531968641147,0.07508331483536596,0.05124772352667619,0.03189403026691154,0.3109154493856234,0.05083245943194172,0.04531427985010265,0,0.01403565143399755,9.73097170020757e-07,0.000897217749296162,1
-3.795000000000002,83.5,43.4277,3.5,20,21,83.5,18245.975,-0.1085321,36.254025,5.974250000000001,118.1075,0.02063459,83.9288,364.2075000000008,-3.94778,-5.249915,-11.0920175,-4.13357,-3.276685,-212.39875,10136.6475,18.50255,9497.505000000001,14302.025,-2.61036375,-3.9124975,-8.4171925,-2.79614925,-1.939266,0.5716625,10305.835,33.88285,9666.689999999999,0.516046,0.99425725,0.006452675,19972.525,-0.0015024275,1.072635,12.0606,9.830422500000001,117.6705,85.6259,0.92618125,11.867675,10.673275,117.51925,134.43725,0.150937275,-48.81115,-208.5164835164836,-0.005886125448366834,-4.080873654584323e-07,-0.0003762658435693577,-3.795000000000002,50.34878350069642,0,0,0,0,50.34878350069642,661.105167503628,0.1386274347608967,1.221760651341603,11.78125031296198,0.1066630207710299,0.08676179181631585,130.0441135902993,243.649683869415,1.96062627730699,1.494628530895442,3.107272399563911,1.825193238335784,2.145303636403637,33.24021512540696,352.4657227187726,4.880899071892391,405.989143738269,708.1270430979645,2.118042807858925,1.631620605254685,2.895675384930373,1.811227310886806,2.074155662939501,0.07979242923778336,353.0454128956585,5.607906305981461,397.7352772049938,0.004888859921631379,0.00107008204514105,0.001272696939691457,728.67338533804,0.0001103560707815086,0.02660462177893153,0.07354304861779935,0.08283474769080815,0.09885174083781482,0.5684775750487733,0.04652773795185695,0.105607966082109,0.08337123304833609,0.1203339104325952,0.7157654993082446,0.08090885195681105,0.217124687679683,0,0.01733006360349298,1.201500046374099e-06,0.001107810402289021,-3.795000000000002,25.17439175034821,0,0,0,0,25.17439175034821,330.552583751814,0.06931371738044834,0.6108803256708016,5.890625156480988,0.05333151038551493,0.04338089590815793,65.02205679514964,121.8248419347075,0.9803131386534951,0.7473142654477208,1.553636199781956,0.9125966191678921,1.072651818201818,16.62010756270348,176.2328613593863,2.440449535946196,202.9945718691345,354.0635215489822,1.059021403929462,0.8158103026273427,1.447837692465187,0.905613655443403,1.03707783146975,0.03989621461889168,176.5227064478293,2.803953152990731,198.8676386024969,0.002444429960815689,0.0005350410225705252,0.0006363484698457284,364.33669266902,5.51780353907543e-05,0.01330231088946576,0.03677152430889968,0.04141737384540407,0.04942587041890741,0.2842387875243866,0.02326386897592847,0.05280398304105451,0.04168561652416804,0.06016695521629758,0.3578827496541223,0.04045442597840553,0.1085623438398415,0,0.008665031801746489,6.007500231870494e-07,0.0005539052011445106,1
