detuning,cyc,freq,cyc.1,ROIsum,fBg,fA1,fWidth1,fCtr1,fA2,fWidth2,fCtr2,box1,box2,box3,box4,box5,box6,box7,box8,box9,Nfit,BZ-2,BZ-1,BZ0,BZ1,BZ2,Excited,c5,c7,c9,fraction95,fraction75,fraction97,sum95,Delta,alpha,transfer,ScaledTransfer,e_detuning,e_cyc,e_freq,e_cyc.1,e_ROIsum,e_fBg,e_fA1,e_fWidth1,e_fCtr1,e_fA2,e_fWidth2,e_fCtr2,e_box1,e_box2,e_box3,e_box4,e_box5,e_box6,e_box7,e_box8,e_box9,e_Nfit,e_BZ-2,e_BZ-1,e_BZ0,e_BZ1,e_BZ2,e_Excited,e_c5,e_c7,e_c9,e_fraction95,e_fraction75,e_fraction97,e_sum95,e_Delta,e_alpha,e_transfer,e_ScaledTransfer,em_detuning,em_cyc,em_freq,em_cyc.1,em_ROIsum,em_fBg,em_fA1,em_fWidth1,em_fCtr1,em_fA2,em_fWidth2,em_fCtr2,em_box1,em_box2,em_box3,em_box4,em_box5,em_box6,em_box7,em_box8,em_box9,em_Nfit,em_BZ-2,em_BZ-1,em_BZ0,em_BZ1,em_BZ2,em_Excited,em_c5,em_c7,em_c9,em_fraction95,em_fraction75,em_fraction97,em_sum95,em_Delta,em_alpha,em_transfer,em_ScaledTransfer,filter
-4.034000000000006,75.0,43.1887,75.0,10432.36666666667,-0.1973672,31.11496666666666,8.74541,123.8913333333333,0.03525843333333333,244.7006666666667,342.8423666666667,-2.862790333333333,-5.388833333333333,-11.37081,-4.990376666666666,-5.645816666666666,-616.432,6624.763333333333,34.98643333333333,6230.346666666667,10069.84333333333,1.018716666666667,-1.507324333333333,-3.607785,-1.108866023333333,-1.764306666666667,0.3761846666666667,7115.773333333334,79.62376666666667,6721.360000000001,0.56359,0.980771,0.02134873333333333,12627.26666666667,-303.3082706766921,0.005517587716209731,1.408347872150542e-06,0.0009489248980199641,-4.034000000000006,46.57252408878007,0,46.57252408878007,422.9450358301104,0.1918269662031905,0.6609659169225992,0.1908341135646347,0.03763420430052056,0.1006103039241177,439.4663741164885,254.8894767255081,3.427140127351132,1.544906312251112,6.314719536535254,1.607105980523168,2.234578598535601,80.66235659835384,198.3235279368871,3.481272480477986,267.0510712079867,2066.851384360601,3.763375839672851,1.775434994134208,5.299182703372757,1.601283851772465,2.738530443510412,0.8212050797464256,140.0656450859143,6.57288316367584,265.0673599295095,0.01319098021376727,0.001938957451828199,0.001372242625534323,178.2463557364718,0,0.009733305828577279,2.484397395694476e-06,0.001673951863718543,-4.034000000000006,26.88865931949751,0,26.88865931949751,244.1874302889302,0.1107513505752413,0.3816088500604305,0.1101781268371054,0.02172811798364292,0.05808738605383942,253.7260293959434,147.160508001075,1.978660275076744,0.8919520752509317,3.645805024275618,0.9278630704713084,1.290134555389906,46.57043329552918,114.502142240998,2.009913603726402,154.1820078493091,1193.297203135544,2.172786054096854,1.025047871792066,3.059484560277271,0.9245016628698334,1.581091288744722,0.474122973851487,80.8669378945712,3.794855863900206,153.0367116086857,0.007615815977293562,0.001119457606760242,0.0007922646492457205,102.9105814665218,0,0.005619526740234046,1.434367505178211e-06,0.0009664565591283765,1
-4.031000000000006,66.0,43.1917,66.0,10094.05333333334,-0.03396586666666667,29.88656666666667,8.72059,124.0326666666667,0.08358553,-27.55728333333333,166.6666666771114,-3.655833333333333,-0.6146266666666665,-8.56906,-4.82843,-5.48311,-618.5336666666667,6377.56,35.6118,6124.843333333333,8618.173333333332,0.2389103333333333,3.280117333333333,-0.7795583333333335,-0.9336839333333332,-1.588366333333333,5.107292999999999,6870.246666666666,80.40136666666666,6617.526666666668,0.5586099999999999,0.9798723333333333,0.02188303333333333,12296.63333333333,-303.0827067669177,0.02257948847190153,5.763347350188546e-06,0.003883262015499179,-4.031000000000006,46.57252408878007,0,46.57252408878007,404.6703479788621,0.0367444105585235,0.6700014726351975,0.08978958569901038,0.2155326734704766,0.1597674171631084,17.65504816138527,288.6751345857675,1.646891489574626,2.832322394084637,2.50942452470681,1.285314275848518,0.4475608033552534,74.4859379502825,282.9980906296012,5.302953994708987,49.38355428007706,472.7432830123909,1.2800043760239,3.283452691506509,1.77479702932711,0.8299963898622773,0.7855923408870107,8.117562557081222,225.4895175686295,10.58093793589837,22.94766291658747,0.008816961608173204,0.003171691084158974,0.002787680455743329,210.9638910651141,0,0.01566949864320824,3.999592975567168e-06,0.002694869237574101,-4.031000000000006,26.88865931949751,0,26.88865931949751,233.6365343386556,0.02121439532717767,0.386825530583377,0.05184004147374862,0.1244378470473394,0.09224176130685187,10.19314680853159,166.6666666614443,0.9508332448320144,1.635242096656571,1.448816924850526,0.7420765431544107,0.2583993502958807,43.00447632643737,163.3890238051504,3.061661916345435,28.51160835714299,272.9384617047913,0.7390108710612976,1.895702295312684,1.024679542638955,0.4791986391134034,0.4535619494844239,4.68667692749447,130.1864336676871,6.10890736556965,13.24883936216457,0.005090475157913396,0.001831176701225519,0.00160946806153807,121.8000592957345,0,0.009046789259722752,2.309166081092641e-06,0.001555883479744249,1
-4.028000000000006,67.0,43.19469999999999,67.0,10141.85333333333,-0.1997044333333333,30.41463333333333,8.68891,123.898,0.08738420000000001,-111.9993333333333,220.32563,-2.481013333333333,-2.847777333333333,-8.086546666666665,-4.870763333333334,-4.605096666666666,-650.0886666666667,6503.900000000001,41.07503333333333,6034.389999999999,8917.776666666667,1.61242,1.245656666666667,0.1003100000000001,-0.777332533,-0.511663,0.5339453333333334,7021.723333333332,88.14953333333334,6552.206666666668,0.566332,0.9785606666666666,0.02412366666666666,12394.53333333333,-302.8571428571433,0.01205321900978064,3.076548342877995e-06,0.002072934805561255,-4.028000000000006,46.57252408878007,0,46.57252408878007,543.3608584847947,0.1908268855404378,1.10601766863524,0.2266650936955226,0.1647907764409116,0.02234761382519395,65.12964821287869,242.894241255594,3.828991847397084,2.883926233859204,3.349953279112014,1.478264322451615,1.489453761428442,52.56766654830066,380.2403939615048,9.62809837420315,209.5000599045257,608.5006466170216,4.14748392612919,2.858919574425509,3.175787031209744,1.374530874545918,1.29767000149229,0.3053014011453818,421.7332100194783,12.39484719160884,250.2810614755602,0.00558169902449065,0.001995160227483895,0.002569496531099689,626.5220294078518,0,0.0293066748000149,7.480441674384797e-06,0.005040215910697322,-4.028000000000006,26.88865931949751,0,26.88865931949751,313.7095379133024,0.1101739537353897,0.6385595987150383,0.1308651528610017,0.09514199913812774,0.01290240085772153,37.60261992793114,140.2350555735271,2.210669473819589,1.665035587441635,1.934096427467991,0.85347630450086,0.8599365301062115,30.34995643233188,219.5318938104441,5.558785188130387,120.9549159811206,351.3180121263988,2.394550961210334,1.650597985886058,1.833541497357868,0.7935857704285376,0.7492101246808757,0.1762658461352561,243.4877823309508,7.15616836263964,144.49983821598,0.003222595434325148,0.001151906294414262,0.001483499513912215,361.7226623318539,0,0.01692021658484142,4.318835014363358e-06,0.002909970012814934,1
-4.025000000000006,51.0,43.1977,51.0,10288.83333333333,-0.2829646,30.53546666666666,8.750996666666667,123.7793333333333,-0.001313333333333328,32.55473333333334,252.1670333333333,-4.621773333333334,-1.855937333333333,-8.543973333333334,-3.73008,-4.582906666666666,-580.9006666666667,6658.753333333334,37.87013333333334,5940.406666666667,9862.976666666667,-0.9639953333333334,1.801838,-1.22843,-0.07230366666666667,-0.9251263333333334,0.9655406666666666,7121.46,79.9346,6403.116666666666,0.575473,0.9807193333333334,0.02247853333333333,12372.03333333333,-302.6315789473688,0.005122415396988337,1.307481311701811e-06,0.0008809624347108951,-4.025000000000006,46.57252408878007,0,46.57252408878007,201.5695000076485,0.224975805179757,0.5438461577811615,0.22765745547496,0.1080987203131228,0.1380472062098083,392.4869429074212,229.5970050701954,2.217876567267289,1.679539829382243,3.000310474006536,0.8050149079986034,2.310128613439809,44.57971540211239,275.2782492921177,4.584514871099597,59.08495098866825,1315.334293110817,2.042189088842004,1.848208957475318,2.714506706033345,1.051280344209067,2.585829413611875,1.107684638677152,275.4914316271923,1.420612308126321,30.17144566197172,0.008751577629204928,0.0007212325098977087,0.0003059844821773365,294.3100632552905,0,0.01914418311167803,4.886495863071343e-06,0.003292451872320006,-4.025000000000006,26.88865931949751,0,26.88865931949751,116.3762050898342,0.1298898416816855,0.3139897255926973,0.1314380932014934,0.06241082527183554,0.0797015916661086,226.6024421410129,132.5578926824092,1.280491633141133,0.9696827726085361,1.732230059820128,0.4647755738346555,1.333753376832131,25.7381106878065,158.9319713308531,2.646870894933195,34.11271235836346,759.4086082018765,1.179058420179047,1.067063939117052,1.567221177445396,0.606956989722867,1.492929308027268,0.6395220243174673,159.0550522093949,0.8201908985108272,17.41949227477954,0.005052725700055372,0.0004164037837377516,0.0001766602231529335,169.9199942456577,0,0.0110528992729428,2.821219701938233e-06,0.001900897974777843,1
-4.022000000000006,85.0,43.2007,85.0,10290.48,-0.07318715666666667,30.28533333333333,8.731326666666668,123.758,-0.0002495499999999988,42.35750000000001,2.32413908628e-07,-3.40788,-1.766642666666667,-9.61872,-4.948043333333334,-4.359743333333333,-639.1293333333333,6521.113333333334,39.9667,6156.073333333334,9601.226666666667,0.6165466666666667,2.257781,-1.56985,-0.9236179999999999,-0.3353157,5.399105333333334,7030.203333333334,86.24759999999999,6665.163333333333,0.5625973333333333,0.9789646666666667,0.0232613,12495.63333333333,-302.4060150375944,0.01146393508240709,2.926135371142014e-06,0.001971588670357105,-4.022000000000006,46.57252408878007,0,46.57252408878007,582.1286912702382,0.06055131313905284,0.5703327566722216,0.177638957532782,0.2728021260914096,0.1110708930679298,423.5990641671083,4.025243569981595e-07,1.850309214482812,1.025195502292774,2.649844575291163,3.72454801395194,1.296538104196453,67.11606643966351,238.6184457105808,5.733866970901922,172.1804263943304,1034.742725576427,1.427858013821169,1.271482465287272,3.493416733629127,3.834412771433457,0.8775696727263711,8.708387791821476,200.7754408121999,9.719673008388712,174.911626352662,0.005921242127572029,0.002555261499990427,0.002246341071609564,310.8525749182934,0,0.01395209201438279,3.561230035868391e-06,0.002399506482337923,-4.022000000000006,26.88865931949751,0,26.88865931949751,336.0921566078766,0.03495931694061748,0.3292817705923685,0.1025598999501162,0.1575023809343776,0.06412681001190142,244.5650337253536,2.323975458682684e-07,1.068276523065696,0.5918968992207266,1.529888478855022,2.150368798464839,0.7485566234724292,38.74947902588854,137.7664238646139,3.310449639147729,99.40841552795122,597.408991153557,0.8243742086442163,0.7340907436034958,2.01692509155232,2.213799245771245,0.5066650867812221,5.02779003581578,115.9177547995894,5.611655827828363,100.9852745591047,0.003418630736290663,0.00147528091486936,0.001296925622385494,179.470817807365,0,0.008055244080262331,2.056077119854797e-06,0.001385355713500052,1
-4.019000000000005,71.0,43.2037,71.0,10124.05333333333,-0.3312283333333333,30.5772,8.73086,123.7456666666667,0.09580460000000002,665.5533333333333,397.3586666666667,-5.776486666666667,-0.08951300000000002,-6.963093333333333,-5.214976666666667,-6.083353333333334,-601.7046666666666,6484.580000000001,26.79566666666667,6035.8,10173.05333333333,-1.98771,3.699266666666666,0.6144496666666664,-1.426205,-2.29458,0.1071627,6963.860000000001,70.36656666666666,6515.079999999999,0.5658949999999999,0.9826203333333333,0.01951873333333333,12306.23333333333,-302.1804511278199,0.01607420159440217,4.10289220151197e-06,0.002764470796523831,-4.019000000000005,46.57252408878007,0,46.57252408878007,450.126736079222,0.1669652408746603,0.8328822425769439,0.003903088520646994,0.1400297587419641,0.2089662227009906,559.0928578951205,135.5812592408454,0.3082312744244705,1.788685364684633,3.340383019450514,1.804835654604965,1.634657825978677,63.08237671753762,123.3035121154303,3.860559323897682,156.3210296153397,1198.270083926547,0.6379983574430267,2.051925079683304,3.388699738576779,2.197332928977537,1.65888683179414,0.8521129539134292,73.14110950758105,3.014400000552902,110.5567098823044,0.002141844765616718,0.0008530488458074531,0.001123769448478348,159.9283068544568,0,0.005082650974420428,1.297331560978994e-06,0.0008741236760774398,-4.019000000000005,26.88865931949751,0,26.88865931949751,259.8807922447864,0.09639742676429583,0.4808647869550577,0.00225344920806648,0.08084621890423135,0.1206467049279562,322.792412007745,78.27787651977054,0.1779574092616295,1.032697976796217,1.928571035476209,1.042022351029211,0.9437701358617175,36.42062717899173,71.18931591186995,2.228894964874847,90.25198852841584,691.8215555168674,0.3683485234122705,1.1846794971121,1.956466706270118,1.26863075804441,0.9577587588914724,0.4919676433218856,42.22803926302982,1.740364651764426,63.82994621126779,0.001236594651991203,0.0004925079807588326,0.0006488085935860515,92.33465101346174,0,0.002934469908278548,7.490147259594196e-07,0.0005046755396883351,1
-4.016000000000005,49.0,43.20669999999999,49.0,10571.34,-0.1713695666666667,30.62823333333333,8.791333333333332,123.8353333333333,0.1341818686666667,65.97466666666666,0.06696767075053499,-2.443485033333333,-2.622913333333333,-8.39864,-5.311466666666667,-3.976516666666666,-570.1086666666666,6728.41,37.12903333333333,6058.286666666667,8881.266666666666,1.146337333333333,0.966907,-1.218995333333333,-1.721646666666667,-0.3866943666666667,1.022055,7182.526666666668,78.41196666666667,6512.400000000001,0.573492,0.9811996666666666,0.02179223333333333,12522.7,-301.9548872180455,0.0008788298822543899,2.243187164961851e-07,0.000151142781825681,-4.016000000000005,46.57252408878007,0,46.57252408878007,805.1666379079552,0.1897414562631565,1.676993680170958,0.0834882275134257,0.1005203130383739,0.2169965067906959,113.5443842157036,0.1159913975942698,2.224877126664303,1.303624016706249,0.7888413571181466,0.7500557368844886,0.4804368660223038,29.91420850253828,468.3941264576231,6.953499939119393,375.2021135779135,566.7064016166875,2.32607627661032,1.402642939925553,0.861160826898979,0.9262022755496412,0.298296777064224,0.8222049096904007,447.2904653950647,5.954255868144503,368.1129268308842,0.01145430962563877,0.001972156518467378,0.002780836439514794,691.7101922047988,0,0.03108267477886087,7.93376039259909e-06,0.005345655658190376,-4.016000000000005,26.88865931949751,0,26.88865931949751,464.8631751386639,0.109547280849965,0.9682127526760037,0.04820195062904106,0.05803542979173063,0.1252829916088167,65.5548807919068,0.06696766462473261,1.284533407993476,0.7526476769674139,0.4554377698800717,0.4330448815974826,0.2773803539265973,17.27097633153507,270.4274749971484,4.014605061660628,216.6230412747249,327.1880935248787,1.342960764456571,0.8098162789429464,0.4971914352256863,0.5347431331126293,0.1722217245364275,0.4747002259387848,258.2432706017936,3.437691228297138,212.530097397992,0.006613148745743864,0.001138625096821216,0.001605516666926187,399.3590656706484,0,0.01794559065070891,4.580558698353076e-06,0.00308631573325126,1
-4.013000000000005,57.0,43.2097,57.0,10522.26666666667,-0.1796649666666667,30.67143333333333,8.765266666666667,123.7886666666667,0.2633610666666666,449.9363333333333,137.0351114319,-3.58687,-0.9462646666666665,-11.23930333333333,-6.465876666666666,-5.28712,-566.16,6455.759999999999,39.6723,6259.726666666666,13945.85333333333,-0.0219143333333333,2.618693666666667,-4.10941,-2.900916666666667,-1.722163333333333,0.3716406666666667,6906.723333333334,80.6693,6710.693333333333,0.5567223333333333,0.9799693333333334,0.02164686666666667,12409.46666666667,-301.7293233082711,0.02004468736449246,5.116346898259762e-06,0.00344732225231561,-4.013000000000005,46.57252408878007,0,46.57252408878007,468.3182714066725,0.1625056835907696,0.6618613626231181,0.1928119927113797,0.1641625210982473,0.2919873329286963,189.0360887881817,237.3125158485823,1.808879250392353,2.776999443042316,4.794050139812196,1.385699311911979,0.5159705225107342,50.92989876290743,106.0090274457793,15.55200961644507,329.0759779037867,5564.112631726045,1.905915521390267,3.073939402193923,5.331942120803638,1.662607599355101,0.2057386940595604,0.2238905683371529,116.3823922822236,12.03736609562075,323.3039539401485,0.008457152613813596,0.003002270862752574,0.002956075161989851,370.9355918934355,0,0.008087532217122165,2.064318570862211e-06,0.001390908686747212,-4.013000000000005,26.88865931949751,0,26.88865931949751,270.3836800630626,0.093822700165975,0.3821258358766698,0.1113200558949032,0.09477927574692069,0.1685789652663437,109.1400367484107,137.0124449072463,1.044356922145553,1.603301375979922,2.767846138729134,0.8000338707482604,0.2978957200654843,29.40439076056499,61.20434053235108,8.978956938494212,189.9921044265906,3212.441925728429,1.100380839327357,1.774739741329259,3.078398218749485,0.9599069450443851,0.1187832903980093,0.1292632798984736,67.19340551307441,6.949776555640713,186.6596248374151,0.004882739338163028,0.001733361890790369,0.001706690790519607,214.1597638316881,0,0.004669338902635253,1.191834882580441e-06,0.0008030415047116917,1
-4.010000000000005,65.0,43.21270000000001,65.0,10471.495,-0.03295818333333334,30.95996666666667,8.671603333333334,123.9123333333333,6.706666666667314e-06,3.3125445,250.2679575000035,-2.870246283333334,-3.346081833333333,-9.166206666666668,-5.734361666666667,-5.540086666666667,-592.9373333333333,6733.355,31.04628333333334,6126.561666666667,8752.42,0.8633208833333333,0.3874868333333333,-1.699086,-2.000794666666667,-1.806518,-0.06830283333333338,7205.651666666668,73.98233333333333,6598.856666666667,0.5709203333333334,0.9823353333333333,0.02021405,12616.71666666667,-301.5037593984966,-0.0007281501673344175,-1.858581669229793e-07,-0.0001252286069238391,-4.010000000000005,44.7794595769087,0,44.7794595769087,576.1005507287763,0.0190862492105093,1.09964605517715,0.1450519401685708,0.1037432728742758,0.02076888311012768,21.17520780174763,273.5680531274598,1.456906480907845,1.707344530039607,2.659871755883481,2.343522077748931,2.58774983530222,18.35322657917855,410.3280666369288,6.960396198325687,261.7607282551502,395.3534108111373,1.471909668358735,1.767201483373349,2.487480096172832,2.398226743464151,2.530943378731338,2.269992109989849,408.8493406337678,7.44244625554439,264.2827160195437,0.01126018427321093,0.001647623096058853,0.001570783386403103,561.2334466749703,0,0.02841136145669189,7.25191560342219e-06,0.004886238272876945,-4.010000000000005,18.28113782016864,0,18.28113782016864,235.1920649703129,0.007791928611557676,0.4489286221414023,0.05921720660228558,0.04235301379804916,0.008478861024553424,8.644742385280523,111.6836900148128,0.5947795801963506,0.6970204856214972,1.085888097192545,0.9567388819053214,1.056444446410274,7.492673375445578,167.5157317338683,2.841569848917633,106.8633698207409,161.4023540927041,0.6009046058246852,0.7214569844923728,1.015509496825444,0.979071968163957,1.033253307627902,0.9267203982698135,166.9120443710133,3.038365960695176,107.8929670141253,0.004596950979846439,0.0006726393122948038,0.0006412696321881045,229.1225951561983,0,0.01159888974444535,2.960582147685323e-06,0.001994798421701112,1
-4.008000000000003,66.5,43.2147,66.5,10478.475,-0.1033212675,30.7971,4.287190000000001,123.8485,-0.009390905250000001,328.16851125,146.4147250000043,-1.9120275,-3.03654675,-9.9087325,-6.03731,-6.3663675,-559.40375,6624.434999999999,31.682625,6093.7375,9767.555,1.61039125,0.4858724999999999,-2.863897,-2.5148925,-2.8439475,0.416331,7070.0225,72.190425,6539.32,0.56890875,0.98246025,0.01989125,12432.25,-301.3533834586468,0.008696860209992626,2.2198477307666e-06,0.001495702037253745,-4.008000000000003,40.18706259482024,0,40.18706259482024,535.7701769415689,0.2033180831306229,0.7295331292454563,8.736976417655406,0.150710539335067,0.05465936531738866,771.6496495423136,239.1571034291772,2.143345642189254,2.771886774453264,2.456878780395633,1.274240770576738,0.3851606440932583,18.51410306361075,157.2927467071086,8.354870824205884,366.9380849112467,1880.182705457106,2.2470420552073,2.792475249563548,2.356997098891441,1.337469831021121,0.4327495876658923,0.4344585719513427,146.9359423637844,8.458859227017548,365.5242820023493,0.01041068036121239,0.001845820932990706,0.00154361199464114,423.3871238791592,0,0.01021072985712998,2.606258460585278e-06,0.001756060127493978,-4.008000000000003,20.09353129741012,0,20.09353129741012,267.8850884707845,0.1016590415653115,0.3647665646227282,4.368488208827703,0.07535526966753349,0.02732968265869433,385.8248247711568,119.5785517145886,1.071672821094627,1.385943387226632,1.228439390197816,0.6371203852883692,0.1925803220466292,9.257051531805374,78.64637335355431,4.177435412102942,183.4690424556233,940.0913527285529,1.12352102760365,1.396237624781774,1.17849854944572,0.6687349155105604,0.2163747938329462,0.2172292859756713,73.4679711818922,4.229429613508774,182.7621410011747,0.005205340180606196,0.0009229104664953532,0.00077180599732057,211.6935619395796,0,0.005105364928564988,1.303129230292639e-06,0.0008780300637469888,1
-4.007000000000005,72.0,43.2157,72.0,10358.7,-0.4250413333333333,30.24213333333333,9.001066666666667,123.8616666666667,0.2238116666666667,21.9064,207.945,-2.063200333333334,-1.218489,-9.87973,-5.589463333333334,-1.206446,-610.8176666666667,6588.956666666666,42.7514,6125.336666666666,15753.82666666667,1.782954333333333,2.627666666666666,-2.187413333333334,-1.743304,2.639712666666667,-9.662269666666667,7075.493333333333,86.98219999999999,6611.876666666667,0.565935,0.9788976666666667,0.02365016666666667,12497.23333333333,-301.2781954887222,0.008316686371234026,2.122809487896438e-06,0.001430319040239666,-4.007000000000005,46.57252408878007,0,46.57252408878007,178.5778261711125,0.0113930056321119,0.5055505942369488,0.04158751294960168,0.3133310283603182,0.4872582326593706,633.2375596090933,253.9775502628333,2.578649751315664,0.6508230986381783,2.874049889563505,2.072271882556276,1.863945900005684,10.83528884401948,367.9223375025412,6.078441001605594,159.7226312497183,6807.0746674422,2.5718827070604,0.6890056691590668,3.006253876793065,2.138514192935834,1.925105568482241,16.8137662552119,366.8142910702002,6.861530625159373,164.3211311223642,0.01828729069599977,0.002050000081300808,0.001526883146587627,253.8149194459091,0,0.02549030260124842,6.506324008855516e-06,0.004383869190756377,-4.007000000000005,26.88865931949751,0,26.88865931949751,103.10195601119,0.00657775486857873,0.2918797716716777,0.02401056179637958,0.180901753569292,0.2813186717907489,365.5998755012917,146.6340070123685,1.48878412806786,0.3757528911935786,1.659333477403904,1.196426729227959,1.076149667123181,6.255756930841994,212.4200605979685,3.509389548530248,92.21590414770021,3930.066391641637,1.484877173245466,0.3977976085621655,1.735661485018832,1.234671744957339,1.11146021818167,9.707432473538036,211.7803296919818,3.961506553488626,94.87084928704078,0.01055817220608441,0.001183568098777776,0.0008815463957034695,146.5401120664388,0,0.01471683306855579,3.756427917947657e-06,0.002531028057375301,1
-4.006,90.5,43.2167,90.5,10155.25,-0.02654985,29.93335,8.693539999999999,123.9825,0.002093299,-7.329705,500.0,-4.60508,-3.22054,-7.33535,-4.85011,-3.109615,-608.0455,6532.33,30.5032,5942.049999999999,8468.035,-0.7763795,0.6081645,0.32206,-1.0214105,0.7190799999999999,0.31635,7016.66,74.5333,6426.38,0.5711785,0.9817635,0.02089465,12286.3,-301.203007518797,0.01240507525415186,3.1663586039106e-06,0.002133447690535742,-4.006,36.06244584051392,0,36.06244584051392,48.57823586751633,0.0008374265609592277,1.230295088586473,0.1829143821573367,0.1817264427649463,0.001850429149900639,1.697063345915526,0.0,0.7491230661246517,0.5196386313583699,5.079784405366039,2.183234613320337,0.1184757411878061,69.15150766613834,73.32697320904549,2.045235653903972,213.9280855801777,170.2642418419094,0.3136959026581316,0.08420722525116234,5.950642974939766,2.618670262068231,0.5539050259746701,0.09709000369760007,128.4105914634773,7.052683035554622,269.0117038346105,0.005773526868388145,0.001368251621595984,0.001081661243181063,349.0279071936795,0,0.00892338415730619,2.277667295329744e-06,0.001534660042936574,-4.006,25.5,0,25.5,34.35000000000036,0.0005921499999999996,0.8699499999999993,0.1293400000000004,0.1285000000000025,0.001308451,1.200005,0.0,0.5297099999999997,0.3674399999999998,3.59195,1.54378,0.08377500000000004,48.89749999999994,51.85000000000036,1.446200000000001,151.2699999999998,120.3950000000004,0.2218164999999999,0.05954349999999996,4.207739999999999,1.8516795,0.3916699999999999,0.06865299999999998,90.80000000000018,4.986999999999997,190.2200000000003,0.004082499999999988,0.00096750000000001,0.0007648500000000008,246.7999999999997,0,0.006309785448763813,1.610553989814485e-06,0.00108516852317649,1
-4.004000000000005,63.25,43.2187,63.25,10087.0575,-0.218644825,29.931075,8.764635,123.89625,0.080409175,-109.49875,392.640625,-3.198442,-3.3551175,-9.568819999999999,-4.8729825,-3.5559655,-590.21925,6459.1425,29.525525,5923.74,9282.035,0.5180125,0.3613327499999999,-2.13592725,-1.15652825,0.16048825,-1.1956735,6929.2725,72.26474999999999,6393.87,0.5691515,0.982034,0.0204209,12172.25,-301.0526315789477,0.01847772256586822,4.716383788766467e-06,0.003177832760129191,-4.004000000000005,42.28770506896774,0,42.28770506896774,340.0138672049519,0.209408133924264,1.143068085971551,0.1107507199374634,0.1384855588139101,0.1308508476883604,378.8342047602839,207.3258672996751,1.616710999674751,1.859992632823671,1.944637861728159,0.3391905085518562,3.12813370312092,46.2800756796774,273.0323978792016,7.101427354823348,143.1545765946725,1056.385703251106,1.34551827393846,1.884836210543748,1.407885649031998,0.3494742003623682,3.253456865625482,2.916775512049165,273.7259152723153,9.75772999711852,133.9485829214577,0.007331156366267564,0.00276087703456706,0.002982453337997651,356.2233615771627,0,0.01902149556315867,4.855180230808897e-06,0.003271351841753201,-4.004000000000005,21.14385253448387,0,21.14385253448387,170.006933602476,0.104704066962132,0.5715340429857754,0.05537535996873172,0.06924277940695506,0.06542542384418022,189.4171023801419,103.6629336498376,0.8083554998373756,0.9299963164118357,0.9723189308640793,0.1695952542759281,1.56406685156046,23.1400378398387,136.5161989396008,3.550713677411674,71.57728829733624,528.1928516255532,0.6727591369692301,0.9424181052718741,0.703942824515999,0.1747371001811841,1.626728432812741,1.458387756024582,136.8629576361576,4.87886499855926,66.97429146072886,0.003665578183133782,0.00138043851728353,0.001491226668998826,178.1116807885813,0,0.009510747781579336,2.427590115404449e-06,0.001635675920876601,1
-4.002000000000002,45.0,43.2207,45.0,10180.60666666667,-0.214097,30.01853333333333,8.771736666666667,123.7293333333333,0.6159203833333333,459.5036666666667,42.55833599530467,-3.764162,-1.956098333333333,-9.356203333333333,-6.525046666666667,-3.127123333333333,-578.8960000000001,6478.22,31.84856666666667,5994.116666666666,24896.77333333333,-0.1190066666666668,1.689058666666667,-2.065889666666667,-2.87989,0.5180316666666666,0.7098396666666668,6939.333333333333,73.76783333333333,6455.23,0.5673673333333333,0.9817269999999999,0.0206506,12232.6,-300.9022556390979,0.01777858490321288,4.537930977468465e-06,0.003057593777196833,-4.002000000000002,46.57252408878007,0,46.57252408878007,250.5868993649377,0.1789076015265981,0.3295278035816303,0.05950787538917277,0.01877054430039953,0.7675404845493758,453.1370990123556,73.71319331345074,3.954751407531452,1.376605259618142,2.263099213254543,0.8218114810790446,1.240266634290116,16.73215320871767,102.2468366258832,3.6902836155685,253.6912456773653,23237.53903140634,3.892804088434625,1.346779372646215,2.062907247924718,0.9038832033509641,1.251794706441249,0.57144269364682,111.9212979433918,3.002498636691337,249.3442126859979,0.008598780746904403,0.001008999999999976,0.001491776699107478,269.3292223283606,0,0.007777526180286013,1.985190450968553e-06,0.001337593277546541,-4.002000000000002,26.88865931949751,0,26.88865931949751,144.6764138037404,0.1032923519014517,0.1902529661033204,0.03435688787484161,0.01083717880467147,0.443139705368518,261.6188260945896,42.55833200234771,2.283276789716335,0.7947834172083892,1.306600939975341,0.4744730798241115,0.7160682751743098,9.660313159175205,59.03223864974138,2.130586238834539,146.4687089828783,13416.19941508689,2.247511488360207,0.7775634333363278,1.191020054902566,0.5218572107706604,0.7227240107340038,0.3299225930034364,64.6177914956696,1.733493396135228,143.9589483151362,0.004964508378927829,0.0005825464216123184,0.000861277678800514,155.4972990119116,0,0.004490356833817492,1.146150241259369e-06,0.0007722598388577291,1
-4.001000000000005,73.0,43.2217,73.0,9666.99,-0.2411024333333333,29.25923333333333,8.746333333333332,123.827,0.1850665,-51.36273333333333,219.8326666667128,-2.54325,-3.061176666666666,-10.25537666666667,-3.9869,-4.676373333333333,-636.724,6192.186666666666,30.31646666666667,5899.06,10677.65,1.4660313,0.948105,-2.23682,0.02238336666666666,-0.66709,-0.2798973333333334,6699.360000000001,76.42323333333333,6406.233333333334,0.560559,0.9804246666666666,0.02147776666666667,11952.46666666667,-300.8270676691732,0.03445457881023942,8.794428878890053e-06,0.00592556192405886,-4.001000000000005,46.57252408878007,0,46.57252408878007,128.9386644881978,0.1977169446940836,0.1384500391236252,0.1070621078315448,0.1126942766958478,0.1879389967775448,362.9477876003838,255.4020438471526,1.404198750925238,3.185589289163519,3.748487229754603,1.292184593508219,1.639714450943619,54.4054722707193,110.092583916144,7.662766852993333,168.0802364943602,2645.481101331098,1.377040673518059,3.099501901769863,3.356142874774553,1.001638612345942,1.961857752972932,1.526225297028369,66.75883836616656,8.110079754437274,204.2553828748055,0.01003409233563255,0.002105711360403698,0.001801161664963289,115.406513392153,0,0.004639140384352588,1.184126800506722e-06,0.0007978479079162033,-4.001000000000005,26.88865931949751,0,26.88865931949751,74.44277265121183,0.1141519312424795,0.07993416735733926,0.06181233677655112,0.06506407098647791,0.1085066303807437,209.5480028728607,147.4564387667342,0.8107145268424227,1.839200833626147,2.164190111152695,0.7460431229046571,0.9466895796464179,31.41101406088851,63.56198295976719,4.424100505313043,97.04116978547482,1527.369225989577,0.7950348035407151,1.789498257340588,1.937669992189933,0.5782963224686526,1.132679101790677,0.8811665860833455,38.54323330149298,4.682356729373694,117.926900286199,0.005793185911051014,0.001215733020764728,0.00103990117212059,66.6299815731957,0,0.002678408949714431,6.836559270272064e-07,0.0004606377044077998,1
-4.0,129.5,43.2227,129.5,9712.592777777778,-0.2270077638888889,29.33056111111111,8.751996666666667,123.9512777777778,-0.1089920322222222,255.6954811111111,318.0248192814654,-1.180652122222222,-1.951350666666667,-8.22836,-6.399388888888889,-5.196727777777777,-651.7045555555555,6239.142222222222,34.89880555555555,5876.291111111112,26043.47611111111,2.922958444444445,2.152260333333333,-0.02114199999999999,-2.295782333333333,-1.093116888888889,0.3050533333333333,6758.248333333333,82.09029444444444,6395.398333333334,0.5629606111111111,0.9791754444444444,0.02309414444444445,12002.47777777778,-300.7518796992481,0.03036236792071721,7.749904207045065e-06,0.005221775958027386,-4.0,28.35126306969512,0,28.35126306969512,456.1242722536139,0.1901850196557489,0.9864162915135775,0.1360803271860369,0.1552810755317643,0.8428223269376733,680.9370813046633,202.3088975398374,1.769998047779474,1.284703680140609,2.820416320118048,2.740203024770865,2.142422291298705,44.75033710976832,286.5557477752045,10.36739388918434,205.5910750491597,66341.127656164,1.844031063560839,1.250589680313063,2.821793719945899,2.739892619690779,2.152858850535312,1.37250800783092,285.074095884066,11.19909260360343,204.785267945834,0.00965760660971987,0.002802630764587859,0.003019671637236742,391.9806666234137,0,0.01981009231309225,5.056467208357253e-06,0.003406976163286171,-4.0,6.682456790595052,0,6.682456790595052,107.5095219914365,0.04482703902622563,0.2325005496007123,0.03207444071311025,0.03660010049948367,0.1986551275710181,160.4984092506343,47.68466444826448,0.4171925407572723,0.3028075613475792,0.6647785019082268,0.6458720468811227,0.5049737767808452,10.54775561023373,67.541837479943,2.443618174091406,48.45828110623109,15636.75374574533,0.434642289920837,0.2947668144770945,0.6651031581611196,0.645798883702108,0.507433697383665,0.3235032398566942,67.19260878008237,2.639651441048031,48.26835055053444,0.002276319707921648,0.0006605864062673713,0.0007117434305489284,92.39072915447974,0,0.004669283536839677,1.191820750625608e-06,0.0008030319828001927,1
-3.998000000000005,80.0,43.2247,80.0,9510.8675,-0.18700935,28.40075,8.818795,123.73475,0.08140389,932.8586399999999,130.25419125,-1.6772325,-3.6854275,-9.25113,-8.38741,-4.526972499999999,-642.34525,6124.3,33.360225,5799.77,13175.76,2.3674475,0.35924925,-1.1617975,-4.3427325,-0.482294925,-1.362758,6635.95,79.87405,6311.422500000001,0.56178675,0.9793477500000001,0.02278085,11811.325,-300.6015037593988,0.03886100496999839,9.919156064948826e-06,0.006683387211004028,-3.998000000000005,38.49675310984031,0,38.49675310984031,394.4531736784479,0.1494158078926836,0.978931902636746,0.134031118899057,0.1315608224358552,0.1120035931371329,1116.320403588605,246.6899742837988,2.291574563677051,0.5748759174160977,4.847988407810673,0.5633533661921257,0.5070370244452899,72.14864650786366,266.5874872032317,1.709582860183538,175.6784515338554,6455.605811468562,2.04416545942144,0.8162142720688709,4.013349720224366,0.6830311258586002,0.3820439562938919,2.43465717261233,249.9966139770694,3.755051827871356,215.4695516579238,0.00945193875614943,0.001263057500670508,0.0007050860633048035,361.5362810286127,0,0.01737252199463364,4.434284626441412e-06,0.002987758330271135,-3.998000000000005,19.24837655492016,0,19.24837655492016,197.2265868392239,0.0747079039463418,0.489465951318373,0.0670155594495285,0.06578041121792758,0.05600179656856644,558.1602017943023,123.3449871418994,1.145787281838526,0.2874379587080488,2.423994203905337,0.2816766830960629,0.2535185122226449,36.07432325393183,133.2937436016159,0.8547914300917692,87.8392257669277,3227.802905734281,1.02208272971072,0.4081071360344354,2.006674860112183,0.3415155629293001,0.1910219781469459,1.217328586306165,124.9983069885347,1.877525913935678,107.7347758289619,0.004725969378074715,0.0006315287503352539,0.0003525430316524018,180.7681405143063,0,0.00868626099731682,2.217142313220706e-06,0.001493879165135568,1
-3.996000000000002,78.0,43.2267,78.0,9236.296666666667,-0.1915272666666667,27.67746666666666,8.78033,123.8316666666667,0.1196600666666667,333.3718,274.0833303333333,-4.659236666666667,-2.329003666666667,-7.543076666666667,-4.229486666666666,-4.86073,-588.4683333333334,6052.603333333333,31.48986666666667,5457.826666666667,9696.616666666667,-0.953808,1.376425333333333,-0.1322223333333334,-0.524058,-1.155303333333333,0.5592296666666666,6521.34,74.1023,5926.563333333333,0.5730293333333333,0.9804893333333333,0.02253556666666666,11381.1,-300.451127819549,0.04682537182333343,1.195203704262105e-05,0.008053113691634618,-3.996000000000002,46.57252408878007,0,46.57252408878007,265.0270375515165,0.1859340360956362,0.772927139731382,0.2291456578248854,0.1064910011847664,0.04991998361791932,469.9844735584038,243.2055521485753,0.1158507239223531,1.724341162441567,1.020386997777478,2.537425718170551,2.77213159574,16.90416298825036,138.7610299519769,2.863050936210063,190.6156408412837,2901.034344924812,0.1117879939752029,1.688681212338591,1.161946873801179,2.507981409199837,2.818250068399419,0.8013330547483571,151.7867230689169,1.63913543979745,198.2312443418883,0.008066595461118284,0.000869565600362244,0.001072056473947772,260.8991950926643,0,0.01054781560061444,2.692298595148784e-06,0.001814032754520868,-3.996000000000002,26.88865931949751,0,26.88865931949751,153.0134314728971,0.1073490657913291,0.446249692187881,0.1322973072288315,0.06148260820029766,0.02882131597974743,271.345662323889,140.4147910013915,0.06688644664238358,0.9955488343103909,0.5891207078444207,1.464983421434447,1.600490923029556,9.759623051691657,80.11371799580358,1.65298322872449,110.0519915514682,1674.91295997069,0.06454082841375167,0.9749605525191491,0.6708503403731549,1.447983741724103,1.627117435634086,0.4626498548695092,87.63410542325033,0.9463552874053133,114.4488622825837,0.004657251060920455,0.0005020439334471801,0.0006189520938202272,150.6302205181064,0,0.006089784176377283,1.554399318648002e-06,0.001047332299141422,1
-3.995000000000005,69.0,43.2277,69.0,9196.44,-0.04755869833333334,27.3777,8.741996666666667,123.7126666666667,0.05479576666666666,78.98765333333334,333.3267487333333,-3.353941,-2.072856666666667,-7.728999999999999,-5.70487,-4.832450000000001,-540.0500000000001,5820.726666666666,24.62400333333333,5657.726666666666,8020.956666666666,0.0466096966666667,1.327693333333333,-0.9278966666666667,-2.30432,-1.431901666666667,0.473676,6250.896666666667,63.73033333333333,6087.893333333333,0.5558626666666667,0.9825233333333333,0.01889463333333333,11242.96666666667,-300.3759398496244,0.06561875738921275,1.67489928743251e-05,0.0112852347559106,-3.995000000000005,46.57252408878007,0,46.57252408878007,474.0635518577658,0.05176660491929627,0.9560119716823625,0.06671794086550764,0.09063295942058301,0.0501608288952977,85.03795822610357,288.6536311165335,2.529908451749391,0.2359764533451026,2.177369011651447,0.6820878910375109,1.498323168178347,77.75929704543373,315.3855244511603,15.26757980860206,188.7976806884378,275.0005789690877,2.998008259958997,0.2966069547959612,3.011142414521993,1.139573552343156,1.44243500361657,0.3062278482225286,274.1231307885805,16.77785748578564,135.5804124250011,0.005670868922249276,0.004347063414919699,0.004876116242803624,382.2676069631497,0,0.0190490984781868,4.862225792863275e-06,0.003276099041920254,-3.995000000000005,26.88865931949751,0,26.88865931949751,273.7007192780712,0.02988746328518871,0.5519537691993169,0.03851962111847837,0.05232696351892603,0.02896036806547489,49.09668807317705,166.6542516276936,1.46064332564262,0.1362410688612082,1.257104585002112,0.3938036275014911,0.8650572844808216,44.89435108117723,182.0879174403887,8.814741312370495,109.0023917678466,158.7716582951057,1.730900875920049,0.1712461051949634,1.738483883592572,0.6579330972066992,0.8327902376265655,0.1768007306046367,158.2650633518899,9.686700535843519,78.27738761041485,0.003274077698799703,0.002509778232788262,0.002815227025382579,220.7023057826485,0,0.01099800213420084,2.807207370370354e-06,0.001891456663744534,1
-3.994,64.0,43.2287,64.0,9083.773333333333,-0.07240838333333334,27.0642,8.78231,123.8013333333333,-0.09744293666666666,172.9452306666667,167.0766126666666,-4.313016666666667,-4.520806666666666,-9.855946666666666,-6.923833333333334,-3.650523333333334,-583.217,5747.853333333333,31.60563333333333,5648.080000000001,8729.496666666666,-0.640653,-0.8484406666666667,-2.51124,-3.251473333333333,0.02183733333333334,0.957553,6212.41,73.83776666666667,6112.636666666666,0.5533133333333333,0.9795929999999999,0.02174283333333333,11224.76666666667,-300.3007518796992,0.06829323546525633,1.74316454575262e-05,0.0117451964214244,-3.994,46.57252408878007,0,46.57252408878007,108.1844130793946,0.1148248686672048,0.5682425274475685,0.03240546404543406,0.1338294935107063,0.101892308571673,204.2366651142043,288.3066554310101,0.9508291868329102,1.378725303217916,3.830914532919436,2.042196384100543,1.744817254537945,44.01468915032793,226.3341989919623,10.19773707855489,53.97062534379204,1570.711275197747,1.223628305813902,1.141760262901689,3.649278565949714,1.830180681581284,1.575844947030428,0.6822596421443965,246.5699257817137,11.96211545101172,52.54279811100078,0.01122192917164123,0.003514812512780762,0.003303125079880164,225.0944764611815,0,0.01713439790528886,4.373504160088105e-06,0.00294680531079602,-3.994,26.88865931949751,0,26.88865931949751,62.46030001351015,0.06629416883467414,0.328074976186847,0.0187093033898461,0.07726649410391757,0.05882755178220784,117.9160935820773,166.4539251222544,0.5489614869713337,0.7960074249514121,2.211779536823486,1.179062632098529,1.007370711594187,25.41189262923954,130.6741107148277,5.887666247428696,31.15995507057077,906.8505775545999,0.7064621317497021,0.6591955951363079,2.106911962398999,1.056655309176607,0.9098145043691294,0.3939027880492851,142.3572130241385,6.906330575719,30.33559863336246,0.006478983828073978,0.002029277950405038,0.001907060154035817,129.958356577961,0,0.009892549243020684,2.525043804128816e-06,0.001701338839437501,1
-3.992000000000004,70.0,43.23069999999999,70.0,8740.003333333334,-0.1505250666666667,27.17516666666667,8.572383333333333,123.8386666666667,0.2038901,75.04273333333333,453.7703333333333,-3.101072233333333,-1.490883333333333,-7.165693333333334,-2.922656666666667,-4.431366666666666,-644.0913333333334,5652.02,26.28503333333333,5472.053333333333,9037.199999999999,0.954598,2.564787666666667,0.9456470000000001,1.13301,-0.3756936666666666,0.5126476000000001,6165.06,72.92523333333334,5985.096666666667,0.5567676666666667,0.9797076666666666,0.0219614,11072.83333333333,-300.1503759398499,0.0715836356965225,1.827151034098122e-05,0.01231108551363153,-3.992000000000004,46.57252408878007,0,46.57252408878007,416.8582403327703,0.2151490686539529,0.4882118836461626,0.1593174856484162,0.02706165799305753,0.3767386326902379,118.8842413797696,80.03662706744542,2.632209274414738,3.070959700522514,2.074099502442766,0.6804272092100179,0.9776886322512568,89.78553794644952,207.7195522814357,5.401216086524713,162.828358197623,2560.469634168701,3.187491283528789,3.591661891738466,1.488905067916353,0.1402678298826926,1.302015426333472,0.4248686986826401,170.8534486043519,1.101593574478961,161.2362875823343,0.003856055281415632,0.0007220431658379537,0.0006083042659722188,290.9847819617606,0,0.0118727819810006,3.030492327349149e-06,0.002041902913013157,-3.992000000000004,26.88865931949751,0,26.88865931949751,240.6732172700387,0.124216372703257,0.2818692624446862,0.09198199322572745,0.01562405552700935,0.2175101509978404,68.63784876301446,46.2091681824193,1.519706733146779,1.773019409767166,1.1974819060614,0.3928448324013497,0.5644687950139001,51.837704502718,119.9269394256355,3.11839356150638,94.00899643710244,1478.287832539162,1.840298950584932,2.073646960033324,0.8596197417593046,0.08098366934141722,0.7517189568826755,0.2452980575546683,98.64228454369847,0.63600534676299,93.08981403879665,0.002226294554735394,0.0004168718161630722,0.0003512046317082583,168.000142195707,0,0.006854753872760436,1.749655560972126e-06,0.001178893196487227,1
-3.990000000000002,79.0,43.2327,79.0,8531.29,-0.3308086333333333,27.23563333333334,8.61209,123.9123333333333,-0.061815,450.4536666666666,323.3423333333333,-4.072836666666666,-3.934543333333334,-9.282783333333333,-3.390431666666666,-4.223683333333333,-638.991,5633.829999999999,29.17633333333333,5411.610000000001,17381.12333333333,-0.04928000000000004,0.08900900000000005,-1.235661666666667,0.6331199999999999,-0.2001326666666667,1.726947,6142.81,75.44723333333333,5920.586666666666,0.5585023333333333,0.9789530000000001,0.02294823333333334,10997.7,-300.0000000000001,0.07312981109558629,1.866616701800073e-05,0.01257699960659051,-3.990000000000002,46.57252408878007,0,46.57252408878007,87.75368938113101,0.225769622788371,0.4083335931971963,0.2350646991787576,0.1065895554608098,0.3675225846407265,1306.52326415963,185.3588002937366,1.55730459478335,1.214402139381076,1.652922947760523,3.420742872046704,1.498914906335024,22.11302937184324,182.3571416205024,1.082740270486569,141.7783636525687,10334.6399036267,1.423634843771394,1.304959695267635,1.374435903910522,3.452197020333573,1.635951169424483,1.523452466517089,182.8935534675839,1.836421962222554,143.4637366491384,0.01317364221972543,0.0004826251133125599,0.0009404180152109678,73.83989436612228,0,0.01270946125927828,3.244052227407114e-06,0.0021857965563317,-3.990000000000002,26.88865931949751,0,26.88865931949751,50.6646161865788,0.1303481524917063,0.2357515099515684,0.1357146673478341,0.06153950853810109,0.2121892631755904,754.3215582650707,107.0169532462549,0.8991102270084083,0.7011354020761216,0.9543155088392475,1.974966818004658,0.8653989246648687,12.7669634604318,105.2839448032478,0.6251203866278688,81.85577642007517,5966.707130336726,0.8219359602791451,0.7534188313443814,0.7935309391066264,1.993126878985213,0.9445168480483083,0.8795656916412404,105.5936423275568,1.060258714234932,82.82882697332967,0.007605805881766298,0.0002786437390886801,0.0005429505942328259,42.63148288921423,0,0.007337810879299433,1.872954426758702e-06,0.001261970230191864,1
-3.989000000000004,52.0,43.2337,52.0,8828.91,-0.08445036666666667,27.0001,8.648523333333333,123.771,0.008946396666666667,362.19352,166.6666705173027,-1.748350666666667,-3.52891,-8.55853,-7.034110000000001,-6.444033333333334,-614.0396666666667,5732.350000000001,30.03773333333334,5502.77,7932.656666666667,2.118096333333333,0.3375346666666667,-0.8256433333333332,-3.167666666666667,-2.577588,0.6167303333333334,6221.453333333334,74.50186666666667,5991.87,0.5589553333333334,0.9795536666666665,0.02227586666666667,11134.76666666667,-299.9248120300755,0.06766480492478291,1.727124042909864e-05,0.01163711777959702,-3.989000000000004,46.57252408878007,0,46.57252408878007,836.6507020854045,0.1162513856296919,1.181081830357237,0.2995500225894392,0.1678481456555311,0.01764261712177741,629.6223971475406,288.6751312600643,1.037364210796446,0.3332195656020214,2.626886233337866,2.282480154108683,1.577324551902155,27.23350326956366,384.5272704243484,14.34282831046002,487.024195805506,828.6987998261692,1.183782670582034,0.1883142408882911,2.844850539085197,2.426966660511292,1.596699847445349,0.1890095974450327,401.8922796388771,14.72117254206788,500.5924265308058,0.006263164721874465,0.002967858543349641,0.002656478824183121,805.961179793005,0,0.02792790812814867,7.128515577621482e-06,0.004803093078984056,-3.989000000000004,26.88865931949751,0,26.88865931949751,483.0405080666977,0.06711776878696961,0.681897912691727,0.1729452861777712,0.09690717207720037,0.01018596974446769,363.51266048095,166.6666647413487,0.5989225063510119,0.1923844058995772,1.516633473948139,1.317790531394627,0.910668754640115,15.72327044365913,222.0069230902496,8.280835785984676,281.1835505501699,478.4494751567586,0.6834572435225515,0.1087232776690949,1.64247522454509,1.401209854760442,0.9218550867376065,0.1091247419643125,232.0326158347381,8.49927292994982,289.0171722118487,0.00361603983815319,0.001713493928919646,0.001533718764238666,465.3219041098799,0,0.01612418527568977,4.115650387662204e-06,0.002773067082094273,1
-3.988000000000007,78.0,43.2347,78.0,9007.33,-0.07488008025000001,27.4096,8.57311,123.85775,-0.0001752374999999997,159.3910025,131.652175150002,-2.449298,-3.155875,-9.58202,-5.5035425,-3.9273275,-621.5045,5837.0525,33.555575,5530.2125,7854.875,1.46415,0.7575709999999999,-1.755125,-1.590097,-0.01388024999999998,-51.323927,6332.1075,78.560225,6025.2625,0.5616375,0.9787385,0.0234394,11272.825,-299.8496240601509,0.05997533300101179,1.530852556550177e-05,0.01031466823526892,-3.988000000000007,38.23610858861032,0,38.23610858861032,326.5275366642141,0.06202481518246838,0.5201421408294724,0.109766166918591,0.1671294408534892,0.03855822136867344,248.6839152191199,245.8844306636853,1.994273237455021,1.786007238591154,2.207606318224938,0.85306176163179,1.53042792136437,68.33870193138488,195.965283383733,4.297244952582993,90.84971193313316,521.1138003993631,1.850703361968092,1.852013435333916,2.147822420817575,0.7854034518869903,1.29861766631301,102.3750322743025,204.4374508050486,7.776636043249464,100.4939170215455,0.006255475974429625,0.002184400680583449,0.002064867149883175,264.2966057923065,0,0.01420656885762182,3.626184494070185e-06,0.002443271878547142,-3.988000000000007,19.11805429430516,0,19.11805429430516,163.263768332107,0.03101240759123419,0.2600710704147362,0.05488308345929552,0.08356472042674461,0.01927911068433672,124.34195760956,122.9422153318426,0.9971366187275107,0.8930036192955771,1.103803159112469,0.426530880815895,0.7652139606821852,34.16935096569244,97.98264169186648,2.148622476291496,45.42485596656658,260.5569001996815,0.9253516809840461,0.926006717666958,1.073911210408787,0.3927017259434952,0.6493088331565052,51.18751613715125,102.2187254025243,3.888318021624732,50.24695851077276,0.003127737987214813,0.001092200340291725,0.001032433574941588,132.1483028961532,0,0.007103284428810912,1.813092247035093e-06,0.001221635939273571,1
-3.986000000000004,63.0,43.23670000000001,63.0,8814.876666666667,-0.14437962,27.7744,8.524790000000001,123.917,-0.05109603333333333,-79.79146666666666,161.8950000000366,-1.619386666666667,-4.9542,-9.068173333333332,-3.917986666666666,-3.355403333333333,-613.6463333333332,5762.416666666667,23.8408,5520.55,7848.863333333334,2.2445832,-1.090229,-1.340237,-0.05401370000000005,0.5085646666666667,2.14305,6251.206666666666,68.27643333333333,6009.343333333333,0.559193,0.9812333333333333,0.02051106666666666,11178.86666666667,-299.699248120301,0.06559721517016963,1.674349428691494e-05,0.01128152988540196,-3.986000000000004,46.57252408878007,0,46.57252408878007,593.5177309342442,0.2579545528562603,1.353761674003218,0.06708243510785819,0.09913626985115359,0.01590079549026819,35.9446473386975,280.4103654913317,2.481957326795393,0.6287363176244871,2.925976101856154,1.576582784516352,1.087054673985322,81.85854274498986,234.9233869441976,5.421136442665873,209.4980517809175,447.4814590944899,2.70122377821289,1.002420197199258,2.363404054873605,1.603180900477569,1.334102103033098,1.780900684934452,191.0711135502518,0.6393807968130798,177.9887311976053,0.001975753274070436,0.0005982694487715208,0.0005819279193622978,334.0652680739704,0,0.01327772832553386,3.389100707782533e-06,0.002283528173050812,-3.986000000000004,26.88865931949751,0,26.88865931949751,342.6676217237018,0.1489301305302515,0.7815946669043562,0.03873006196741753,0.05723635208501891,0.009180328556635527,20.75265181692317,161.8949999999817,1.432958730742484,0.3630010822297917,1.689313090049062,0.9102404950402454,0.6276113086492663,47.26105168929038,135.6330806911711,3.129894584486832,120.9537565904149,258.3535408655703,1.55955227549263,0.5787475706941095,1.364511967285129,0.9255969244503913,0.7702442083126048,1.028203489846895,110.3149588425994,0.3691466751547091,102.7618418696574,0.001140701684636851,0.0003454110272961666,0.0003359762408927815,192.8726724494113,0,0.007665900022973694,1.956698205948997e-06,0.001318395605412981,1
-3.984000000000002,53.0,43.2387,53.0,9436.84,-0.1229019,28.55423333333333,8.699620000000001,123.6646666666667,0.2402948333333333,143.6918333333333,166.6677220533333,-2.326995666666666,-2.769941,-11.20233333333333,-5.246813333333333,-3.181593333333333,-599.781,6209.383333333334,24.4567,5640.106666666667,9920.62,1.4496699,1.006718333333333,-3.649,-1.470153333333333,0.595067,-0.2137369999999998,6687.13,67.8883,6117.856666666667,0.5710173333333334,0.9825393333333334,0.02000726666666667,11703.8,-299.5488721804513,0.03530445409700577,9.011357020910229e-06,0.006071725041222394,-3.984000000000002,46.57252408878007,0,46.57252408878007,982.8761395008019,0.06365038502185198,1.690279681985598,0.1678084381072651,0.068134670567443,0.2505002804451191,133.1192117033576,288.6742206032994,2.70885204636509,2.034547572467402,1.362072106510273,0.3296752554155883,0.241717403041927,38.42414070607173,583.3319394935731,8.18391604856746,342.4188374393754,2276.557968249436,2.805202105877762,2.12137734085955,1.53663057372291,0.5402244520875867,0.2498747770364188,4.667066799421988,553.4071820097748,5.902017388147891,319.8081534816355,0.01114073917356177,0.0007589481756571971,0.000700250279066943,788.5020735546603,0,0.03845683462870768,9.81599278609947e-06,0.006613877251286443,-3.984000000000002,26.88865931949751,0,26.88865931949751,567.4638037208482,0.03674856692638957,0.9758834294001398,0.09688424691352017,0.03933757039325969,0.1446264043470663,76.85641271124429,166.6661389734203,1.563956458163753,1.174646588643154,0.7863926973493867,0.1903380974593485,0.1395556077140738,22.18418798003057,336.786852293521,4.724986133665722,197.6956079712221,1314.3713557946,1.619584190959831,1.224777778798034,0.8871740753839312,0.3118987328355863,0.1442652697856741,2.69453227297225,319.5097855048157,3.407531327809037,184.6413235016594,0.006432108760827296,0.0004381789335166581,0.0004042896871194101,455.2418844233613,0,0.0222030638250653,5.667266077417954e-06,0.00381852381141737,1
-3.983000000000004,83.0,43.2397,83.0,9939.6,-0.2935381533333333,29.8536,8.79449,123.8473333333333,0.2373267666666667,113.2054,470.5616666666667,-4.166056666666667,-4.645683333333333,-10.19047333333333,-4.751593333333333,-4.423503333333334,-580.2503333333334,6379.796666666666,35.22086666666667,5956.77,12137.02,-0.5123753333333332,-0.9920029999999999,-2.88313,-1.097913333333333,-0.7698226666666667,0.2479996666666666,6841.990000000001,77.23816666666666,6418.959999999999,0.5651166666666666,0.9806383333333333,0.0216801,12105.53333333333,-299.4736842105266,0.02454307331952161,6.264546548854384e-06,0.004220962954227782,-3.983000000000004,46.57252408878007,0,46.57252408878007,415.8649770057582,0.2490667985433437,0.9877920277062371,0.1509329211934896,0.1638576618084545,0.2580818544021709,543.9158567906254,29.77605874412082,1.579195868419537,2.434187401420304,2.324423635104696,1.676051400534403,2.40229862894548,48.98576367000247,245.8400783707438,6.641115630926278,180.329154326193,3553.566374390663,1.830744033934109,2.726922533152894,2.941056158933385,1.954617639599452,2.697419015878203,1.83010946754568,245.3361752779235,4.84364723357651,143.1496898355003,0.008873931785478954,0.0005877561852785998,0.001149427353076303,299.8708110725914,0,0.01704866331303973,4.351620660128686e-06,0.002932060517710487,-3.983000000000004,26.88865931949751,0,26.88865931949751,240.099756420812,0.1437987831851978,0.5703019930995623,0.08714116268063778,0.09460326515389388,0.1490036281120512,314.0299663345735,17.19121553132427,0.9117491597351643,1.405378751468008,1.342006611438425,0.9676687272741867,1.386967760095542,28.28194384133532,141.9358354249476,3.834249897234718,104.1130857929651,2051.652502837652,1.056980560809159,1.57438945857508,1.698019565061997,1.128499020385535,1.557355594934496,1.056614193733981,141.6449068386624,2.796481034164984,82.64751196093755,0.005123366905116651,0.0003393411917884672,0.0006636221917125225,173.130493494872,0,0.009843050353106784,2.512409359536434e-06,0.001692825929180423,1
-3.982000000000006,70.5,43.2407,70.5,9777.255000000001,-0.223092675,29.499975,8.6667375,123.92925,-0.03593791,532.14145,438.6415,-3.91484,-5.325487499999999,-10.9447775,-4.128895,-3.866265,-577.7012500000001,6331.8675,33.933075,5758.67,11690.92,-0.2772085,-1.6878525,-3.66954,-0.4912605,-0.228635,0.85712525,6792.0275,75.765825,6218.827499999999,0.57110375,0.98088975,0.021922775,11891.45,-299.398496240602,0.02801501886449805,7.150750334274051e-06,0.004818074543866604,-3.982000000000006,39.58535082577897,0,39.58535082577897,279.9172261580194,0.2161245431769589,0.6842684968879791,0.1383973632636594,0.286845341604147,0.1400694883566739,780.6731389772183,88.56752213424512,2.14790750038264,3.741629708272185,2.186033778335779,1.850166007713902,1.923160360595722,29.15932871169478,202.4213454447597,9.929270665520534,111.8480668883761,6418.265511538144,2.203793707801541,3.899986226226746,2.059656445737169,1.731849785310781,2.033014856438585,0.6400686333643577,218.0975915158167,11.9336980098026,127.6370882293492,0.005842192132809967,0.002679355317360281,0.00322034747956904,298.9634816049166,0,0.01515582609423933,3.86847958353224e-06,0.002606526886493035,-3.982000000000006,19.79267541288949,0,19.79267541288949,139.9586130790097,0.1080622715884795,0.3421342484439895,0.06919868163182968,0.1434226708020735,0.07003474417833694,390.3365694886091,44.28376106712256,1.07395375019132,1.870814854136092,1.09301688916789,0.9250830038569512,0.9615801802978611,14.57966435584739,101.2106727223798,4.964635332760267,55.92403344418805,3209.132755769072,1.101896853900771,1.949993113113373,1.029828222868584,0.8659248926553907,1.016507428219292,0.3200343166821789,109.0487957579084,5.966849004901301,63.81854411467458,0.002921096066404984,0.001339677658680141,0.00161017373978452,149.4817408024583,0,0.007577913047119664,1.93423979176612e-06,0.001303263443246517,1
-3.980000000000004,47.0,43.24269999999999,47.0,10225.74,-0.09926113333333335,30.0085,8.759253333333334,123.8563333333333,0.09542276666666666,84.8017,324.5586666861288,-3.451175666666666,-0.9958179999999999,-8.518479999999998,-4.61091,-4.555543333333333,-597.7993333333334,6553.246666666666,32.793,6003.97,9309.316666666668,0.3130133333333335,2.768367333333333,-0.9901133333333334,-0.846728,-0.7913609999999999,1.146059666666667,7029.413333333333,76.0811,6480.139999999999,0.5696063333333333,0.9814189999999999,0.02117543333333334,12343.13333333333,-299.2481203007522,0.0115188329954525,2.94014790034855e-06,0.001981030114556547,-3.980000000000004,46.57252408878007,0,46.57252408878007,281.3340057653898,0.1143066174543422,0.1815955120590795,0.1138110461832835,0.08305018563093809,0.1502933261779888,150.7511295735127,281.3840512651411,2.915192712088917,2.177873376495751,1.214111548046554,1.46303818880438,0.3589018194901402,11.19384055332814,73.73763240932946,5.200554131051809,247.661076675363,1212.282335445557,2.856957487263913,2.107901850808366,1.114014210067957,1.405142050104544,0.4281309877046977,0.5427272976756682,82.47664659364673,5.703863917556236,256.035799840569,0.007397097831807632,0.001204731920387312,0.001471390445576339,284.0905020118292,0,0.005731387054398972,1.46291951803873e-06,0.0009856945019887304,-3.980000000000004,26.88865931949751,0,26.88865931949751,162.4282639608435,0.06599495635742006,0.1048442177709375,0.06570883815067169,0.0479490470302705,0.08677189232626605,87.03620523990769,162.4571577435967,1.683087297064171,1.257395780180741,0.7009676290909114,0.844685492140911,0.207212062095279,6.46276685672975,42.57244192093204,3.002541327497982,142.9871892863134,699.9115327033204,1.649465174335137,1.21699770098952,0.6431764040638032,0.8112591408775209,0.2471815409997276,0.3133437514096052,47.61791411269957,3.293127368222087,147.8223379601337,0.004270716424416133,0.0006955522985369495,0.0008495076698365428,164.0197278107455,0,0.003309017858687183,8.446169775424185e-07,0.0005690909860619276,1
-3.978000000000002,69.0,43.2447,69.0,10261.625,-0.1907209,30.267475,8.809212500000001,123.9245,-0.0171951375,248.18365,274.2943511314275,-3.14562575,-3.0575325,-8.380015,-5.5735375,-6.354095,-638.678,6504.9775,38.690675,6108.15,10440.08,0.8759555,0.9640500000000001,-0.33683785,-1.55195175,-2.3325115,2.65308025,7013.71,84.938925,6616.8825,0.56381875,0.979249,0.023092175,12439.55,-299.0977443609024,0.0126100737902075,3.218683871200825e-06,0.002168703716343786,-3.978000000000002,40.52159917870962,0,40.52159917870962,248.7054532976712,0.2088683539479832,0.4788278631199287,0.09415459817944806,0.1902813706067926,0.1512224863508586,435.8358539712973,263.6246592033939,2.369903496005463,1.705726828801044,1.61817143575704,2.115094997431164,2.186059316098262,59.25636715718123,112.5541749188664,7.940373679021659,128.0653492037042,3176.920321611271,2.307317777582374,1.954085474606131,1.933904955332144,2.405010376089658,2.360625674859457,3.336641377716059,93.5424142657583,5.60271550195379,84.15194882869135,0.003879606713315175,0.001272899577081156,0.001307637078537722,130.375061521239,0,0.006500358638505687,1.659197230314932e-06,0.001117943651356123,-3.978000000000002,20.26079958935481,0,20.26079958935481,124.3527266488356,0.1044341769739916,0.2394139315599643,0.04707729908972403,0.0951406853033963,0.0756112431754293,217.9179269856486,131.8123296016969,1.184951748002732,0.8528634144005222,0.80908571787852,1.057547498715582,1.093029658049131,29.62818357859062,56.27708745943318,3.97018683951083,64.0326746018521,1588.460160805636,1.153658888791187,0.9770427373030653,0.9669524776660722,1.202505188044829,1.180312837429728,1.668320688858029,46.77120713287915,2.801357750976895,42.07597441434567,0.001939803356657587,0.0006364497885405779,0.000653818539268861,65.18753076061951,0,0.003250179319252844,8.295986151574662e-07,0.0005589718256780617,1
-3.977000000000004,74.0,43.2457,74.0,9855.19,-0.1991038,29.9532,8.601603333333333,123.9706666666667,-0.01417478,477.1257333333334,135.4841766666667,-1.620498333333334,-3.114624,-8.543063333333334,-4.063326666666667,-2.110630333333333,-639.7706666666667,6462.583333333333,37.57863333333333,5906.94,9941.493333333334,2.407963133333334,0.9138403333333333,-0.4861233333333333,-0.03486333333333332,1.91784,0.8578866666666666,6972.186666666667,83.90596666666666,6416.540000000001,0.5697336666666667,0.9793923333333333,0.02346066666666667,12233.73333333333,-299.0225563909777,0.01549557295816823,3.955198961183166e-06,0.002664957177915353,-3.977000000000004,46.57252408878007,0,46.57252408878007,425.1376839330999,0.2352670097334516,0.859270667484932,0.2077036969659746,0.1437265922970908,0.09354808215894754,970.6660858298355,191.3607191712699,2.163925368227457,1.881060684451195,2.481581827027538,2.843825455901493,3.152806495117696,60.81570613199639,332.052767242397,13.31351088568802,172.3926729881518,2288.593750981885,2.19700580266859,1.580339688349417,2.923341279466586,2.826486712976612,3.185283623855182,0.2494671651907989,379.6169806967717,13.67935333205972,200.162143523694,0.008757501717575262,0.00297215617579781,0.00308607424138392,517.7208160131619,0,0.02637997467956101,6.733410163684063e-06,0.00453687663342988,-3.977000000000004,26.88865931949751,0,26.88865931949751,245.4533562614293,0.1358314714010466,0.4961001511791749,0.1199177853549859,0.08298058675243296,0.05401001041664159,560.414325947096,110.4821627258531,1.249342893852382,1.086030892529919,1.432741935850433,1.641883392493037,1.820273678659003,35.11196430626529,191.710754552558,7.686559093710989,99.5309561560286,1321.320218195087,1.26844189158188,0.9124095444795853,1.687791874633178,1.631872864597947,1.839024357678096,0.1440299349768806,219.1719659942341,7.897778328604681,115.5636674449772,0.005056145974070688,0.001715975168170474,0.001781745794002176,298.9062524902718,0,0.01523048548246006,3.887536170567156e-06,0.002619366945590864,1
-3.976000000000006,37.0,43.2467,37.0,10172.8,-0.23679765,30.6285,8.79798,123.8755,0.073360425,94.975385,304.4215,-3.18618,-2.764725,-10.655555,-5.629345000000001,-2.693235,-590.684,6632.014999999999,30.9881,6010.635,9205.54,0.5331995,0.9546539999999999,-3.2167995,-1.9099705,1.026145,0.671796345,7102.514999999999,73.76095000000001,6481.135,0.571912,0.982136,0.02053405,12417.05,-298.9473684210531,0.006438922944640665,1.643515951977534e-06,0.001107377827569692,-3.976000000000006,29.69848480983499,0,29.69848480983499,168.8570993473477,0.2983613728692858,0.1071973880278807,0.03337544007200514,0.05444722215136288,0.09768195813947042,129.992551967551,276.5897672085864,1.701468621162318,0.5723675840314509,4.645613770649686,1.887388207139697,1.092529474407899,41.70515795438259,213.3977554942878,4.02640743343244,43.56484878890264,614.999051869187,1.964074644666159,0.3097636818479532,4.12041091603016,1.624789254703668,0.8299241580108387,0.9588985327820237,246.6176320744315,1.006425081662806,10.34497220875895,0.008892574880202004,0.0008485281374239206,0.0002423254939126296,238.0828532255091,0,0.01713771306466779,4.374350344670441e-06,0.002947375458012044,-3.976000000000006,21.0,0,21.0,119.4000000000001,0.2109733499999999,0.07580000000000009,0.02360000000000007,0.03849999999999909,0.069071575,91.91861499999999,195.5785,1.20312,0.404725,3.284945,1.334585,0.772535,29.49000000000001,150.8949999999997,2.847100000000001,30.80499999999961,434.8699999999994,1.3888105,0.219036,2.9135705,1.1488995,0.5868449999999998,0.6780436549999999,174.3849999999995,0.7116499999999952,7.314999999999827,0.006287999999999987,0.0006000000000000449,0.0001713499999999998,168.349999999999,0,0.01211819312205588,3.09313279200218e-06,0.002084109173063123,1
-3.974000000000004,85.0,43.2487,85.0,10553.3475,-0.22675975,30.739075,8.8972875,123.91,-0.10041345,236.381575,365.728188,-3.66639,-3.595225,-8.596955,-5.6676575,-4.7783675,-578.25025,6678.2725,38.983,6211.4325,11623.405,-0.02530325000000002,0.04585925,-1.31477075,-2.02657,-1.1372795,-0.03491517750000001,7138.87,80.8555,6672.03,0.5661214999999999,0.9806165,0.02186685,12609.95,-298.7969924812033,0.003912576579114127,9.986735477957516e-07,0.0006728921264674728,-3.974000000000004,38.07886552931954,0,38.07886552931954,677.6413154157096,0.1379864100805462,1.098256067211407,0.1502864002219317,0.2356522862184906,0.170187642406776,468.2920133398845,244.4222360425719,1.158815937814687,0.6852756211189772,2.093527747789998,1.675961378082741,0.8407159204461794,70.69486516183478,301.7609905620669,11.82065667183229,344.2325337495957,5118.308043468402,1.353217005961073,0.5768906615598113,2.972842777079808,1.451601112817613,0.8508827090300598,1.303498397435381,289.5763782953761,11.99009935710849,289.1337473673159,0.01204747167112944,0.002231011504527366,0.003434221156244891,431.2080124487479,0,0.0201229605514745,5.136325896692128e-06,0.003460783819180495,-3.974000000000004,19.03943276465977,0,19.03943276465977,338.8206577078548,0.0689932050402731,0.5491280336057034,0.07514320011096584,0.1178261431092453,0.085093821203388,234.1460066699422,122.2111180212859,0.5794079689073437,0.3426378105594886,1.046763873894999,0.8379806890413705,0.4203579602230897,35.34743258091739,150.8804952810335,5.910328335916146,172.1162668747978,2559.154021734201,0.6766085029805363,0.2884453307799056,1.486421388539904,0.7258005564088067,0.4254413545150299,0.6517491987176904,144.7881891476881,5.995049678554243,144.566873683658,0.006023735835564722,0.001115505752263683,0.001717110578122446,215.604006224374,0,0.01006148027573725,2.568162948346064e-06,0.001730391909590248,1
-3.972000000000001,48.0,43.2507,48.0,10476.13333333333,-0.0641732,31.0942,8.562243333333333,123.8226666666666,0.02837616666666666,-189.25641,493.911,-2.18437,-3.348636666666666,-10.97341333333333,-5.360636666666667,-4.0563,-586.0483333333333,6810.943333333334,29.24693333333333,6016.266666666666,9089.726666666667,1.505823333333334,0.3415583333333334,-3.593018666666667,-1.670443333333333,-0.3661033333333333,0.605559,7277.753333333333,71.68416666666667,6483.079999999999,0.5778386666666667,0.9830836666666666,0.01994196666666667,12593.86666666667,-298.6466165413535,-0.005738569188974827,-1.464752736551539e-06,-0.0009869296987215228,-3.972000000000001,46.57252408878007,0,46.57252408878007,246.9686282371372,0.0695390567391448,0.4330585295315166,0.1020872785087997,0.2147238536663574,0.03808690340160688,306.4469173680367,10.54645736728688,2.777388361248748,0.3195705597099541,3.356775332746196,2.700540341900734,1.494574978012144,27.95928248960143,193.0125136703148,8.341986335599772,106.3141130487072,758.3065878873351,2.703802070239857,0.2864692749429393,3.006882077981332,2.526548521784874,1.320842029779993,0.4272562935674558,200.6721690552362,9.968814052500598,106.7671564667715,0.003034867432579794,0.001923495342685611,0.002499606497697855,285.9043954424855,0,0.01394491555370704,3.559398265601727e-06,0.00239827226141292,-3.972000000000001,26.88865931949751,0,26.88865931949751,142.5874039941038,0.04014839312753792,0.2500264585998846,0.05894011772789183,0.1239708747157052,0.02198948393151701,176.927210234767,6.088999999999994,1.603525918011098,0.1845041486736214,1.938035141970112,1.559157693353833,0.8628932658793903,16.14229927172018,111.4358267245226,4.816248056434708,61.38048178732738,437.8085126450196,1.561040853088449,0.1653931130028629,1.736024177143983,1.458703469173148,0.762588501450451,0.2466765361041324,115.8581308229067,5.755497476712544,61.64204652670144,0.001752181529154773,0.001110530553884529,0.001443148484313995,165.0669796712162,0,0.008051100748759357,2.055019546798244e-06,0.001384643135716762,1
-3.971000000000004,58.0,43.2517,58.0,9744.523333333333,-0.307083,29.73893333333334,8.699233333333334,123.8306666666667,0.1099025,128.5928666666667,248.8193666666667,-2.740993333333333,-3.238748666666666,-10.54793333333333,-6.731490000000001,-6.893473333333333,-595.598,6359.490000000001,29.79433333333334,5819.419999999999,9279.763333333334,1.009327333333333,0.51157,-3.047296666666667,-2.98117,-3.143152,0.4962665933333334,6833.903333333333,72.923,6293.836666666666,0.5696633333333333,0.9816993333333333,0.02083436666666667,11994.86666666667,-298.5714285714288,0.02510502410875437,6.407982818284993e-06,0.004317608285990854,-3.971000000000004,46.57252408878007,0,46.57252408878007,547.4484282864764,0.2471413025538224,1.563378729973429,0.1250454322769664,0.1555452774382145,0.2896736632803369,328.2124217738465,231.7830314527,0.7090630532141226,3.252599839596832,0.8114614367505912,1.684028210007184,2.141664664982203,49.08632677233044,361.9577769574786,7.199673742839556,277.1626051616632,1326.005271118232,0.9572512330320255,3.216777271105353,1.367677767324355,1.375038811343156,1.870677091652111,0.422676164712864,397.3489965173352,10.36867953936276,316.0411049742316,0.007078847387345814,0.002042377128087126,0.002001538633984698,635.6770118018533,0,0.02761219070821563,7.047929644160513e-06,0.004748795415598854,-3.971000000000004,26.88865931949751,0,26.88865931949751,316.0694974386347,0.1426870975573241,0.9026171305954946,0.07219501398603968,0.08980410780012817,0.1672431674720475,189.4935300625093,133.8199956028039,0.4093777446455916,1.877889392957364,0.4684974789449544,0.9722741403705714,1.236490670841385,28.34000397553492,208.9764199616788,4.156733573505898,160.0199046993842,765.569500226974,0.5526692570731412,1.857207223395745,0.789629127129383,0.7938790278751544,1.080035922432212,0.2440321974770107,229.4095501015112,5.986359923192055,182.4664170318594,0.004086974444636384,0.001179166984687837,0.001155588869124501,367.0082938814569,0,0.01594190573830358,4.069124077285616e-06,0.002741718311522459,1
-3.970000000000006,82.75,43.2527,82.75,10285.175,-0.119711575,30.833275,8.65617,123.901,-0.047300085,-92.4871725,374.9540164575,-1.5078015,-3.0161025,-10.5281,-4.7866,-6.8075075,-581.082,6665.2725,31.060025,6042.835,9237.6425,2.1511175,0.64281875,-3.2102475,-1.12768025,-3.14859,1.1947084925,7128.127500000001,73.13759999999999,6505.684999999999,0.5718845,0.98238475,0.020285525,12462.775,-298.4962406015042,0.004659083959987962,1.18921733893652e-06,0.0008012778407871122,-3.970000000000006,38.05587996617606,0,38.05587996617606,190.7544560423165,0.1928880629575329,0.706180087395087,0.1062480628843033,0.05543163958126142,0.0934230209489408,188.262868349829,249.9666494622074,0.7700025858716321,0.5188555682380853,5.022264149936095,2.526274292959232,1.490633103200896,57.76612941854425,197.3787392088283,5.310684555607374,121.8411694242412,1048.825377215704,0.785630269290205,0.7279999952222413,5.091847216923508,2.469339425541492,1.644900949439408,1.670058607340989,232.7629706196129,6.577998914056868,139.411330123009,0.007678331350842618,0.001048782270063683,0.001703581700173686,297.0711516904097,0,0.01617493838135098,4.12860496709789e-06,0.002781795694685655,-3.970000000000006,19.02793998308803,0,19.02793998308803,95.37722802115823,0.09644403147876644,0.3530900436975435,0.05312403144215163,0.02771581979063071,0.0467115104744704,94.13143417491449,124.9833247311037,0.385001292935816,0.2594277841190427,2.511132074968048,1.263137146479616,0.7453165516004481,28.88306470927212,98.68936960441414,2.655342277803687,60.92058471212058,524.4126886078521,0.3928151346451025,0.3639999976111207,2.545923608461754,1.234669712770746,0.822450474719704,0.8350293036704945,116.3814853098065,3.288999457028434,69.70566506150452,0.003839165675421309,0.0005243911350318414,0.0008517908500868428,148.5355758452048,0,0.008087469190675491,2.064302483548945e-06,0.001390897847342827,1
-3.968000000000004,56.0,43.25469999999999,56.0,10696.8,-0.03895206666666667,31.09613333333333,8.82308,123.5903333333333,-0.04082083333333333,-100.3940123333334,333.3333333440452,-2.912743333333333,-2.251215666666667,-8.284603333333335,-6.132306666666667,-5.430759999999999,-577.9933333333333,6798.713333333333,31.9698,6297.143333333333,9335.916666666666,0.7267279999999999,1.388256666666667,-1.00565,-2.492836333333333,-1.791285,1.732076333333333,7259.110000000001,73.82373333333334,6757.54,0.566917,0.9825116666666668,0.0197355,12800.26666666667,-298.3458646616544,-0.004443024768455901,-1.134068872196463e-06,-0.0007641195830781299,-3.968000000000004,46.57252408878007,0,46.57252408878007,454.3116551443514,0.02099923915296298,0.91176168121573,0.04456792905217818,0.006350852961082364,0.06990081675519488,180.4106885112212,288.6751345762594,1.417427519746013,3.872552057825218,2.884333514979385,2.629304659588412,1.464024474795418,11.86017880697135,357.4929664109957,6.425899749451435,135.18442674115,425.9248891921374,1.431097955596332,3.942705471834452,2.90527861006479,2.680501580639402,1.533536123237728,1.045144896385345,366.9291652349265,6.779796508254021,142.4140256435441,0.00911494613258906,0.001368209170168518,0.001876811863240427,460.6228862457164,0,0.02549828532518049,6.508361575422998e-06,0.004385242074321219,-3.968000000000004,26.88865931949751,0,26.88865931949751,262.2969563935757,0.01212391637774051,0.5264058520866874,0.02573130583549922,0.003666666666664635,0.04035725537018647,104.1601595766393,166.6666666559548,0.8183521600821441,2.235818973036229,1.665270731306007,1.518029752994907,0.8452549246233351,6.847477426842006,206.3986603907862,3.709994950131335,78.04876516924823,245.9078494296421,0.8262447899002653,2.276322065499031,1.677363387591769,1.547588309145376,0.8853874935633176,0.6034146872702425,211.8466523219095,3.914317339091344,82.22277604167844,0.005262516603299233,0.0007899359327045086,0.001083577834460144,265.9407473688667,0,0.01472144189636684,3.757604307553885e-06,0.002531820692071029,1
-3.965000000000003,55.0,43.2577,55.0,9783.43,-0.2926387333333333,29.6574,8.706809999999999,123.794,1.237303366666667,-345.8348333333333,68.19450666666667,-4.081185333333333,-3.193339333333333,-8.846156666666667,-6.25797,-6.136376666666666,-576.857,6329.816666666667,28.5624,5850.44,79848.69666666667,-0.4488693333333334,0.4389733333333333,-1.581541666666667,-2.625656666666667,-2.504063333333333,-0.2167273333333334,6789.303333333333,70.33396666666667,6309.923333333333,0.5675823333333333,0.982199,0.02012163333333333,11963.43333333333,-298.1203007518799,0.02820432400979918,7.199069910198281e-06,0.004850631591427767,-3.965000000000003,46.57252408878007,0,46.57252408878007,399.2104867109578,0.2167539820967848,0.8813274703536699,0.08680325397126555,0.07280796659706824,1.88649226523535,1374.28812471515,71.67858842545753,3.216997834190339,2.67118443565796,1.263929623449555,1.78795450985197,0.1303229581974463,51.63596950769879,231.0168665559578,4.118277544071062,322.5577376222745,117273.0302385507,3.12507883419304,2.460136740942124,0.6196666182781944,1.512619258119284,0.4461492053487637,1.771818696966858,254.1671556935187,3.655110997402585,318.9072473828923,0.007792016191803819,0.0003275774717528427,0.0004252891055897548,485.2158832245013,0,0.01766233723071197,4.508259104427257e-06,0.003037601288368987,-3.965000000000003,26.88865931949751,0,26.88865931949751,230.484281965893,0.1251429699115021,0.5088346522529033,0.05011588204684562,0.04203569911396663,1.089166817157776,793.4456187483978,41.38365232257031,1.857334565552236,1.542209052982262,0.729730108335343,1.03227601756184,0.07524199499688397,29.8120408951372,133.3776500934261,2.377688648667019,186.2287966454169,67707.6155769104,1.804265106160154,1.420360609626224,0.3577646888707406,0.8733111358565807,0.2575843638068464,1.022960001649027,146.7434757588146,2.110279318268344,184.1211851230355,0.004498722645867858,0.0001891269414969608,0.0002455407795956601,280.1395207947479,0,0.01019735515466951,2.602844607517658e-06,0.001753759921530589,1
-3.962000000000003,46.0,43.26070000000001,46.0,10288.49333333333,-0.2519195333333333,30.5097,8.729676666666666,123.9553333333333,0.08071509333333333,250.7366333333333,378.276,-1.539973333333333,-3.153493333333333,-9.226553333333333,-3.98772,-5.109446666666667,-594.809,6582.836666666667,39.8804,6031.69,9789.626666666667,2.205383333333333,0.5918594999999999,-1.735836666666666,-0.242369,-1.364096333333333,0.32102,7056.63,82.95196666666666,6505.473333333332,0.569369,0.9798766666666667,0.02289563333333333,12391.13333333333,-297.8947368421055,0.00962751881817068,2.457395575574859e-06,0.001655758418824679,-3.962000000000003,46.57252408878007,0,46.57252408878007,360.5705591605244,0.1976129089332307,0.6384369663482835,0.171384099709784,0.1346006438815671,0.07392725877527269,359.2981308229467,193.9482614539249,3.064486669351546,1.528764563375713,4.896054131771147,0.8700839731887952,1.088863178288867,68.13658617072035,305.9478101463279,13.91562387067141,73.8939490080211,1554.348163100318,3.171569808349382,1.231680158419892,4.172776194026386,0.6009554974230621,1.288141772577977,0.5198069604487805,280.9173314340004,16.65771480765994,125.5248789417195,0.01139481131919255,0.003751919686418302,0.004211827625073624,283.6366748735663,0,0.01952123447343407,4.982737102963286e-06,0.003357297859988041,-3.962000000000003,26.88865931949751,0,26.88865931949751,208.1755093931827,0.1140918661679458,0.3686017543817895,0.09894865610226544,0.0777117179781197,0.04268192275435481,207.4408725499576,111.9760809592835,1.769282203478135,0.8826326321925285,2.826738170945052,0.50234321613813,0.6286554490957487,39.33867636732753,176.6390505459589,8.03418918767372,42.66269135126547,897.403330380369,1.831106682604206,0.7111108710192454,2.409153458889196,0.3469618182081904,0.7437089991522969,0.3001106885417446,162.1876969234515,9.617336128286484,72.47182264699691,0.006578797382500815,0.002166171840931463,0.002431699813116559,163.7577105903039,0,0.01127058997815096,2.876784607696989e-06,0.00193833682321385,1
-3.959000000000003,59.0,43.2637,59.0,10597.9,-0.3110316666666667,31.20943333333333,8.826063333333332,124.0556666666667,0.3190403,283.2471666666667,258.9651366666666,-5.731166666666667,-3.476921333333333,-9.381786666666667,-4.653013333333333,-6.063956666666667,-577.3286666666667,6685.083333333333,34.2537,6202.586666666667,13316.37,-2.095881333333333,0.15837,-2.111223333333333,-1.017726666666667,-2.428671666666667,1.289014933333333,7144.95,76.0595,6662.45,0.5669743333333334,0.9817063333333333,0.0205983,12608.16666666667,-297.669172932331,0.003490071121751991,8.908302850416596e-07,0.0006002288597173328,-3.959000000000003,46.57252408878007,0,46.57252408878007,379.0272153816932,0.1589424382420671,0.7845822476537024,0.08122014056459961,0.07651361534611469,0.2514452396892214,316.1900102803428,247.5131782217788,2.268446634468912,2.656874164507106,4.547692612582047,2.90203580884753,1.45549017558805,5.686897953483407,105.2337822817996,4.855746105388953,436.2081220396213,5422.169816014619,2.28450021842532,2.625459262624351,4.477451931403992,2.931320718999088,1.476149439812356,1.677761853485534,109.5281735445268,4.850110831723333,436.6918159297242,0.01751945205573896,0.001250142925162242,0.0001102647269075649,352.902271646604,0,0.007611225502873709,1.942742697128094e-06,0.001308992580743749,-3.959000000000003,26.88865931949751,0,26.88865931949751,218.8314648308148,0.09176545950471293,0.4529787718842668,0.04689247001859084,0.0441751564167508,0.145171976821022,182.5523875504265,142.9018000743238,1.309688275052927,1.53394701408114,2.625611554065917,1.675491155436055,0.8403276446786165,3.283332064297577,60.75675252823946,2.803466321062789,251.8448766822765,3130.491202867904,1.318956816071617,1.515809612022565,2.585058077879705,1.692398806195251,0.852255276439779,0.9686562577459583,63.23612047978057,2.800212794294986,252.1241374799328,0.01011486036043563,0.0007217703543679268,6.366136976220317e-05,203.7482215327973,0,0.004394343092947081,1.121643019153085e-06,0.0007557472188596265,1
-3.956000000000003,81.0,43.26669999999999,81.0,10641.33333333333,-0.1948446,31.54573333333333,8.778486666666666,123.823,0.1824540333333333,-300.1904333333334,459.8686666666667,-3.04265,-3.054283333333334,-8.129556666666666,-5.99268,-3.56341,-594.701,6771.696666666667,31.22,6276.153333333333,13610.91666666667,0.7020233333333333,0.6903900000000002,-0.6401976666666666,-2.248008333333333,0.1812633333333333,0.670964,7245.396666666667,74.28373333333333,6749.856666666667,0.5667943333333333,0.9823836666666667,0.0198621,12780.26666666667,-297.4436090225566,-0.003490071121751991,-8.908302850416594e-07,-0.0006002288597173329,-3.956000000000003,46.57252408878007,0,46.57252408878007,476.369314013123,0.2074023481228696,0.8618507198658774,0.1534905906996688,0.1192518343674448,0.3223242758736973,401.3061749869585,69.50950830881581,2.633480062939531,1.63686537700366,2.433543179816897,2.34564508238139,3.545318550299818,79.05130212083795,316.5885393272055,7.507357583730778,124.5640856480447,8271.657773157285,2.912574885394938,2.05212792517913,3.238614040937316,2.797515436205551,3.076803205704475,0.3619776805495057,290.2431991164191,4.747795533016698,82.63768046922229,0.006763514791388651,0.0004963187819671122,0.001029479931810233,357.5196964271105,0,0.02016929861660172,5.148153550148323e-06,0.003468753124968985,-3.956000000000003,26.88865931949751,0,26.88865931949751,275.0319516791539,0.1197438015192993,0.4975897451158371,0.08861783385852846,0.06885007867340093,0.1860940074420304,231.6942281561796,40.13133333333334,1.520440423243651,0.9450446660402413,1.405006809951863,1.354258819736218,2.046890619378574,45.64029055925622,182.7824784029125,4.334374921869744,71.91710838025821,4775.643841976819,1.681575894117711,1.184796610013719,1.869814688336461,1.615146290155408,1.776393159056982,0.2089879113058935,167.5719891403228,2.741141029044494,47.71088706411177,0.003904917085476253,0.0002865497823725794,0.0005943705157559555,206.4140929727855,0,0.01164474998566095,2.972287838007662e-06,0.002002685550453199,1
