detuning,cyc,freq,pulsetime,waittime,VVA,cyc.1,ROIsum,fBg,fA1,fWidth1,fCtr1,fA2,fWidth2,fCtr2,box1,box2,box3,box4,box5,box6,box7,box8,box9,Nfit,BZ-2,BZ-1,BZ0,BZ1,BZ2,Excited,c5,c7,c9,fraction95,fraction75,fraction97,sum95,ROIsqsum,c5cwc,c9cwc,two2D_bg,two2D_a1,two2D_sh1,two2D_sv1,two2D_ch1,two2D_cv1,two2D_a2,two2D_sh2,two2D_sv2,two2D_ch2,two2D_cv2,two2D_chd,two2D_cvd,Delta,alpha,transfer,ScaledTransfer,e_detuning,e_cyc,e_freq,e_pulsetime,e_waittime,e_VVA,e_cyc.1,e_ROIsum,e_fBg,e_fA1,e_fWidth1,e_fCtr1,e_fA2,e_fWidth2,e_fCtr2,e_box1,e_box2,e_box3,e_box4,e_box5,e_box6,e_box7,e_box8,e_box9,e_Nfit,e_BZ-2,e_BZ-1,e_BZ0,e_BZ1,e_BZ2,e_Excited,e_c5,e_c7,e_c9,e_fraction95,e_fraction75,e_fraction97,e_sum95,e_ROIsqsum,e_c5cwc,e_c9cwc,e_two2D_bg,e_two2D_a1,e_two2D_sh1,e_two2D_sv1,e_two2D_ch1,e_two2D_cv1,e_two2D_a2,e_two2D_sh2,e_two2D_sv2,e_two2D_ch2,e_two2D_cv2,e_two2D_chd,e_two2D_cvd,e_Delta,e_alpha,e_transfer,e_ScaledTransfer,em_detuning,em_cyc,em_freq,em_pulsetime,em_waittime,em_VVA,em_cyc.1,em_ROIsum,em_fBg,em_fA1,em_fWidth1,em_fCtr1,em_fA2,em_fWidth2,em_fCtr2,em_box1,em_box2,em_box3,em_box4,em_box5,em_box6,em_box7,em_box8,em_box9,em_Nfit,em_BZ-2,em_BZ-1,em_BZ0,em_BZ1,em_BZ2,em_Excited,em_c5,em_c7,em_c9,em_fraction95,em_fraction75,em_fraction97,em_sum95,em_ROIsqsum,em_c5cwc,em_c9cwc,em_two2D_bg,em_two2D_a1,em_two2D_sh1,em_two2D_sv1,em_two2D_ch1,em_two2D_cv1,em_two2D_a2,em_two2D_sh2,em_two2D_sv2,em_two2D_ch2,em_two2D_cv2,em_two2D_chd,em_two2D_cvd,em_Delta,em_alpha,em_transfer,em_ScaledTransfer,filter
-4.044700000000006,167,43.178,0.64,0.01,1.62,167,15258.0,-0.29162725,27.80075,13.332575,89.67285,-0.224631975,522.9485,373.8052,1.396415,1.1695575,0.8609574999999998,0.3283159999999999,1.82643,-23.0353385,7762.9575,16.772625,8955.15,21344.325,1.541465,1.31460625,1.1510495,0.47336525,1.9714775,0.9281567500000001,7793.474999999999,17.37095,8985.6625,0.49621975,0.99610075,0.0035468775,15700.85,5467.5425,60455.425,78261.25,-0.00147743,0.6020989999999999,13.3065,11.749875,90.66805,70.17255,0.66835625,12.9652,12.7563,89.148975,121.6265,1.519105,-51.454225,-203.2512562814074,-0.01345883345064196,-4.009420478391003e-07,-0.0004042080324474527,-4.044700000000006,36.14784456460256,0,0,0,0,36.14784456460256,307.318911447593,0.1006151009288202,0.6244490718492043,0.194475129086815,0.4565942728506314,0.4617088303008753,406.0065156098688,220.6675186269153,0.4257221230254934,0.585725382331174,2.604259274117114,1.15237569342265,0.5416377062822221,24.87824380859567,325.3730072163335,2.721024152012129,77.41699339722847,13537.26649299998,0.2927048229303144,0.5026139610969669,2.310403822017629,1.053072823790889,0.6844745076029738,0.33542399991789,328.1615777326773,3.016861323185626,106.7790342639105,0.01089373362305138,0.000758974472561429,0.0006017010959701393,344.0702011702455,229.4140031144573,5411.623707277389,2184.931581690068,0.0001036309982582432,0.02675542662713493,0.1610201436673892,0.1228973657162756,0.4118842110755649,1.011643397316133,0.01075582001755333,0.1455144208202968,0.106288349941719,0.3648579849292946,1.331462479130876,0.05941902360916634,0.3424967092299339,0,0.02162032480837401,6.440749367622579e-07,0.0006493214277238026,-4.044700000000006,18.07392228230128,0,0,0,0,18.07392228230128,153.6594557237965,0.05030755046441009,0.3122245359246021,0.09723756454340751,0.2282971364253157,0.2308544151504377,203.0032578049344,110.3337593134576,0.2128610615127467,0.292862691165587,1.302129637058557,0.576187846711325,0.270818853141111,12.43912190429784,162.6865036081667,1.360512076006065,38.70849669861423,6768.63324649999,0.1463524114651572,0.2513069805484834,1.155201911008814,0.5265364118954444,0.3422372538014869,0.167711999958945,164.0807888663387,1.508430661592813,53.38951713195524,0.00544686681152569,0.0003794872362807145,0.0003008505479850697,172.0351005851228,114.7070015572286,2705.811853638695,1092.465790845034,5.181549912912159e-05,0.01337771331356746,0.0805100718336946,0.06144868285813778,0.2059421055377824,0.5058216986580666,0.005377910008776667,0.07275721041014838,0.05314417497085949,0.1824289924646473,0.6657312395654378,0.02970951180458317,0.1712483546149669,0,0.01081016240418701,3.22037468381129e-07,0.0003246607138619013,1
-4.034700000000001,184,43.188,0.64,0.01,1.62,184,14717.425,-0.23128115,26.617225,13.29225,89.73265,0.33486925,-267.963,387.4695,-1.2512315,0.002691499999999958,0.9846812,0.07664050000000001,0.18831925,-6.50598,7454.4775,16.5976,8594.9475,20810.95,-1.210266375,0.043659,1.06661425,0.117606,0.22928525,2.7876715,7463.1,16.766575,8603.565,0.49648275,0.99605325,0.00360615,15034.225,5100.7025,55963.275,73070.67499999999,-0.001196615,0.5830580000000001,13.323225,11.55015,90.6298,70.567675,0.65402275,12.747975,12.591675,89.180775,121.9525,1.44904,-51.3848,-202.748743718593,0.008307318631870092,2.474771202518327e-07,0.0002494930137457128,-4.034700000000001,36.14784456460256,0,0,0,0,36.14784456460256,759.0532057548178,0.120164280112228,1.472406661161695,0.2514791774017622,0.2385213407643002,0.4969716008823677,546.9454593985279,186.189548443694,1.264207273067329,1.14358980539163,2.444538285325968,1.13496893957221,0.7008890072359888,15.60918402743077,347.979493684614,3.508924595941043,457.0662966044058,14982.3217356323,1.290778975170638,1.184560850937596,2.332754637017272,1.072387553634413,0.6516232254185824,5.328443335275479,344.8080601339437,3.398323696937457,456.2161691201514,0.008305858188652192,0.0009437147785921673,0.0008755530494873893,706.7251298536556,504.8767296660969,5995.552779282879,7833.474826824936,7.872083565782742e-05,0.03296639750816987,0.2206873863636075,0.09069393585019916,0.254901301160534,0.6979319230173243,0.03588090407979337,0.1700072424927835,0.1234087078235029,0.2506526464385861,0.8801857758450768,0.05655868928231398,0.1900072630190763,0,0.02271704782792702,6.767465925178978e-07,0.000682259219509331,-4.034700000000001,18.07392228230128,0,0,0,0,18.07392228230128,379.5266028774089,0.06008214005611402,0.7362033305808476,0.1257395887008811,0.1192606703821501,0.2484858004411838,273.4727296992639,93.09477422184698,0.6321036365336646,0.5717949026958152,1.222269142662984,0.5674844697861049,0.3504445036179944,7.804592013715387,173.989746842307,1.754462297970521,228.5331483022029,7491.160867816149,0.645389487585319,0.5922804254687978,1.166377318508636,0.5361937768172063,0.3258116127092912,2.664221667637739,172.4040300669718,1.699161848468728,228.1080845600757,0.004152929094326096,0.0004718573892960837,0.0004377765247436946,353.3625649268278,252.4383648330485,2997.776389641439,3916.737413412468,3.936041782891371e-05,0.01648319875408493,0.1103436931818038,0.04534696792509958,0.127450650580267,0.3489659615086622,0.01794045203989669,0.08500362124639177,0.06170435391175143,0.125326323219293,0.4400928879225384,0.02827934464115699,0.09500363150953813,0,0.01135852391396351,3.383732962589489e-07,0.0003411296097546655,1
-4.024700000000003,178,43.198,0.64,0.01,1.62,178,14283.425,-0.321356,26.267575,13.1966,89.57245,0.9558512499999999,-943.8924,202.183405,1.23164375,0.2833468749999999,-0.3644315,1.30917475,1.47842,-5.733599999999999,7158.610000000001,16.8551,8475.067500000001,148741.075,1.2677465,0.319449815,-0.292224,1.3452775,1.51452015,1.0315245,7166.2075,17.0040425,8482.6625,0.48980625,0.995884,0.0036370525,14630.95,4959.575,52641.425,72965.3,-0.001283985,0.5693855,13.161525,11.51495,90.45224999999999,70.31545,0.65886475,12.729475,12.39145,89.061825,121.61525,1.39042,-51.29975,-202.2462311557791,0.02786753749575877,8.301809805997334e-07,0.0008369434499376305,-4.024700000000003,36.14784456460256,0,0,0,0,36.14784456460256,1204.342355464869,0.01746398284088331,1.95386067803379,0.1810780494703871,0.2197000151722057,1.564071149181173,2855.610083947662,217.5040570684666,1.128804917905178,0.9791138831476258,1.550314500358664,1.450732661311834,1.174721941397197,32.28036910662578,542.7286278918161,6.959686369370389,672.6700097063438,269043.283258331,0.9279666748633811,1.154216765027813,1.578544879291896,1.498975306631722,1.115346257463315,0.5050650701375021,574.9679508387111,6.736321917081927,694.0458477831273,0.007053052548365114,0.001487029477403367,0.001238224450045979,1168.338071792579,627.0960390296425,6873.620163288532,9581.166701747063,0.0001073800088470848,0.03268820164830117,0.1240210835570578,0.2192470524317261,0.1412577431506007,0.8485990749464659,0.03135553687814428,0.1682424317267594,0.3011588561982981,0.2005112860497706,1.048615714485848,0.1036474720707971,0.2334349945202424,0,0.03788071089073238,1.128475945098104e-06,0.001137668258768994,-4.024700000000003,18.07392228230128,0,0,0,0,18.07392228230128,602.1711777324343,0.008731991420441655,0.9769303390168951,0.09053902473519357,0.1098500075861029,0.7820355745905867,1427.805041973831,108.7520285342333,0.5644024589525892,0.4895569415738129,0.7751572501793319,0.725366330655917,0.5873609706985986,16.14018455331289,271.3643139459081,3.479843184685194,336.3350048531719,134521.6416291655,0.4639833374316906,0.5771083825139065,0.789272439645948,0.7494876533158612,0.5576731287316575,0.2525325350687511,287.4839754193555,3.368160958540964,347.0229238915637,0.003526526274182557,0.0007435147387016835,0.0006191122250229895,584.1690358962893,313.5480195148212,3436.810081644266,4790.583350873531,5.369000442354242e-05,0.01634410082415058,0.06201054177852888,0.109623526215863,0.07062887157530036,0.424299537473233,0.01567776843907214,0.08412121586337969,0.150579428099149,0.1002556430248853,0.5243078572429238,0.05182373603539853,0.1167174972601212,0,0.01894035544536619,5.642379725490518e-07,0.0005688341293844971,1
-4.014700000000005,166,43.208,0.64,0.01,1.62,166,14901.2,-0.23172775,27.359375,13.153875,89.738375,-0.265809275,466.81125,246.6088112527503,-0.1345235,1.139547475,0.82811625,0.57382,1.61354275,-24.40435,7584.995,16.819875,8754.455,19666.625,0.01914425000000003,1.29321325,1.13545175,0.72748495,1.76720975,0.81507825,7617.3225,17.453725,8786.785,0.495938,0.99599775,0.00364651,15349.7,5289.8075,58125.725,76014.775,-0.0014549725,0.59213525,13.243625,11.707975,90.672425,70.2088,0.6623185,12.820725,12.7468,89.19460000000001,121.56575,1.4778125,-51.35705,-201.7437185929651,-0.0018533484571809,-5.521171864609887e-08,-5.56614610072971e-05,-4.014700000000005,36.14784456460256,0,0,0,0,36.14784456460256,693.2402229145878,0.1007472179711017,1.374819203568236,0.1784285361146023,0.3074380303410834,0.4034721374237662,389.0155094340713,284.8130299424997,1.208181365170671,1.176293519648236,2.155295730378915,0.9950042335253318,1.902566801647602,20.86297000889535,519.977304152146,5.147303487183039,304.5485324760792,9590.83621219582,1.33734895546036,1.047224749963246,2.163501950433814,0.9694957149392032,2.024643870905428,0.502571037266292,532.1091801735806,4.727211254270323,320.193522784789,0.01081485228747949,0.001111965639457126,0.0009750236683281077,779.6605030396249,494.1638706863001,7797.973507852324,5823.285946596938,0.0001360928994902623,0.03831088969100908,0.1896678566160684,0.1983298830232093,0.3473947550458091,0.7564432783317783,0.02906866253659886,0.09771391490809608,0.1946879725783454,0.2883299845662855,1.070787677366522,0.1027892044834151,0.3172998319150712,0,0.03505703924376535,1.044358053550365e-06,0.001052865161614704,-4.014700000000005,18.07392228230128,0,0,0,0,18.07392228230128,346.6201114572939,0.05037360898555083,0.6874096017841178,0.08921426805730115,0.1537190151705417,0.2017360687118831,194.5077547170357,142.4065149712498,0.6040906825853356,0.5881467598241182,1.077647865189458,0.4975021167626659,0.9512834008238008,10.43148500444767,259.988652076073,2.573651743591519,152.2742662380396,4795.41810609791,0.6686744777301802,0.523612374981623,1.081750975216907,0.4847478574696016,1.012321935452714,0.251285518633146,266.0545900867903,2.363605627135161,160.0967613923945,0.005407426143739747,0.0005559828197285629,0.0004875118341640538,389.8302515198125,247.0819353431501,3898.986753926162,2911.642973298469,6.804644974513116e-05,0.01915544484550454,0.09483392830803418,0.09916494151160465,0.1736973775229045,0.3782216391658891,0.01453433126829943,0.04885695745404804,0.09734398628917268,0.1441649922831428,0.5353938386832608,0.05139460224170757,0.1586499159575356,0,0.01752851962188267,5.221790267751827e-07,0.0005264325808073518,1
-4.009700000000002,170,43.213,0.64,0.01,1.62,170,14163.6,-0.284604,25.779475,13.34475,89.730625,0.03037605000000001,117.78665,123.19233325,-0.3462465,0.80264725,1.0792685,0.39117825,0.987423375,3.686092500000001,6971.555,20.88875,8531.555,13728.8,-0.369455,0.77943675,1.032848,0.367968,0.9642129999999999,0.74000575,6966.6725,20.79305,8526.6725,0.48143525,0.99479625,0.00446778,14470.125,4772.275,48925.15,71833.45,-0.001252575,0.54624025,13.2864,11.548675,90.58785,70.2102,0.6456085,12.90755,12.5756,89.19392500000001,121.45,1.393885,-51.23955,-201.4924623115579,0.04101353569714825,1.221803587349713e-06,0.001231756127204838,-4.009700000000002,36.14784456460256,0,0,0,0,36.14784456460256,333.0109007224845,0.09968535847689303,0.6814253706997818,0.1731005584431582,0.260897379250927,0.3871384098546798,332.6311309326845,136.7768562410833,0.9271233919748761,0.8075654062292726,1.162088852999488,1.292655110282289,1.612262321922282,14.64442016271357,233.1069650754065,2.331497693901211,231.6514742020872,2476.385622905555,0.83986456498295,0.725134380089362,1.03347692213679,1.277941841953694,1.5846748464073,0.3228177575788699,219.2294872768413,2.644869479451364,235.3769037628803,0.01078911177607626,0.0007260929118692265,0.0005093196385375298,291.014551468937,225.326964875489,3928.160387509655,4085.282352951061,0.0001016990480125879,0.02588832128425224,0.09724460567729933,0.1033278721675164,0.2931360378163512,1.199612142875073,0.01899779416142835,0.1354241362042474,0.1163925828106471,0.2046930608659396,1.518047649669357,0.1055056366582689,0.3193409306681478,0,0.01444353344241808,4.302765093032203e-07,0.0004337814459001515,-4.009700000000002,18.07392228230128,0,0,0,0,18.07392228230128,166.5054503612423,0.04984267923844651,0.3407126853498909,0.0865502792215791,0.1304486896254635,0.1935692049273399,166.3155654663422,68.38842812054163,0.4635616959874381,0.4037827031146363,0.5810444264997442,0.6463275551411445,0.8061311609611411,7.322210081356783,116.5534825377032,1.165748846950606,115.8257371010436,1238.192811452778,0.419932282491475,0.362567190044681,0.5167384610683952,0.6389709209768469,0.7923374232036501,0.161408878789435,109.6147436384206,1.322434739725682,117.6884518814401,0.005394555888038128,0.0003630464559346133,0.0002546598192687649,145.5072757344685,112.6634824377445,1964.080193754827,2042.64117647553,5.084952400629396e-05,0.01294416064212612,0.04862230283864966,0.05166393608375821,0.1465680189081756,0.5998060714375365,0.009498897080714174,0.06771206810212371,0.05819629140532356,0.1023465304329698,0.7590238248346787,0.05275281832913447,0.1596704653340739,0,0.007221766721209041,2.151382546516101e-07,0.0002168907229500758,1
-4.0047,177,43.218,0.64,0.01,1.62,177,14422.375,-0.1113232875,26.1999,13.145225,89.71090000000001,0.73854905,-667.1409425,321.439751729915,-0.460176725,0.75167775,1.0687625,-1.01088675,1.7886555,-30.7251,7136.6225,20.0108,8632.75,56683.95,-0.26670775,0.94514325,1.455695,-0.81742,1.982125,0.23004245,7177.3225,20.808875,8673.4475,0.4848325,0.9949457500000001,0.0044139525,14809.95,4939.434999999999,51616.525,73384.925,-0.0012800775,0.5612885,13.27015,11.567775,90.69222500000001,70.58872500000001,0.6522655,12.8331,12.6584,89.12944999999999,121.97975,1.56276,-51.39075,-201.2412060301507,0.02713524606814736,8.083658340137914e-07,0.000814950602027114,-4.0047,36.14784456460256,0,0,0,0,36.14784456460256,471.1954185897815,0.1462640545934248,0.6691518263194585,0.1802705258770829,0.1713406159282347,0.9334328983181936,1445.74027518843,236.8995216769074,1.071377194746542,0.4279618982217731,2.651014008756838,1.321164175835685,1.075143352464064,20.52541850909095,129.0807995985462,2.135698154390425,411.1145583248874,87057.83407928701,1.010914150754117,0.42439862414431,2.571666834130476,1.330136853103219,0.99472204326971,0.3625303034101793,117.1084885551283,2.07192318128995,425.5072526115147,0.01155742859232394,0.0005741953064942466,0.0005430759090817783,428.7745755833317,263.1675363084639,2747.960019572095,6529.829963776488,9.045235002475051e-05,0.02021169688571449,0.2173364289145595,0.1539567119896579,0.2170537932556502,1.038702448169515,0.03038543030796175,0.1390013668997538,0.1341057294326627,0.1002037424450822,1.378417298933816,0.1410661917918914,0.3519149755267583,0,0.007715478386815136,2.298460498684919e-07,0.0002317183245905045,-4.0047,18.07392228230128,0,0,0,0,18.07392228230128,235.5977092948908,0.07313202729671242,0.3345759131597292,0.09013526293854146,0.08567030796411734,0.4667164491590968,722.8701375942148,118.4497608384537,0.5356885973732709,0.2139809491108866,1.325507004378419,0.6605820879178423,0.5375716762320321,10.26270925454547,64.5403997992731,1.067849077195212,205.5572791624437,43528.91703964351,0.5054570753770583,0.212199312072155,1.285833417065238,0.6650684265516094,0.497361021634855,0.1812651517050896,58.55424427756416,1.035961590644975,212.7536263057574,0.005778714296161972,0.0002870976532471233,0.0002715379545408892,214.3872877916658,131.5837681542319,1373.980009786048,3264.914981888244,4.522617501237526e-05,0.01010584844285724,0.1086682144572797,0.07697835599482893,0.1085268966278251,0.5193512240847576,0.01519271515398088,0.06950068344987691,0.06705286471633136,0.05010187122254112,0.689208649466908,0.07053309589594568,0.1759574877633791,0,0.003857739193407568,1.14923024934246e-07,0.0001158591622952522,1
-3.999700000000004,173,43.223,0.64,0.01,1.62,173,13883.7,-0.1387670775,25.309675,13.243075,89.73365,0.100562725,266.0628,384.03005,0.4612154999999999,0.7460317399999999,0.7341504999999999,0.89949575,1.1639745,-19.95553,6806.4725,19.011125,8426.9625,13662.075,0.58686975,0.8716879424999999,0.9854605000000001,1.025152,1.28962725,34.87873175,6832.905,19.529475,8453.3975,0.4789615,0.99500375,0.0042628975,14271.9,4567.975,46260.775,69080.1,-0.00131339,0.52603925,13.361225,11.677975,90.6855,70.089225,0.62442,12.971625,12.804225,89.2502,121.33975,1.4353175,-51.250425,-200.989949748744,0.04982656255661835,1.48434588343024e-06,0.001496437034345645,-3.999700000000004,36.14784456460256,0,0,0,0,36.14784456460256,1026.109477589989,0.1591523135831104,2.167749892361509,0.2457273607747691,0.1936905693797919,0.1751067822617079,457.4994949349708,225.8298017056429,1.063572759791105,0.674376940888089,2.688974472885094,1.290629739247828,1.423721574109325,11.80493369444601,420.8801553391811,1.08013499580685,653.0878988505295,5626.272025877052,1.066568118400438,0.7321523002335374,2.67011439471564,1.253430313098685,1.451526760737896,68.18916104175538,422.3507812628422,0.8809122180066146,653.5419135436783,0.006052233444495244,0.0004509237740461303,0.0004539457296032204,988.2100518951764,641.3437410364794,5447.468660686969,11293.05109348222,0.0001480540637740146,0.02797567947789655,0.1724920360480455,0.1603463412949195,0.146716211328764,0.7098449190961842,0.049469853803436,0.05024522365359733,0.06639389404656615,0.2192972564047928,0.9503235852417139,0.1114432143515252,0.3124359921114512,0,0.02782580805791848,8.289378501067217e-07,0.0008356901931805408,-3.999700000000004,18.07392228230128,0,0,0,0,18.07392228230128,513.0547387949946,0.07957615679155518,1.083874946180755,0.1228636803873846,0.09684528468989594,0.08755339113085393,228.7497474674854,112.9149008528214,0.5317863798955523,0.3371884704440445,1.344487236442547,0.645314869623914,0.7118607870546624,5.902466847223004,210.4400776695906,0.540067497903425,326.5439494252648,2813.136012938526,0.5332840592002188,0.3660761501167687,1.33505719735782,0.6267151565493424,0.725763380368948,34.09458052087769,211.1753906314211,0.4404561090033073,326.7709567718392,0.003026116722247622,0.0002254618870230651,0.0002269728648016102,494.1050259475882,320.6718705182397,2723.734330343485,5646.525546741112,7.402703188700732e-05,0.01398783973894828,0.08624601802402276,0.08017317064745975,0.07335810566438201,0.3549224595480921,0.024734926901718,0.02512261182679866,0.03319694702328307,0.1096486282023964,0.4751617926208569,0.05572160717576261,0.1562179960557256,0,0.01391290402895924,4.144689250533608e-07,0.0004178450965902704,1
-3.994700000000002,171,43.228,0.64,0.01,1.62,171,13062.175,-0.28106725,23.874225,13.384225,89.769425,0.08852744999999998,-373.8805,247.6097750314665,0.51294175,1.87847825,1.11655425,-0.28610125,0.7110704999999999,-2.965475,6273.219999999999,15.651825,8125.514999999999,14914.875,0.53161325,1.89715425,1.1538995,-0.26742825,0.7297395,0.60037375,6277.1475,15.72885,8129.442499999999,0.467376,0.99561025,0.003564485,13431.075,4151.635,39345.125,65077.5,-0.0012487925,0.486707,13.36545,11.605675,90.73455,69.96607499999999,0.6151887500000001,12.866225,12.572975,89.288775,121.2125,1.445745,-51.24655,-200.7386934673368,0.0864416280609595,2.575117932799281e-06,0.002596094269849841,-3.994700000000002,36.14784456460256,0,0,0,0,36.14784456460256,447.0179144434071,0.07287131302680087,0.9591497845314182,0.1109466651143692,0.2598946757823327,0.450588677621187,511.185306886195,278.7646924233628,0.4987742331578988,0.9281406436880045,0.2761659454728563,2.074315960649739,1.25224042836869,34.82872524142249,264.1718636292164,2.486749856573167,294.5104650659009,4761.971375648955,0.6724426686384374,1.004092899446519,0.4479071596075091,1.866594396021513,1.327360041265242,0.3336403184652349,227.910030110568,3.151938117518595,296.3555916321918,0.01024157354446407,0.001015413667756536,0.0007793905863985446,406.1718222214177,265.9113399236671,3753.20854147932,4174.913293311207,8.795196885232312e-05,0.02462002389654945,0.1949731861906488,0.05587082572028684,0.2425897153631945,0.7492820402447488,0.01678711957374865,0.1344175428779046,0.1333701709528787,0.2492835517371034,0.8610452949758256,0.08106156199662902,0.1278365232109608,0,0.01501543511620591,4.473136046125588e-07,0.0004509573215927182,-3.994700000000002,18.07392228230128,0,0,0,0,18.07392228230128,223.5089572217036,0.03643565651340044,0.4795748922657091,0.05547333255718459,0.1299473378911663,0.2252943388105935,255.5926534430975,139.3823462116814,0.2493871165789494,0.4640703218440023,0.1380829727364282,1.03715798032487,0.6261202141843449,17.41436262071124,132.0859318146082,1.243374928286584,147.2552325329504,2380.985687824478,0.3362213343192187,0.5020464497232594,0.2239535798037545,0.9332971980107565,0.6636800206326212,0.1668201592326174,113.955015055284,1.575969058759298,148.1777958160959,0.005120786772232033,0.0005077068338782678,0.0003896952931992723,203.0859111107088,132.9556699618336,1876.60427073966,2087.456646655603,4.397598442616156e-05,0.01231001194827473,0.09748659309532438,0.02793541286014342,0.1212948576815972,0.3746410201223744,0.008393559786874326,0.06720877143895228,0.06668508547643935,0.1246417758685517,0.4305226474879128,0.04053078099831451,0.0639182616054804,0,0.007507717558102957,2.236568023062794e-07,0.0002254786607963591,1
-3.992200000000004,185,43.2305,0.64,0.01,1.62,185,13397.625,-0.25371535,24.37875,13.33365,89.546525,0.392545275,-81.232975,162.6036725,1.349264,1.71757975,2.8202875,-0.29334725,0.3607205,-18.322725,6339.0525,17.8162,8361.005000000001,14884.525,1.46463775,1.8329505,3.05103325,-0.1779755,0.4760934999999999,0.62092825,6363.3225,18.2921,8385.28,0.46309225,0.9949975,0.0039928525,13742.375,4252.122499999999,39411.675,67849.775,-0.001235245,0.48453475,13.38485,11.729775,90.53645,70.751,0.621247,12.925925,12.817275,89.038975,122.26625,1.4974825,-51.515375,-200.6130653266334,0.08076414594000457,2.405984306434585e-06,0.002425582918640772,-3.992200000000004,36.14784456460256,0,0,0,0,36.14784456460256,248.9895898091586,0.1339415443471144,0.3594786456337374,0.1606900225071031,0.2355675186296506,0.4111243615168479,314.8449917391135,229.196904543109,0.8311948385599292,0.8199160977483713,3.533191961595869,0.9976894144155869,0.8275379424350685,18.38699410586642,95.0136265227262,3.000585457317732,205.8106944905113,3805.135467036621,0.8242621319460514,0.8835148013178197,3.717227646165116,1.004239116814151,0.8714148095511115,0.2871077503532719,91.08974196728566,3.438770697017564,219.9831713260508,0.004702229072471887,0.0009168062317996778,0.0006710985875599801,266.3777565163173,96.4722465703651,622.3479754124713,2621.070286956582,8.535058152506445e-05,0.01135608933201328,0.1662484586394721,0.2503067900930104,0.3166414218007459,0.7348123343185431,0.01194154233477959,0.04721725496750747,0.1691930529503697,0.1975315734256189,0.8322597250858642,0.1937096241586015,0.1096056377807838,0,0.006001280898423681,1.78779673728476e-07,0.0001802359731259337,-3.992200000000004,18.07392228230128,0,0,0,0,18.07392228230128,124.4947949045793,0.06697077217355718,0.1797393228168687,0.08034501125355155,0.1177837593148253,0.2055621807584239,157.4224958695568,114.5984522715545,0.4155974192799646,0.4099580488741856,1.766595980797935,0.4988447072077934,0.4137689712175343,9.193497052933212,47.5068132613631,1.500292728658866,102.9053472452557,1902.56773351831,0.4121310659730257,0.4417574006589098,1.858613823082558,0.5021195584070757,0.4357074047755558,0.143553875176636,45.54487098364283,1.719385348508782,109.9915856630254,0.002351114536235944,0.0004584031158998389,0.0003355492937799901,133.1888782581586,48.23612328518255,311.1739877062357,1310.535143478291,4.267529076253222e-05,0.005678044666006638,0.08312422931973604,0.1251533950465052,0.158320710900373,0.3674061671592715,0.005970771167389797,0.02360862748375374,0.08459652647518484,0.09876578671280943,0.4161298625429321,0.09685481207930074,0.05480281889039188,0,0.003000640449211841,8.938983686423798e-08,9.011798656296684e-05,1
-3.989700000000006,165,43.233,0.64,0.01,1.62,165,12147.925,-0.32014725,22.64615,13.243575,89.86902500000001,-0.4851712500000001,-610.589875,344.9258011,-0.15152125,0.84356875,0.4907299999999999,0.20605425,-0.2253885,-26.6972,5833.245,17.596825,7671.15,57825.4225,0.01658274999999997,1.01167175,0.8269417499999999,0.374159025,-0.05728325000000001,0.54833,5868.61,18.29025,7706.514999999999,0.4640095,0.994616,0.00432046,12650.35,3696.605,34594.35,58145.225,-0.0013187775,0.45571325,13.263225,11.612825,90.796325,69.7791,0.57746425,12.805575,12.6822,89.374475,121.00425,1.421835,-51.225025,-200.48743718593,0.1133573733698033,3.376944783753349e-06,0.003404452623717842,-3.989700000000006,36.14784456460256,0,0,0,0,36.14784456460256,1663.595314121397,0.04387673267518901,2.586106094111376,0.4223090367254766,0.3639193901127011,1.279862008365323,1224.007324851883,231.6670601556515,1.001067934758801,1.499131268359418,2.215087043316056,0.7437325719981052,1.633529918941085,6.135944266913335,765.1181458441565,3.606212723781927,1022.609437175308,94492.8091275029,0.9850046393604364,1.461994683895573,2.16436782449108,0.7245441762968879,1.650843477190448,0.1123956173849023,766.2296378153659,3.636933027061859,1025.504423604956,0.00888956446252196,0.0004660114447807896,0.0003513042870978566,1651.313532716708,710.8276579452996,7387.01085712843,11720.64409247632,0.000187632256533003,0.04205312393766563,0.4057906962544444,0.4768372355077424,0.2948811780474724,0.7813644518831562,0.04375146301839513,0.4941222681010575,0.4736646844903398,0.2270187418841615,0.9392235711834866,0.07116509514267981,0.1798317060476281,0,0.05048163700890625,1.503860716818334e-06,0.001516110831219419,-3.989700000000006,18.07392228230128,0,0,0,0,18.07392228230128,831.7976570606983,0.02193836633759451,1.293053047055688,0.2111545183627383,0.1819596950563505,0.6399310041826614,612.0036624259413,115.8335300778257,0.5005339673794003,0.7495656341797088,1.107543521658028,0.3718662859990526,0.8167649594705423,3.067972133456668,382.5590729220783,1.803106361890964,511.304718587654,47246.40456375145,0.4925023196802182,0.7309973419477865,1.08218391224554,0.362272088148444,0.825421738595224,0.05619780869245113,383.1148189076829,1.818466513530929,512.7522118024781,0.00444478223126098,0.0002330057223903948,0.0001756521435489283,825.656766358354,355.4138289726498,3693.505428564215,5860.322046238159,9.381612826650152e-05,0.02102656196883282,0.2028953481272222,0.2384186177538712,0.1474405890237362,0.3906822259415781,0.02187573150919757,0.2470611340505288,0.2368323422451699,0.1135093709420808,0.4696117855917433,0.03558254757133991,0.08991585302381407,0,0.02524081850445312,7.519303584091671e-07,0.0007580554156097096,1
-3.987200000000001,158,43.2355,0.64,0.01,1.62,158,12526.3,-0.180457275,22.90205,13.3081,89.7766,0.1673455975,79.11849500000002,207.6124485885,-0.14425125,2.728755,2.334595,-0.150863025,1.60019575,-46.52755000000001,6074.345,15.797,7773.7625,13036.55,0.14872125,3.0217275,2.920535,0.14210795,1.89317,0.63791425,6135.98,17.0055,7835.4,0.4708165,0.99514025,0.0040040925,13031.15,3800.03,37186.225,58242.4,-0.0012916075,0.47179775,13.325575,11.723075,90.6482,69.87797499999999,0.57435525,13.034075,12.744425,89.216925,121.1985,1.4312725,-51.320525,-200.3618090452262,0.09574219037381013,2.852184033174543e-06,0.002875417288959864,-3.987200000000001,36.14784456460256,0,0,0,0,36.14784456460256,529.0704111930659,0.1387083348121848,1.201218205267748,0.379580347225722,0.2956762418592322,0.143813720657852,636.1653304695199,246.0990480640946,0.9928504009370781,0.6668908481153418,1.859020779846207,0.8396898181918939,0.9373117986925429,38.09798145917095,307.9053820575409,3.397415336202901,341.4022296719812,3227.65342780169,0.7905847287383244,0.8036373269651346,1.691941294539106,0.8792806351494442,0.8708949054086069,0.1618346964433668,336.1221642002602,2.538444546042582,385.7205341522105,0.007794819412062549,0.0009467010703842342,0.0007355834848778212,646.1219931251372,384.5160691050507,4748.100456235105,5690.819164818604,0.0001561020594301475,0.03905779019500035,0.3352347374104705,0.2367069267399388,0.2021934222471167,0.8678576625806858,0.02716875508588248,0.05172016853543009,0.1550100077414353,0.2531087694384899,1.198876835486726,0.1343234063432977,0.3367717166964418,0,0.02214479347494804,6.596989908063774e-07,0.0006650727518317704,-3.987200000000001,18.07392228230128,0,0,0,0,18.07392228230128,264.5352055965329,0.06935416740609242,0.600609102633874,0.189790173612861,0.1478381209296161,0.071906860328926,318.0826652347599,123.0495240320473,0.4964252004685391,0.3334454240576709,0.9295103899231034,0.419844909095947,0.4686558993462714,19.04899072958547,153.9526910287704,1.698707668101451,170.7011148359906,1613.826713900845,0.3952923643691622,0.4018186634825673,0.8459706472695532,0.4396403175747221,0.4354474527043035,0.08091734822168338,168.0610821001301,1.269222273021291,192.8602670761052,0.003897409706031274,0.0004733505351921171,0.0003677917424389106,323.0609965625686,192.2580345525254,2374.050228117553,2845.409582409302,7.805102971507377e-05,0.01952889509750018,0.1676173687052352,0.1183534633699694,0.1010967111235584,0.4339288312903429,0.01358437754294124,0.02586008426771505,0.07750500387071763,0.1265543847192449,0.5994384177433628,0.06716170317164884,0.1683858583482209,0,0.01107239673747402,3.298494954031887e-07,0.0003325363759158852,1
-3.984700000000004,161,43.238,0.64,0.01,1.62,161,12427.875,-0.35784575,22.92505,6.854324999999999,89.71245,0.7429041000000001,713.8828749999999,142.256885,-0.1423595000000001,0.3529415,1.77769625,0.308525,0.5300146,2.435731000000001,5898.5175,18.0106,7906.13,63312.95,-0.15769825,0.33760575,1.74702375,0.2931900000000001,0.51467725,0.79412925,5895.2925,17.94735,7902.9075,0.4586485,0.9947125,0.0041586475,12849.825,3787.555,34233.35,60782.175,-0.00145064,0.4463585,13.606775,11.82,90.689775,69.480525,0.58578125,13.08125,12.7734,89.1771,120.7375,1.512685,-51.2568,-200.2361809045228,0.111599445702935,3.324575674551423e-06,0.003351656927418033,-3.984700000000004,36.14784456460256,0,0,0,0,36.14784456460256,579.4569203141853,0.01362055210273555,0.7849431932736705,13.48838065629698,0.4025239578791142,1.235793747309385,1236.415929540997,227.8441233540237,1.462659907677448,1.264423481367563,2.162602626875062,3.304017256921237,0.9682163978493513,15.66144057877235,286.626555454422,3.13853924833406,235.0380940755491,103708.015919841,1.538677813378828,1.325397931814285,2.211853512371374,3.345627538913041,1.022850134044206,0.2378544902209122,286.1009506421349,3.431623134417103,237.3638309115353,0.005681793642856109,0.0008826869962412364,0.0007333857639912298,488.0075913002449,205.8001345156672,3029.550484257801,2444.038722245074,0.0001076121452253416,0.02037271051349492,0.1936923053883834,0.256500331383802,0.3353440161485864,0.571324638449984,0.00973775344984662,0.08715589480924382,0.2538882037433024,0.3860901190136889,0.727889414677811,0.1667888282629665,0.1583572753828081,0,0.01884923738971771,5.615235426572788e-07,0.0005660975883514884,-3.984700000000004,18.07392228230128,0,0,0,0,18.07392228230128,289.7284601570926,0.006810276051367775,0.3924715966368352,6.744190328148491,0.2012619789395571,0.6178968736546927,618.2079647704987,113.9220616770119,0.7313299538387239,0.6322117406837813,1.081301313437531,1.652008628460618,0.4841081989246757,7.830720289386177,143.313277727211,1.56926962416703,117.5190470377745,51854.00795992051,0.7693389066894138,0.6626989659071424,1.105926756185687,1.672813769456521,0.511425067022103,0.1189272451104561,143.0504753210675,1.715811567208551,118.6819154557676,0.002840896821428054,0.0004413434981206182,0.0003666928819956149,244.0037956501225,102.9000672578336,1514.7752421289,1222.019361122537,5.380607261267079e-05,0.01018635525674746,0.09684615269419171,0.128250165691901,0.1676720080742932,0.285662319224992,0.00486887672492331,0.04357794740462191,0.1269441018716512,0.1930450595068444,0.3639447073389055,0.08339441413148325,0.07917863769140407,0,0.009424618694858857,2.807617713286394e-07,0.0002830487941757442,1
-3.982200000000006,179,43.2405,0.64,0.01,1.62,179,13065.75,-0.2751285,23.5995,13.551375,89.510125,0.6819188500000001,-220.757375,97.71857500000026,0.338739,0.77211125,3.6425825,0.678303,0.3233782500000001,-22.59525,6073.6175,19.281925,8344.055,37406.1,0.48101625,0.914387,3.9271375,0.8205807500000001,0.465655,0.29947275,6103.55,19.868825,8373.9875,0.4528315,0.99434125,0.0043496725,13472.65,3991.4625,35523.975,65009.875,-0.0013255075,0.454211,13.585975,11.8339,90.4873,70.26255,0.5958114999999999,13.16115,13.126375,89.040925,121.67425,1.4463675,-51.411725,-200.1105527638194,0.09787878155666557,2.915833624158089e-06,0.00293958535533306,-3.982200000000006,36.14784456460256,0,0,0,0,36.14784456460256,599.2820065155753,0.1146423786724031,0.7973789855938435,0.2119628485529167,0.2206199654760809,1.473705003116127,614.6586784708534,112.7763220458492,0.5903714136784289,0.4481944662051471,2.067224821790073,1.534994025240272,1.547164403590081,13.45062682120552,354.6119074307386,3.232401604973201,279.8438224557876,53537.09801281101,0.6469883477267964,0.3691240882178602,2.053899738584708,1.456720591721322,1.543542122748842,0.3458395886952745,367.3208640049369,3.183207097017094,295.8601298333388,0.008103854412150627,0.0007839623183971944,0.0006590143365347473,608.7941387146678,253.1755088701644,3279.820576774487,3426.469613051696,9.5773707726425e-05,0.01780152092753125,0.2728791353328431,0.2343276481055251,0.2046248274281426,0.8591979612793936,0.01569850469524619,0.1544262175495685,0.1546072739772185,0.1910993349892441,1.072688328453329,0.1230311395203128,0.3211476023575479,0,0.02420026269848263,7.209319381324989e-07,0.0007268044891066369,-3.982200000000006,18.07392228230128,0,0,0,0,18.07392228230128,299.6410032577876,0.05732118933620155,0.3986894927969217,0.1059814242764583,0.1103099827380405,0.7368525015580635,307.3293392354267,56.38816102292462,0.2951857068392145,0.2240972331025735,1.033612410895036,0.7674970126201361,0.7735822017950404,6.725313410602761,177.3059537153693,1.616200802486601,139.9219112278938,26768.5490064055,0.3234941738633982,0.1845620441089301,1.026949869292354,0.7283602958606608,0.7717710613744209,0.1729197943476373,183.6604320024685,1.591603548508547,147.9300649166694,0.004051927206075313,0.0003919811591985972,0.0003295071682673737,304.3970693573339,126.5877544350822,1639.910288387243,1713.234806525848,4.78868538632125e-05,0.008900760463765624,0.1364395676664215,0.1171638240527626,0.1023124137140713,0.4295989806396968,0.007849252347623096,0.07721310877478427,0.07730363698860925,0.09554966749462204,0.5363441642266644,0.06151556976015642,0.1605738011787739,0,0.01210013134924131,3.604659690662495e-07,0.0003634022445533184,1
-3.979700000000001,175,43.243,0.64,0.01,1.62,175,13284.95,-0.237872075,24.5365,13.14655,89.607925,0.0869837825,-40.94695499999999,270.2455000000003,-0.64341275,0.65164,3.104155,0.231712025,0.9793244999999999,-29.2404575,6475.815,14.01515,8163.389999999999,14836.55,-0.45929225,0.8357604999999999,3.4723925,0.415832,1.163445,-0.4748495,6514.5475,14.77465,8202.125,0.47443725,0.9960275,0.0033183875,13732.45,4351.345,42958.725,66802.475,-0.0013494125,0.5130215,13.240175,11.54,90.48259999999999,70.1461,0.62541825,12.83525,12.531425,89.08565,121.32975,1.39695,-51.18385,-199.9849246231157,0.0708009636511574,2.109178589614151e-06,0.002126359488567185,-3.979700000000001,36.14784456460256,0,0,0,0,36.14784456460256,515.8030405752439,0.1568646200457234,0.9601873740751498,0.1808533568023188,0.08446428732508267,0.7266232093681171,308.6815568377916,250.1119292403566,1.147199963347098,1.663598502243455,2.447081741646568,0.7871768479981712,1.520942008939306,29.09257614458641,269.3534434530213,2.918183417242081,355.4665435733718,6367.087742707284,1.144890721269174,1.492490398630535,2.274340807580297,0.6218686810675278,1.397067754133397,1.468958635057389,279.7293586516555,2.442958373911981,388.5220805823013,0.01110839725537997,0.000780335184391914,0.0006257257843163673,543.9044432005796,265.0400637010686,3290.234377036586,5457.997171963962,9.336257971835752e-05,0.01981016995552198,0.1208280148254812,0.187642123913227,0.1026612877378786,0.9279353784971609,0.02739576698901982,0.2142869182505867,0.0967804172685084,0.1020020424632064,1.149837488517405,0.153027844525106,0.2411298198066741,0,0.01842945671541583,5.490181703443573e-07,0.0005534903500613872,-3.979700000000001,18.07392228230128,0,0,0,0,18.07392228230128,257.901520287622,0.0784323100228617,0.4800936870375749,0.09042667840115938,0.04223214366254133,0.3633116046840585,154.3407784188958,125.0559646201783,0.5735999816735491,0.8317992511217275,1.223540870823284,0.3935884239990856,0.7604710044696532,14.54628807229321,134.6767217265106,1.459091708621041,177.7332717866859,3183.543871353642,0.5724453606345872,0.7462451993152676,1.137170403790149,0.3109343405337639,0.6985338770666986,0.7344793175286943,139.8646793258278,1.22147918695599,194.2610402911506,0.005554198627689987,0.000390167592195957,0.0003128628921581837,271.9522216002898,132.5200318505343,1645.117188518293,2728.998585981981,4.668128985917876e-05,0.009905084977760992,0.0604140074127406,0.09382106195661351,0.05133064386893932,0.4639676892485805,0.01369788349450991,0.1071434591252933,0.0483902086342542,0.05100102123160319,0.5749187442587027,0.07651392226255299,0.1205649099033371,0,0.009214728357707916,2.745090851721787e-07,0.0002767451750306936,1
-3.977200000000003,159,43.2455,0.64,0.01,1.62,159,13970.9,-0.246997975,25.1007,13.52445,89.73685,0.37008958,-322.7771825,129.0245273615184,0.1144325,0.33501559,1.568256,1.8068845,-0.08837675000000005,-15.36801,6666.3125,20.874625,8650.9925,26881.9,0.2112025,0.43178375,1.7617925,1.90365275,0.008394500000000006,2.37108825,6686.67,21.273775,8671.35,0.467024,0.99446675,0.0045009075,14317.45,4536.425,43274.275,71276.7,-0.0012944325,0.5044315,13.53485,11.758525,90.7074,70.17465,0.631603,13.061875,12.9019,89.21124999999999,121.482,1.4961475,-51.307425,-199.8592964824122,0.05946098783028057,1.77135784573301e-06,0.001785786932158911,-3.977200000000003,36.14784456460256,0,0,0,0,36.14784456460256,55.05288366652568,0.1399695859644843,0.1676031025965813,0.1036214424399376,0.25075312560365,1.165315371900451,430.4246773990813,247.4333658744043,1.719055334621799,0.8756879955204322,2.403198315117585,1.373605315462803,1.708491843373637,23.56068832581227,98.79887596357898,1.794183101720669,74.96960022791477,31605.00710330564,1.82964003904912,0.8475906629493488,2.317553219890538,1.485058892139831,1.596532726326335,3.995826721427109,87.00779083890518,1.803536570879559,79.57840955099934,0.005388804443782798,0.0004050928905819336,0.0004068236482289758,38.92878112656488,73.7075837346469,1163.901056433349,2227.207963647165,6.551008694595564e-05,0.006456879044863713,0.07448174272934267,0.1017030112631879,0.2842084915456658,1.157665641135934,0.01409508361096166,0.08576228289094585,0.1030130412455951,0.2389563488729084,1.3462010746294,0.1024121481644959,0.2617472237993477,0,0.005732349020849074,1.707681251704666e-07,0.0001721591642780131,-3.977200000000003,18.07392228230128,0,0,0,0,18.07392228230128,27.52644183326284,0.06998479298224215,0.08380155129829067,0.0518107212199688,0.125376562801825,0.5826576859502254,215.2123386995407,123.7166829372022,0.8595276673108997,0.4378439977602161,1.201599157558793,0.6868026577314016,0.8542459216868187,11.78034416290614,49.39943798178949,0.8970915508603343,37.48480011395738,15802.50355165282,0.9148200195245602,0.4237953314746744,1.158776609945269,0.7425294460699157,0.7982663631631675,1.997913360713554,43.50389541945259,0.9017682854397797,39.78920477549967,0.002694402221891399,0.0002025464452909668,0.0002034118241144879,19.46439056328244,36.85379186732345,581.9505282166747,1113.603981823583,3.275504347297782e-05,0.003228439522431857,0.03724087136467134,0.05085150563159394,0.1421042457728329,0.578832820567967,0.007047541805480831,0.04288114144547293,0.05150652062279753,0.1194781744364542,0.6731005373147,0.05120607408224795,0.1308736118996739,0,0.002866174510424537,8.538406258523329e-08,8.607958213900654e-05,1
-3.974700000000006,164,43.248,0.64,0.01,1.62,164,14915.6,-0.1675526175,27.023725,13.2623,89.7663,-0.15397848,173.757325,373.55049425,0.8093914999999999,1.72063625,2.48327,0.809258,0.1946165,-15.6125375,7457.7625,22.287175,8869.0775,14441.5,0.90769875,1.81894275,2.6798875,0.907564,0.292923575,0.506862525,7478.445,22.692675,8889.7575,0.4884815,0.99472775,0.0046821725,15301.425,5202.0225,55301.85,76395.975,-0.00140823,0.5742515,13.370575,11.753225,90.66825,69.856825,0.6575775,13.03055,12.78955,89.2769,121.0535,1.391335,-51.1967,-199.7336683417088,0.007296341397799298,2.173598531028198e-07,0.0002191304180473887,-3.974700000000006,36.14784456460256,0,0,0,0,36.14784456460256,442.2814563902353,0.1413727719841834,0.98126459691903,0.2086578219637759,0.2396636114779863,0.2839265152778007,274.9092211167094,248.9408718717662,1.211131785435287,1.555162673652797,0.9929301002252541,0.7667112293977875,1.500829868810475,19.24396541164766,440.6220437347638,3.799996019625109,210.2493307757879,5404.471735516802,1.283102252543518,1.548964871569693,0.9743751256873985,0.7700638259482132,1.417406869026859,0.3814766568285699,437.0115157521594,3.415217967055689,212.8462390827393,0.01279083217256276,0.0005908369064301705,0.0007031439302340596,553.4047908177158,408.2393884618028,7230.973968744918,4267.356827026148,0.000183377084537118,0.04712579801976832,0.3274107651966663,0.3127343001654921,0.2583076266779653,0.8467704937978656,0.02229767912436924,0.1084375242555212,0.2114691545671216,0.1436216093304386,1.009332948040433,0.116580347257446,0.2100597534036458,0,0.02879170371145101,8.577121255850876e-07,0.0008646988574972323,-3.974700000000006,18.07392228230128,0,0,0,0,18.07392228230128,221.1407281951176,0.07068638599209168,0.490632298459515,0.1043289109818879,0.1198318057389931,0.1419632576389004,137.4546105583547,124.4704359358831,0.6055658927176436,0.7775813368263985,0.496465050112627,0.3833556146988937,0.7504149344052373,9.621982705823832,220.3110218673819,1.899998009812554,105.1246653878939,2702.235867758401,0.6415511262717589,0.7744824357848467,0.4871875628436992,0.3850319129741066,0.7087034345134294,0.190738328414285,218.5057578760797,1.707608983527844,106.4231195413696,0.006395416086281381,0.0002954184532150852,0.0003515719651170298,276.7023954088579,204.1196942309014,3615.486984372459,2133.678413513074,9.1688542268559e-05,0.02356289900988416,0.1637053825983331,0.156367150082746,0.1291538133389826,0.4233852468989328,0.01114883956218462,0.05421876212776058,0.1057345772835608,0.07181080466521929,0.5046664740202167,0.05829017362872298,0.1050298767018229,0,0.01439585185572551,4.288560627925438e-07,0.0004323494287486161,1
-3.969700000000003,162,43.253,0.64,0.01,1.62,162,14202.9,-0.2985455,25.6846,13.438175,89.802375,0.05554400000000001,277.72875,392.46275,0.407697,1.29189025,2.175935,1.07584675,1.269477,-1.508057750000001,7074.7625,20.371,8452.95,13178.85,0.4171925,1.30138675,2.1949275,1.085341,1.27897325,-0.4805360000000001,7076.7625,20.410125,8454.9475,0.48746425,0.9950055,0.004406810000000001,14517.125,4770.35,50538.475,69937.4,-0.0012460375,0.5525795,13.357225,11.549025,90.7107,69.4995,0.6336115,12.905925,12.66365,89.30755,120.547,1.40315,-51.0476,-199.4824120603017,0.03376045758057236,1.005732558321696e-06,0.001013925031706068,-3.969700000000003,36.14784456460256,0,0,0,0,36.14784456460256,1098.165272928745,0.0803138107446866,1.912752503592663,0.1168453215437677,0.2773268033085419,0.3671592325799076,377.722100916688,115.9929587126592,1.004106345066763,1.458841084847004,4.454809446238975,0.744512529616247,1.06797922476017,28.20055274553084,520.597353519653,5.120162035847433,619.6476663933036,435.8505898432012,0.969399683772213,1.324228581074877,4.161852865254248,0.7647683521489803,0.9290488348274542,2.446968628813483,547.6919255308287,5.692235474383796,652.8702495072556,0.008499697342650901,0.001250944576443528,0.001124337948868874,1093.861521933496,583.8367863824043,6604.000149088933,8952.744622367674,0.000109740711793755,0.03235721960140168,0.2129098929124718,0.2456189918688426,0.2174113919125118,1.006750670887937,0.0341686195653263,0.1417954953445285,0.2038818203437143,0.2747338287627953,1.294340243779307,0.1239298244975761,0.3710480561867966,0,0.03608367989547604,1.074941937867035e-06,0.001083698175440189,-3.969700000000003,18.07392228230128,0,0,0,0,18.07392228230128,549.0826364643727,0.0401569053723433,0.9563762517963316,0.05842266077188384,0.138663401654271,0.1835796162899538,188.861050458344,57.99647935632961,0.5020531725333814,0.729420542423502,2.227404723119487,0.3722562648081235,0.5339896123800848,14.10027637276542,260.2986767598265,2.560081017923717,309.8238331966518,217.9252949216006,0.4846998418861065,0.6621142905374386,2.080926432627124,0.3823841760744902,0.4645244174137271,1.223484314406741,273.8459627654144,2.846117737191898,326.4351247536278,0.004249848671325451,0.0006254722882217642,0.0005621689744344368,546.9307609667482,291.9183931912021,3302.000074544466,4476.372311183837,5.487035589687749e-05,0.01617860980070084,0.1064549464562359,0.1228094959344213,0.1087056959562559,0.5033753354439685,0.01708430978266315,0.07089774767226424,0.1019409101718571,0.1373669143813976,0.6471701218896533,0.06196491224878804,0.1855240280933983,0,0.01804183994773802,5.374709689335175e-07,0.0005418490877200945,1
-3.964700000000001,174,43.258,0.64,0.01,1.62,174,14536.65,-0.1110167675,26.39195,13.1875,89.74465,-0.0674368,411.94965,267.6647500000014,1.17272425,0.21343,1.45385475,0.01875125000000001,0.5463925,10.5677975,7217.9975,18.4162,8680.9875,14577.475,1.10618125,0.1468884,1.32077025,-0.04779175000000002,0.47985,1.9526505,7204.0,18.1417,8666.9925,0.485784,0.995608,0.003819255,14830.975,5052.4725,53012.975,74917.325,-0.0013158675,0.56849625,13.277225,11.5572,90.67165,70.0754,0.66117675,12.84905,12.556225,89.201725,121.3225,1.4699325,-51.24685,-199.2311557788945,0.02537764781712589,7.56006538193145e-07,0.0007621647990462033,-3.964700000000001,36.14784456460256,0,0,0,0,36.14784456460256,597.9430547022574,0.1603306018051708,0.9648526675093977,0.1456448877693051,0.2087239724292949,0.1220010879612418,798.0137481001377,245.8103930096983,0.86490772378421,0.7664687850573781,1.213460577135045,1.479716992234072,2.522667398626237,34.74791509221848,297.6408945216813,5.039672755249095,387.0109153822411,6311.678276747531,0.977781775620503,0.801585244014035,1.054023847191443,1.327834314016468,2.316188540325103,2.770322684123578,324.8445585199175,5.235467392697619,425.9047822675082,0.00930818861719797,0.001300692123448176,0.001036877158024678,644.9945548865768,362.5556285937375,4051.574159406028,6849.250496404695,1.554640231693502e-05,0.02043217683581464,0.1164380629347635,0.1220252706068166,0.1916173704721707,0.9465793081758523,0.03211355638329914,0.1058166181025763,0.1129919871790325,0.2229414478437466,1.334140047621188,0.1023943105108873,0.4118453310002071,0,0.02140178906975716,6.375647019125285e-07,0.000642758161951199,-3.964700000000001,18.07392228230128,0,0,0,0,18.07392228230128,298.9715273511287,0.08016530090258539,0.4824263337546988,0.07282244388465257,0.1043619862146475,0.06100054398062092,399.0068740500689,122.9051965048491,0.432453861892105,0.3832343925286891,0.6067302885675224,0.7398584961170362,1.261333699313119,17.37395754610924,148.8204472608407,2.519836377624547,193.5054576911205,3155.839138373765,0.4888908878102515,0.4007926220070175,0.5270119235957214,0.6639171570082338,1.158094270162552,1.385161342061789,162.4222792599587,2.61773369634881,212.9523911337541,0.004654094308598985,0.0006503460617240878,0.000518438579012339,322.4972774432884,181.2778142968687,2025.787079703014,3424.625248202347,7.773201158467508e-06,0.01021608841790732,0.05821903146738177,0.06101263530340831,0.09580868523608534,0.4732896540879262,0.01605677819164957,0.05290830905128816,0.05649599358951624,0.1114707239218733,0.667070023810594,0.05119715525544367,0.2059226655001036,0,0.01070089453487858,3.187823509562643e-07,0.0003213790809755995,1
-3.959700000000005,163,43.263,0.64,0.01,1.62,163,14807.775,-0.2151064,26.982525,13.1868,89.71805,0.3126225,846.2543000000001,1.5109759181,1.2030713,1.177977,0.7748335,0.79058125,0.831888925,1.732442499999999,7558.747499999999,19.737425,8574.055,37533.2,1.19216375,1.1670695,0.7530175,0.77967425,0.820980375,2.76441625,7556.452499999999,19.69245,8571.7575,0.50058575,0.9954965,0.00417554,15099.6,5240.9675,58507.675,74190.325,-0.0013034875,0.59638675,13.2317,11.584925,90.612925,69.99105,0.658115,12.7712,12.557025,89.198725,121.20625,1.4141725,-51.2149,-198.9798994974877,0.00215696006272078,6.425638505937337e-08,6.47798032583957e-05,-3.959700000000005,36.14784456460256,0,0,0,0,36.14784456460256,1363.476356902948,0.1313971233220373,2.119664159523075,0.3128615029050396,0.410303282138149,0.3822492535022142,2043.709991115233,3.019156255879286,0.899833946144191,1.356938251337424,3.295108711479132,1.650533178712337,1.13705910307047,22.58302399815457,633.6956923411002,5.172423168029339,791.3886057852155,47348.30755637769,0.9212661166150184,1.328529225747154,3.53236405574449,1.791476376587827,1.237868957633331,2.095675103251834,663.1734326391048,5.660934814733929,818.4783300073782,0.01189697822628364,0.0009867595113974348,0.0008849682844411245,1343.751393177572,827.7389250794396,9424.957480850158,12732.13782059007,7.243569671324585e-05,0.04756179614196673,0.2227554862773682,0.1230366984548377,0.3901937841209998,1.125783216254353,0.05316737948529469,0.2782154201333921,0.1462012397348254,0.3497276499887673,1.449351205424924,0.0906203701805873,0.3421093977078071,0,0.04369196758805702,1.301594749880764e-06,0.001312197250771687,-3.959700000000005,18.07392228230128,0,0,0,0,18.07392228230128,681.7381784514738,0.06569856166101863,1.059832079761537,0.1564307514525198,0.2051516410690745,0.1911246267511071,1021.854995557617,1.509578127939643,0.4499169730720955,0.6784691256687121,1.647554355739566,0.8252665893561683,0.5685295515352352,11.29151199907728,316.8478461705501,2.58621158401467,395.6943028926078,23674.15377818885,0.4606330583075092,0.6642646128735771,1.766182027872245,0.8957381882939135,0.6189344788166654,1.047837551625917,331.5867163195524,2.830467407366965,409.2391650036891,0.005948489113141822,0.0004933797556987174,0.0004424841422205622,671.875696588786,413.8694625397198,4712.478740425079,6366.068910295034,3.621784835662292e-05,0.02378089807098336,0.1113777431386841,0.06151834922741884,0.1950968920604999,0.5628916081271763,0.02658368974264734,0.1391077100666961,0.07310061986741268,0.1748638249943836,0.7246756027124619,0.04531018509029365,0.1710546988539036,0,0.02184598379402851,6.50797374940382e-07,0.0006560986253858437,1
-3.954700000000003,180,43.268,0.64,0.01,1.62,180,14782.075,-0.205824175,26.752975,13.364,89.6506,-0.381632025,745.2629000000001,292.0590716,0.42270725,-0.402009845,-0.469286,-0.401008575,0.78366375,-26.29117,7492.2975,21.048075,8668.165,27334.525,0.58825675,-0.23646225,-0.138188,-0.235459,0.94921225,-0.7086494999999999,7527.12,21.73095,8702.9925,0.49575325,0.9949615,0.004609055,15185.75,5082.28,55728.375,72877.6,-0.00138118,0.57432225,13.467825,11.7803,90.6323,70.521125,0.642235,12.97695,12.851175,89.144975,121.99525,1.48731,-51.47435,-198.7286432160805,0.004089478128434835,1.218265863398188e-07,0.0001228189585742062,-3.954700000000003,36.14784456460256,0,0,0,0,36.14784456460256,548.417002988298,0.1128576926808972,1.151380349479122,0.3204186116109157,0.1693628648789311,0.4449025161020511,725.4122705559279,249.7190048453068,0.8629688041667073,1.709627299517811,2.435196454048557,0.845355826170804,0.8387316011686436,17.50222487520563,215.2713121272777,6.459656105591072,350.6325109950119,19667.75344438624,0.8656451376021529,1.645151227197948,2.412834383793882,0.8663644939365879,0.8630722828517416,2.367232932056117,194.6310598714054,6.41318473277253,339.4850460501417,0.006028162759083403,0.001533212205360558,0.001489525448870657,470.8568112140529,539.0937328517184,5243.679827102973,9185.724589818705,0.0001360658519492186,0.04085934702019431,0.3201790267438935,0.3600370443903417,0.1342197451942197,1.008166062296618,0.05773779486032815,0.2530013241072065,0.4975344636304104,0.1780306972594028,1.268475561451622,0.05864852825661247,0.2650234392149737,0,0.01282291108328878,3.819977598985202e-07,0.0003851094285573143,-3.954700000000003,18.07392228230128,0,0,0,0,18.07392228230128,274.208501494149,0.05642884634044859,0.5756901747395612,0.1602093058054579,0.08468143243946553,0.2224512580510256,362.7061352779639,124.8595024226534,0.4314844020833536,0.8548136497589055,1.217598227024279,0.422677913085402,0.4193658005843218,8.751112437602815,107.6356560636388,3.229828052795536,175.3162554975059,9833.876722193118,0.4328225688010764,0.8225756135989742,1.206417191896941,0.4331822469682939,0.4315361414258708,1.183616466028058,97.31552993570271,3.206592366386265,169.7425230250709,0.003014081379541702,0.0007666061026802789,0.0007447627244353286,235.4284056070264,269.5468664258592,2621.839913551486,4592.862294909352,6.803292597460929e-05,0.02042967351009715,0.1600895133719467,0.1800185221951709,0.06710987259710983,0.5040830311483091,0.02886889743016408,0.1265006620536033,0.2487672318152052,0.0890153486297014,0.6342377807258109,0.02932426412830623,0.1325117196074868,0,0.006411455541644389,1.909988799492601e-07,0.0001925547142786571,1
-3.944700000000005,169,43.278,0.64,0.01,1.62,169,15686.75,-0.185291125,28.532875,13.162325,89.661825,-4.157762875,3287.01089,346.427250000011,-0.6342235,-0.10700225,0.3611225000000001,1.391831375,1.361535,-19.4528975,7967.862499999999,20.206025,9169.6425,1755446.35,-0.51173475,0.01548700000000008,0.6061049999999999,1.51431925,1.4840225,1.14685675,7993.6325,20.7113,9195.41,0.49671325,0.9954735,0.004135349999999999,16085.575,5743.6575,63258.4,82558.775,-0.001468875,0.614013,13.32865,11.792575,90.63605,70.2629,0.687402,12.943525,12.738575,89.0798,121.67375,1.55624,-51.4107,-198.2261306532666,-0.02664584392496785,-7.937864205584686e-07,-0.0008002524279174759,-3.944700000000005,36.14784456460256,0,0,0,0,36.14784456460256,527.802605147038,0.1681484943180754,1.197273091584929,0.2762128692995073,0.4192696695843017,8.113796475453752,6555.037640483471,233.2355197153867,1.203898045221854,1.564368242070981,3.0824002226336,1.233748141887515,1.932756423185981,36.11486740206436,412.2986585292265,2.782121289442046,198.8315106440633,3485655.80125333,1.181300805969808,1.576781585643575,3.191573006679726,1.329136617488555,2.075898505456934,1.007538177930535,438.5538611067819,2.236480942612001,227.8981996418582,0.007795953453555277,0.0005815579650100542,0.000476661872260271,638.0265740285943,439.9077109557567,7041.213982924634,4332.340975635075,0.0001657998794732172,0.03767562548031993,0.09655970519148585,0.02970548490318483,0.4152723644388937,0.7799672300808551,0.01801329087090972,0.1072476068109057,0.0538058469561312,0.277783260834777,0.9576347163715394,0.1525939529164463,0.1934273507030502,0,0.0288933183116855,8.60739250191227e-07,0.0008677506403860946,-3.944700000000005,18.07392228230128,0,0,0,0,18.07392228230128,263.901302573519,0.0840742471590377,0.5986365457924643,0.1381064346497537,0.2096348347921509,4.056898237726876,3277.518820241736,116.6177598576933,0.6019490226109268,0.7821841210354903,1.5412001113168,0.6168740709437576,0.9663782115929905,18.05743370103218,206.1493292646132,1.391060644721023,99.41575532203164,1742827.900626665,0.5906504029849038,0.7883907928217875,1.595786503339863,0.6645683087442774,1.037949252728467,0.5037690889652677,219.276930553391,1.118240471306,113.9490998209291,0.003897976726777639,0.0002907789825050271,0.0002383309361301355,319.0132870142971,219.9538554778783,3520.606991462317,2166.170487817537,8.28999397366086e-05,0.01883781274015996,0.04827985259574293,0.01485274245159242,0.2076361822194469,0.3899836150404276,0.00900664543545486,0.05362380340545286,0.0269029234780656,0.1388916304173885,0.4788173581857697,0.07629697645822317,0.09671367535152511,0,0.01444665915584275,4.303696250956135e-07,0.0004338753201930473,1
-3.934700000000007,168,43.288,0.64,0.01,1.62,168,14717.9,-0.266029625,27.019575,13.210925,89.6721,0.27711,37.61640000000001,317.7200000007588,-0.5902609999999999,1.147911875,2.03479625,0.63379025,1.3979365,-14.49665,7441.1775,20.213275,8703.2,12621.9,-0.49897925,1.239190325,2.2173565,0.7250734999999999,1.489219275,1.29196975,7460.3825,20.589825,8722.4025,0.49301775,0.9952015,0.0043317175,15136.1,5239.735,56887.475,75861.275,-0.00136764,0.59388325,13.18595,11.462525,90.58935,69.526175,0.66759225,12.81505,12.498675,89.102075,120.71075,1.4872575,-51.1846,-197.7236180904526,0.008486356144648679,2.528106929776354e-07,0.0002548700325668401,-3.934700000000007,36.14784456460256,0,0,0,0,36.14784456460256,650.0919524703153,0.1667828746491352,0.9036670307696286,0.1788453778174501,0.3256205255610666,0.09502326344988721,131.8928640847563,213.1490235837135,0.2822795570576563,0.788620247593265,2.42236265433624,1.10529617805376,2.088320980757907,24.13589041248185,267.1521927509986,2.405276590297535,463.5907991609267,929.7195670380032,0.3772958641061194,0.9288875569574729,2.521345368871349,1.251158220752142,2.111725908024801,1.303097982980143,266.4038084531325,2.714874211174433,443.3774989310275,0.009927616745725064,0.0005127367745734881,0.0005401616531110541,594.3183378179295,356.5277227650049,3316.397025262004,7294.53960227557,8.206505590079129e-05,0.01843286692071166,0.2937916552025717,0.238306544531758,0.2460822694412069,0.5938979563022637,0.02762188382876882,0.1685060928670934,0.1961508666817455,0.3011005410711464,0.747865128214975,0.0870749617188163,0.1948629090754157,0,0.01755152723466152,5.228644293709775e-07,0.0005271235665400126,-3.934700000000007,18.07392228230128,0,0,0,0,18.07392228230128,325.0459762351576,0.08339143732456762,0.4518335153848143,0.08942268890872507,0.1628102627805333,0.0475116317249436,65.94643204237815,106.5745117918567,0.1411397785288282,0.3943101237966325,1.21118132716812,0.5526480890268802,1.044160490378953,12.06794520624092,133.5760963754993,1.202638295148768,231.7953995804633,464.8597835190016,0.1886479320530597,0.4644437784787365,1.260672684435675,0.6255791103760712,1.0558629540124,0.6515489914900715,133.2019042265663,1.357437105587216,221.6887494655138,0.004963808372862532,0.0002563683872867441,0.0002700808265555271,297.1591689089648,178.2638613825024,1658.198512631002,3647.269801137785,4.103252795039564e-05,0.009216433460355831,0.1468958276012858,0.119153272265879,0.1230411347206034,0.2969489781511319,0.01381094191438441,0.08425304643354672,0.09807543334087274,0.1505502705355732,0.3739325641074875,0.04353748085940815,0.09743145453770787,0,0.00877576361733076,2.614322146854887e-07,0.0002635617832700063,1
-3.924700000000001,172,43.298,0.64,0.01,1.62,172,14928.375,-0.251636,27.096725,13.276625,89.85,-0.06486575,46.45394999999998,418.099,1.230476075,1.338334,1.048655,1.495181625,0.885006,-18.2334725,7578.915,19.309925,8702.0,16772.125,1.34528725,1.45314475,1.27828,1.60999295,0.9998165000000001,0.261954,7603.07,19.783525,8726.1525,0.49752925,0.99546875,0.004156395,15282.05,5203.735,57374.575,74400.85,-0.001305565,0.5881799999999999,13.303425,11.677975,90.75745,70.0929,0.653737,12.9125,12.704825,89.290625,121.36225,1.4668525,-51.26915,-197.2211055276383,-0.0009143485856530614,-2.723867530681398e-08,-2.746055548821035e-05,-3.924700000000001,36.14784456460256,0,0,0,0,36.14784456460256,462.0952742671145,0.1269378825436547,0.8192498779371296,0.2278334241648199,0.2745757333293207,0.2764009714941622,774.452955869632,140.8488950069069,1.583122547841329,1.264547086403139,2.949894332960646,1.11631398984809,1.639816200863174,15.48588065222721,215.1367680492266,3.796383751567624,271.5449204091291,4167.15980765077,1.653240472868839,1.304279639800038,3.08283726510715,1.184967542320102,1.6186197999692,0.8683470738289691,204.2865963950317,3.49042427065345,257.4958937374864,0.001870689244636857,0.0007834336283311074,0.0007066773988414608,427.6701415811021,333.9437464104796,3534.795675731013,5147.763813864556,9.065630351314068e-05,0.02187821970209948,0.1504195770724894,0.09748098532534412,0.214471668680653,0.5052924565701239,0.02487182286577858,0.1102535562540582,0.1200762084400294,0.3290887051135854,0.5210651750660966,0.1158378163281175,0.1449623054452409,0,0.01345904843148853,4.009484521728182e-07,0.0004042144889494465,-3.924700000000001,18.07392228230128,0,0,0,0,18.07392228230128,231.0476371335572,0.06346894127182734,0.4096249389685648,0.1139167120824099,0.1372878666646603,0.1382004857470811,387.226477934816,70.42444750345344,0.7915612739206647,0.6322735432015693,1.474947166480323,0.5581569949240451,0.8199081004315869,7.742940326113604,107.5683840246133,1.898191875783812,135.7724602045646,2083.579903825385,0.8266202364344195,0.6521398199000189,1.541418632553575,0.5924837711600511,0.8093098999846,0.4341735369144846,102.1432981975158,1.745212135326725,128.7479468687432,0.0009353446223184286,0.0003917168141655537,0.0003533386994207304,213.835070790551,166.9718732052398,1767.397837865506,2573.881906932278,4.532815175657034e-05,0.01093910985104974,0.07520978853624469,0.04874049266267206,0.1072358343403265,0.2526462282850619,0.01243591143288929,0.05512677812702911,0.0600381042200147,0.1645443525567927,0.2605325875330483,0.05791890816405876,0.07248115272262047,0,0.006729524215744267,2.004742260864091e-07,0.0002021072444747232,1
