freq,cyc,detuning,VVA,cyc.1,ROIsum,fBg,fA1,fWidth1,fCtr1,fA2,fWidth2,fCtr2,box1,box2,box3,box4,box5,box6,box7,box8,box9,Nfit,BZ-2,BZ-1,BZ0,BZ1,BZ2,Excited,c5,c7,c9,fraction95,fraction75,fraction97,sum95,two2D_bg,two2D_a1,two2D_sh1,two2D_sv1,two2D_ch1,two2D_cv1,two2D_a2,two2D_sh2,two2D_sv2,two2D_ch2,two2D_cv2,two2D_chd,two2D_cvd,vva,c5_sv,c5_sh,c9_sv,c9_sh,c5_s,c9_s,detuning_EF,bgc5,bgc9,c5mbg,c9mbg,N,Nmbg,transferbgN,transfer,loss,in_HFT,in_Fourier,sqrt_pulse_area,OmegaR,ScaledTransfer,C,e_freq,e_cyc,e_detuning,e_VVA,e_cyc.1,e_ROIsum,e_fBg,e_fA1,e_fWidth1,e_fCtr1,e_fA2,e_fWidth2,e_fCtr2,e_box1,e_box2,e_box3,e_box4,e_box5,e_box6,e_box7,e_box8,e_box9,e_Nfit,e_BZ-2,e_BZ-1,e_BZ0,e_BZ1,e_BZ2,e_Excited,e_c5,e_c7,e_c9,e_fraction95,e_fraction75,e_fraction97,e_sum95,e_two2D_bg,e_two2D_a1,e_two2D_sh1,e_two2D_sv1,e_two2D_ch1,e_two2D_cv1,e_two2D_a2,e_two2D_sh2,e_two2D_sv2,e_two2D_ch2,e_two2D_cv2,e_two2D_chd,e_two2D_cvd,e_vva,e_c5_sv,e_c5_sh,e_c9_sv,e_c9_sh,e_c5_s,e_c9_s,e_detuning_EF,e_bgc5,e_bgc9,e_c5mbg,e_c9mbg,e_N,e_Nmbg,e_transferbgN,e_transfer,e_loss,e_in_HFT,e_in_Fourier,e_sqrt_pulse_area,e_OmegaR,e_ScaledTransfer,e_C,em_freq,em_cyc,em_detuning,em_VVA,em_cyc.1,em_ROIsum,em_fBg,em_fA1,em_fWidth1,em_fCtr1,em_fA2,em_fWidth2,em_fCtr2,em_box1,em_box2,em_box3,em_box4,em_box5,em_box6,em_box7,em_box8,em_box9,em_Nfit,em_BZ-2,em_BZ-1,em_BZ0,em_BZ1,em_BZ2,em_Excited,em_c5,em_c7,em_c9,em_fraction95,em_fraction75,em_fraction97,em_sum95,em_two2D_bg,em_two2D_a1,em_two2D_sh1,em_two2D_sv1,em_two2D_ch1,em_two2D_cv1,em_two2D_a2,em_two2D_sh2,em_two2D_sv2,em_two2D_ch2,em_two2D_cv2,em_two2D_chd,em_two2D_cvd,em_vva,em_c5_sv,em_c5_sh,em_c9_sv,em_c9_sh,em_c5_s,em_c9_s,em_detuning_EF,em_bgc5,em_bgc9,em_c5mbg,em_c9mbg,em_N,em_Nmbg,em_transferbgN,em_transfer,em_loss,em_in_HFT,em_in_Fourier,em_sqrt_pulse_area,em_OmegaR,em_ScaledTransfer,em_C
46.2227,119.06,-1.0,10.0,119.06,5433.855,-0.0653495088,13.321174000000001,8.199686,117.41092,-0.006953176000000002,0.7195184000000012,277.2578525556638,-3.8945202,-3.5324953,-5.42360664,-2.43911354,-2.437554838,-94.048542,-33.320104494,4.204827679999999,6489.345799999999,5820.296600000001,-3.3023209,-2.94029688,-4.239206788000001,-1.8469144320000002,-1.8453565680400001,0.6566746600000001,41.59306540000001,11.01511818,7155.042964000001,0.006061629848,0.755109418,0.0029572864799999998,6605.852199999999,-0.0007145899799999999,-0.0108762196,14.88891042,8.6293778,114.19686,73.456924,0.78335182,10.148169000000001,9.414140199999999,116.58242,135.02454,-2.38554356,-61.5676,10.0,9.808829,15.37349842,9.803499799999999,10.148169000000001,18.46775368199774,14.110614989626331,-60.975609756097555,41.59306540000001,7155.042964000001,-6.7501559897209515e-15,-6.366462912410497e-13,7155.042964000001,-6.002665031701327e-13,-9.6710833785707e-19,-0.0002535379655613466,8.881784197001253e-17,0.0,0.0,0.5551738466462555,343.951182703934,-3.514740250337373e-07,-0.0034978839259076234,46.2227,70.47083924343082,0.0,0.0,70.47083924343082,587.7331760845288,0.07318343847373328,0.9931175594365572,6.236218512139143,0.1666287379971713,0.37639457338396726,176.66139550227766,237.87504305007442,1.5783406134698967,2.082006110669268,2.646774443423493,1.9088438906519503,1.8805697910665307,29.82864263526045,33.32107216207764,10.617941795518469,519.310446190731,3366.319944099079,1.607824311226316,2.0378360875697776,2.665327839524903,1.889866218328171,1.9074308831325544,0.5006490015937723,47.34369749531894,11.156430271461677,568.3676514903512,0.00701893970704742,1.4559193462665285,0.0030443428650182894,541.4982985116189,0.0001262241397901966,0.0038717750753173687,5.580821293205156,5.1444207154596295,6.035807336594653,3.541641042007597,0.042185553183229765,0.1999464487005436,2.7738544650731196,0.1659468921685725,0.8478208611806338,6.040866315163506,3.758246125576153,0.0,2.0674340972614798,4.022621594869512,0.2428794069499671,0.1999464487005436,3.4324839044514355,0.288339023438442,0.0,0.0,0.0,47.34369749531894,568.367651490351,588.2869463799617,588.2869463799617,0.006616829239674,0.006706500557217775,0.0794359522856879,0.0,0.0,0.0,0.0,9.297072095366287e-06,0.09252484315808115,46.2227,9.9660816609874,0.0,0.0,9.9660816609874,83.11802286753552,0.010349701123065056,0.14044803215860474,0.881934479778934,0.02356486211567127,0.05323023104832417,24.983694146707833,33.64061120314991,0.2232110701613399,0.29444012786521384,0.3743104314432004,0.26995129186130135,0.26595273035154254,4.218407096196566,4.712311216442279,1.5016037291710354,73.44158760849551,476.0695320231957,0.22738069468494362,0.2881935432934506,0.3769342778826698,0.2672674437030452,0.26975146242153486,0.07080246080424622,6.6954099090769175,1.5777574997570853,80.37932411517994,0.00099262797271855,0.2058980885211495,0.00043053509682226295,76.57942377570863,1.7850789039017345e-05,0.0005475516821971934,0.7892473162031287,0.7275309546356109,0.8535920595283187,0.5008636794664324,0.005965938144793502,0.028276697950064506,0.39228226045555725,0.02346843455384608,0.11989997603444894,0.8543075071387014,0.5314962641525933,0.0,0.2923793339659761,0.5688846015759353,0.03434833513297776,0.028276697950064506,0.4854265290302575,0.04077729575080584,0.0,0.0,0.0,6.6954099090769175,80.37932411517991,83.19633781375956,83.19633781375956,0.0009357609650653825,0.0009484424044080097,0.011233940106244188,0.0,0.0,0.0,0.0,1.3148045447627452e-06,0.013084988805060182
47.2027,115.5,-0.020000000000003126,10.0,115.5,5208.85375,-0.112969904625,13.050375,7.634645,117.386625,-0.06454471625,96.89460375,249.97314672875,-2.6269445,-3.78018875,-5.334247875,-1.3404830374999999,-2.921201375,-95.231925,0.5431987500000002,2.4866008749999997,6273.46,6070.64875,-2.027291625,-3.18053825,-4.1349525,-0.7408321250000001,-2.32155275,0.69983725,76.3988375,9.382593125,6920.753350000001,0.01182006,0.870902125,0.0026779896125000003,6425.7125,-0.000746743875,-0.010782105,16.0572625,8.9024025,113.64375,71.0370125,0.753694125,10.090724999999999,9.92840375,116.59,135.111,-2.946027625,-64.073925,10.0,8.9024025,16.0572625,9.92840375,10.090724999999999,18.498898935257404,14.156665902027676,-1.2195121951221417,41.59306540000001,7155.042964000001,34.8057721,-234.28961400000037,6955.5591221,-199.48384190000047,0.004864509168585334,0.004884111453343447,0.03274468304087186,0.0,0.0,0.5551738466462555,335.257985198775,7.126415704991212e-06,0.00026656751695698373,47.2027,71.03520254071216,0.0,0.0,71.03520254071216,748.2493499006769,0.08707158218403127,1.4044431786807383,7.280795131355601,0.19940621676796647,0.24133732465637173,235.4035947584714,219.54114535904372,1.5776045173351547,1.3924137717691893,3.3067788369182494,2.028553615695214,1.9141951431803197,14.661575540434155,34.89228005227781,11.164631542393037,683.513510494542,3976.796061409369,1.5367115407325322,1.4267588699031652,3.2580476000589678,2.063625002959559,1.9711353685076853,0.26150568504322913,30.764116321405435,10.800138329214299,733.1727441446684,0.004794498687427378,0.17637990964347186,0.003051067160448025,683.7039923147612,0.00019035237070416652,0.0031786511436321992,3.2677318258289976,2.141790287318065,4.539984447739252,2.517041666853883,0.06433277035725488,0.1696219861086072,0.20158887291695565,0.17391541458010754,0.5905764738190855,4.494729340503416,2.661670881098136,0.0,2.141790287318065,3.2677318258289976,0.20158887291695565,0.1696219861086072,3.068057971957876,0.22797510485492603,0.0,0.0,0.0,30.764116321405442,733.1727441446682,744.1881672995299,744.1881672995296,0.004299641033071711,0.0045963851276822395,0.10246936990225852,0.0,0.0,0.0,0.0,6.7065937116729e-06,0.00025086384333541635,47.2027,25.11473670974872,0.0,0.0,25.11473670974872,264.5460946665972,0.030784453105485148,0.49654564771817006,2.574149804905773,0.07050074404369186,0.08532562940896991,83.22773908470258,77.61951631642067,0.5577674261191091,0.49229261011776576,1.1691228697345293,0.7172020088292878,0.6767701831285792,5.183649743759906,12.336283918012873,3.9472933365376703,241.6585191516565,1406.0097312092594,0.5433095755898005,0.5044354360132917,1.1518937757151264,0.7296016167094066,0.6969015928542143,0.09245622160645042,10.876757634038764,3.8184255251700905,259.21570958292233,0.0016951112671349505,0.062359715086984735,0.0010787151395041912,241.72586464504138,6.729972606992583e-05,0.0011238228893443512,1.1553176665713911,0.7572372180210439,1.605126894738944,0.8899086155807358,0.022745069086065918,0.059970428307863255,0.07127242952566626,0.061488384501231896,0.20880031472335747,1.589126798134052,0.9410427646556324,0.0,0.7572372180210439,1.1553176665713911,0.07127242952566626,0.059970428307863255,1.0847222985224303,0.0806013712923162,0.0,0.0,0.0,10.876757634038768,259.2157095829223,263.1102497881433,263.11024978814316,0.0015201526655764697,0.0016250675463645534,0.036228393160899854,0.0,0.0,0.0,0.0,2.3711389460934825e-06,8.86937623884963e-05
47.2127,95.33333333333333,-0.010000000000005116,1.7,95.33333333333333,5429.948333333333,-0.160633985,13.1547,3.5025166666666667,117.3575,0.02998708333333333,-20.61346666666667,293.4723333333333,-2.9024941666666666,-3.0039599999999997,-3.2197366666666665,-1.8163128333333332,-1.1863276666666667,-102.38701666666667,164.54483333333334,1.1047368333333332,6242.128333333334,5269.45,-2.2577913,-2.3592571666666666,-1.9303256666666666,-1.1716081666666667,-0.5416250499999999,0.7303295,246.1,8.518833333333333,6892.814833333334,0.038477000000000004,0.9568530000000001,0.002597080833333333,6569.783333333333,-0.0006002339999999999,0.006117338333333333,12.786669433333335,6.160561166666667,116.42116666666668,77.73188333333333,0.7306754999999999,10.269721666666667,9.97495,116.55166666666668,135.48633333333333,-0.13040756666666675,-57.75445,1.7,6.2064121666666665,12.790853900000002,9.97495,10.269721666666667,15.31082367359945,14.316807194025715,-0.6097560975612875,41.59306540000001,7155.042964000001,204.5069346,-262.2281306666675,7097.321767933333,-57.721196066667595,0.02858220916757027,0.029727190781628682,0.03664941384503857,0.0,0.0,0.5551738466462555,25.00703796903451,0.00779602478875803,0.10336169268585595,47.2127,62.64716008460932,0.0,0.0,62.64716008460932,684.364805010213,0.08197620199273294,1.3172298235311852,10.869397930045006,0.14825080100964527,0.1976949158591532,157.15628490971233,217.1905894284158,1.6800825881855233,1.3658605045611354,1.8362134084867874,1.3111679898716895,1.6831563996061287,23.56935155411932,49.96305360330439,14.069558788800313,721.9008495746951,1426.601839505333,1.6997564093948696,1.3077097469286394,1.8891431140114996,1.3238098094545785,1.5689101836116097,0.2658295691549381,67.11539875170227,14.497237260388154,771.4927454677105,0.014030751828323387,0.0839783002304761,0.004120686601121731,654.1890782844562,0.00014231494330814312,0.022561324284722663,9.274338543274185,3.615826431397415,2.4511819529905656,8.970296080825127,0.06630563847743272,0.19626759288447726,0.1486550667821311,0.1644647885313657,1.1415739427065796,2.4401979871353565,9.82510642624292,0.0,3.520476540019003,9.267411799563893,0.1486550667821311,0.19626759288447726,7.715159442492949,0.23586045826329288,0.0,0.0,0.0,67.11539875170227,771.4927454677111,717.7874036893556,717.7874036893561,0.009380153143648162,0.012522148072020815,0.10782503324569986,0.0,0.0,0.0,0.0,0.0032839623997805915,0.043539614297725,47.2127,25.57559600695771,0.0,0.0,25.57559600695771,279.3907616990544,0.03346664432225354,0.5377568236046223,4.437413123312325,0.060523136072086016,0.08070861143289654,64.15878465004185,88.6676868389895,0.6858908444648423,0.5576102159991929,0.749630984941554,0.5352820903760569,0.6871457227225127,9.622147479311003,20.397331219903364,5.743873323108547,294.71478772327964,582.4077621506544,0.6939226483404496,0.533870268606548,0.7712394467367734,0.5404430916091238,0.6405049003507851,0.10852446716224873,27.39974680418294,5.918472328002481,314.960594442465,0.005728030447835743,0.0342839975051529,0.0016822632604452928,267.0715728497595,5.8099832313011014e-05,0.009210622069838864,3.7862328554748,1.476154959232045,1.0006908419242715,3.6621080399515487,0.027069163556526842,0.08012590926854528,0.060688176882596416,0.06714246875943079,0.46604561054805305,0.996206656641369,4.0110829021391865,0.0,1.4372285290808933,3.783405024196592,0.060688176882596416,0.08012590926854528,3.149700653053877,0.09628962887401263,0.0,0.0,0.0,27.39974680418294,314.96059444246526,293.0354804726741,293.03548047267435,0.0038294314851835924,0.005112145543337856,0.044019385491766164,0.0,0.0,0.0,0.0,0.0013406720356580316,0.0177749731045022
47.2152,138.0,-0.007500000000000284,1.5,138.0,5226.538571428571,-0.032725424142857146,12.970514285714286,7.142798571428571,117.328,-0.012591868571428572,9.373414285714286,72.664731628577,-1.9275015714285715,-2.6313528571428573,-5.558344285714285,-2.422364114285714,-2.485617142857143,-96.23455714285714,311.04942857142856,4.737867571428572,5895.678571428572,4316.178571428572,-1.3215382857142859,-2.0253887142857145,-4.346414714285714,-1.8163985714285713,-1.879654857142857,0.5964482857142858,387.7037142857143,11.706456714285713,6509.844371428572,0.06157677142857143,0.9497307142857144,0.003440046957142857,6360.04,-0.0007660814285714286,0.04387439242857143,9.765938571428572,-0.7510861428571428,117.31671428571428,86.60707142857143,0.7214185714285714,10.03713857142857,9.743635714285714,116.51314285714285,134.52714285714288,0.8035675714285714,-47.920185714285715,1.5,8.793888142857144,9.765938571428572,9.743635714285714,10.03713857142857,13.68639223858611,13.98911902544488,-0.45731707317074893,41.59306540000001,7155.042964000001,346.1106488857143,-645.1985925714292,6855.955020314286,-299.0879436857149,0.04837296584061633,0.052077267794901745,0.0901739648270027,0.0,1.0,0.5551738466462555,13.570086396443603,0.04637958025012948,0.3996487965435022,47.2152,62.64716008460931,0.0,0.0,62.64716008460931,671.4672173290512,0.06765512293158793,0.9331763667327687,7.605843024373714,0.10222035022440482,0.050973074204921316,54.07399626043891,188.3141955306055,1.2557890709223234,1.1558770682864488,2.8394672379682846,2.068643722480575,2.2715200916399154,27.684533422162946,94.32107862483538,9.088245948634126,565.3558447688372,520.2711849099649,1.3045851210844408,1.0690275425804385,3.14498236910091,2.0655781958524235,2.3068526216868466,0.2675053865599185,88.0776717859759,8.689756810734249,613.1597181445788,0.016199955209373708,0.04019587132909004,0.0024294929157116607,532.5140708313106,0.0002437495282743176,0.02265855403954251,1.6893516949945475,10.265817101316914,0.23605487658997137,4.823338273338042,0.04661872449226504,0.186141323231263,0.2593567827566974,0.10950103282834997,0.662877421693095,0.3136864981362002,4.9861517821624615,0.0,3.9779315525472287,1.6893516949945475,0.2593567827566974,0.186141323231263,1.2772325491584098,0.29480018225704774,0.0,0.0,0.0,88.0776717859759,613.1597181445786,582.6134854992846,582.6134854992844,0.012309873222163908,0.015534100059893287,0.0856961616065257,0.0,0.0,0.0,0.0,0.013834539922078897,0.11921102348864905,47.2152,23.678400846904054,0.0,0.0,23.678400846904054,253.79075294074707,0.025571232885212118,0.3527075136768163,2.8747384504983176,0.03863566080338581,0.01926601112952332,20.438049500079718,71.17607567388188,0.47464365440190304,0.4368804669783382,1.0732177382256487,0.7818738344112167,0.8585538943665522,10.463770085414156,35.65001677609779,3.4350340905537418,213.68442393074,196.64402422638108,0.49308682778635954,0.4040544317637647,1.1886916037605364,0.7807151742547115,0.8719083354658231,0.10110753245824922,33.290230800466055,3.2844193535475132,231.75258973900208,0.006123007533484019,0.015192611324046224,0.0009182620095666087,201.2714001517546,9.212866200045018e-05,0.00856412843670678,0.6385149231258589,3.88011415070836,0.0892203570315867,1.8230505086274489,0.017620221635081312,0.07035480714034455,0.09802764971600376,0.041387500166933384,0.250544115359946,0.11856235195815885,1.8845882306890538,0.0,1.5035168029252906,0.6385149231258589,0.09802764971600376,0.07035480714034455,0.48274852735289026,0.1114239955298092,0.0,0.0,0.0,33.290230800466055,231.752589739002,220.20719901480615,220.2071990148061,0.004652694745225579,0.005871337942810171,0.032390104560524054,0.0,0.0,0.0,0.0,0.005228964590973666,0.04505753166977785
47.2177,117.14285714285714,-0.005000000000002558,1.36,117.14285714285714,5357.778571428571,-0.12455812857142858,13.32012857142857,10.169398571428571,117.43071428571429,0.08039098571428571,9.03954,310.93684571428565,-2.780134285714286,-3.5517315714285713,-7.374237142857143,-3.8094685714285714,-4.352817714285714,-96.1961,163.9067142857143,-0.31770557142857137,6179.875714285714,4693.537142857143,-2.1744118571428572,-2.9460114285714285,-6.16279,-3.203747142857143,-3.747096857142857,0.5135977142857143,240.53028571428572,6.648085714285714,6819.5834428571425,0.03708395714285714,0.9549861428571429,0.0019694495714285714,6497.03,-0.0007089297142857143,0.008134277142857142,12.09281,4.278991428571429,114.44342857142858,79.1514,0.7537995714285713,10.071008571428573,9.799102857142858,116.56985714285715,134.99371428571428,-2.126235714285714,-55.84238571428572,1.36,8.024248571428572,12.09281,9.799102857142858,10.071008571428573,15.083481776667409,14.051992436231277,-0.3048780487806437,41.59306540000001,7155.042964000001,198.9372203142857,-335.45952114285785,7018.520663171429,-136.5223008285723,0.02780377718417928,0.02869550478937586,0.046884347561670044,0.0,1.0,0.5551738466462555,6.199638308370117,0.12244047638042796,0.574662747450463,47.2177,69.89856596389889,0.0,0.0,69.89856596389889,374.7276507646838,0.07420217375469793,0.9574876530349012,0.16423848416541273,0.27006524784806996,0.09884592985449273,133.6325294563155,230.80808651508812,1.7078851408184834,3.1745325307569225,2.747405483753198,1.5546365692065414,2.889439484777265,13.367269960367127,44.97378051603803,4.803967244483177,410.8682528847555,376.82652846786533,1.7528519660810329,3.1910847411260668,2.8318090785750365,1.6043251455748644,2.8885956607647847,0.45055696454636907,48.85203065623878,4.906132258017705,439.5191380787636,0.007409098809539783,0.03019410118675814,0.001458724842543178,407.82682055826973,0.00019570928210291432,0.023401048798622762,3.4073547012797665,8.14942103177567,6.029604571256252,10.20607475558878,0.05076437788402792,0.10180007800071877,0.16597513495644267,0.2713419912038594,0.7865317781852432,5.988670251201729,10.251098496816262,0.0,3.5573116367767974,3.4073547012797665,0.16597513495644267,0.10180007800071877,2.136179109402871,0.15887057997660903,0.0,0.0,0.0,48.85203065623878,439.5191380787638,443.87631498839403,443.8763149883938,0.006827636242302623,0.00696385575640098,0.06142788244461528,0.0,0.0,0.0,0.0,0.029713985605648134,0.13945976943760713,47.2177,26.41917464864575,0.0,0.0,26.41917464864575,141.63373904325945,0.028045785499333512,0.36189631619217827,0.062076312115414534,0.1020750690810021,0.037360249786560384,50.50834857284632,87.2372567859434,0.645519907209748,1.1998605150381887,1.0384216658094385,0.5875973916010234,1.0921054721558918,5.052353146142234,16.99849125197697,1.8157289479146734,155.2936026778085,142.4270402482533,0.6625157696230055,1.2061166625075002,1.070323226046359,0.6063779081826554,1.0917865366577024,0.17029452566540546,18.464332022415906,1.854343693415232,166.12261940140968,0.002800376127020997,0.011412297543040323,0.0005513461663773003,154.1440493113351,7.397115567304219e-05,0.008844765077034663,1.2878590240247196,3.0801916256054036,2.278976314228897,3.8575336664888913,0.019187131334577882,0.03847681283383989,0.06273270441644722,0.10255763271064107,0.29728106904679585,2.2635045955214976,3.8745510411148394,0.0,1.3445374181239338,1.2878590240247196,0.06273270441644722,0.03847681283383989,0.8073998113387765,0.06004743503752932,0.0,0.0,0.0,18.464332022415906,166.12261940140974,167.7694774758661,167.769477475866,0.0025806039342206114,0.0026320900710803696,0.023217557216251773,0.0,0.0,0.0,0.0,0.01123083091044256,0.052710838261473505
47.2207,134.42857142857142,-0.0020000000000024443,1.32,134.42857142857142,5393.094285714286,-0.11943009414285713,13.3879,10.179355714285714,117.38271428571429,0.12220406714285714,-78.47437714285715,298.56535285714284,-2.6218628571428573,-3.1610144285714283,-3.5906171428571425,-3.2944528571428573,-2.301815285714286,-109.01525714285715,215.805,8.81511,6218.108571428572,6455.562857142858,-1.935423997142857,-2.474575097142857,-2.217734242857143,-2.608012714285714,-1.6153741428571429,0.7516695714285715,302.6397142857143,16.709151428571428,6872.389271428571,0.045723728571428576,0.9160565714285714,0.004704292857142857,6607.582857142857,-0.0007822267142857144,0.010607544285714286,0.11933857142857082,-3.8401092571428572,118.83771428571428,84.59598571428572,0.7604981428571429,10.004612857142858,9.785445714285714,116.542,134.95814285714286,2.2958612857142855,-50.36211428571429,1.32,9.715312114285714,14.975604285714285,9.785445714285714,10.004612857142858,19.266488094720597,13.995034148674847,-0.12195121951234415,41.59306540000001,7155.042964000001,261.04664888571426,-282.6536925714294,7133.435920314287,-21.607043685715066,0.03648428810269185,0.03697508076289026,0.039504122336312696,0.0,1.0,0.5551738466462555,4.54733242175783,0.293251047766664,0.3484538276955595,47.2207,83.47625838695524,0.0,0.0,83.47625838695524,603.6239865693743,0.06288220904947524,1.1300444032573824,0.17397107056990244,0.12879274602465746,0.2791023585703093,228.11231483316354,248.4333013427571,2.1085037604777495,1.6946334135953869,2.8486232510209457,1.481618489464751,2.9191923223754155,14.70401780725903,31.67947364356507,10.058824894678304,546.6030632439043,4088.3160822100276,2.1531442522483437,1.6768182966532776,2.75737912929482,1.4228037824093096,2.8982094231720863,0.3693569927806327,38.69631497836404,10.656585308492629,606.0034519709318,0.0028901994756500154,0.04176395778202838,0.0025926898957370787,589.560550006367,0.0002475882325890539,0.03199027501084866,20.092878506202496,10.778308827082098,1.9970719995605022,10.323540566012,0.054144349617260994,0.1088519261373426,0.21091738420980094,0.109450140855703,0.9924658564356065,1.9906192395721751,11.22248332803819,0.0,4.822615031173228,11.920299393586076,0.21091738420980094,0.1088519261373426,10.200621452504102,0.2007184140674204,0.0,0.0,0.0,38.69631497836404,606.003451970932,639.5741322507539,639.5741322507539,0.005408257528719438,0.002973980488256076,0.08469599064883153,0.0,0.0,0.0,0.0,0.023586774558015527,0.028026845736191252,47.2207,31.55106001000762,0.0,0.0,31.55106001000762,228.1484219794224,0.02376724100504097,0.42711663735420324,0.06575488400680425,0.0486790823786209,0.10549077587265931,86.21835086283158,93.89896181995773,0.7969395126669464,0.6405112251134082,1.0766783858739633,0.5599991515712719,1.103350987739206,5.557596341638952,11.973715560899775,3.801878450409181,206.59653874421159,1545.2382335076616,0.8138120326138919,0.6337777438267862,1.0421913494905584,0.5377692818138698,1.095420197299614,0.1396038211286048,14.62583229819643,4.027810650202289,229.04777536596578,0.001092392721705603,0.01578529229386397,0.0009799446701186131,222.83294259018666,9.357955585380773e-05,0.012091187435895665,7.594394235835255,4.073817815758788,0.7548222658753688,3.901931569622105,0.020464640569515406,0.04114216089854002,0.07971927797134212,0.041368264809311474,0.37511683440733534,0.7523833518469258,4.241699996936793,0.0,1.8227771487837672,4.505449678408972,0.07971927797134212,0.04114216089854002,3.8554725116623305,0.07586442959624042,0.0,0.0,0.0,14.62583229819643,229.04777536596586,241.73629984649003,241.73629984649,0.0020441292067406277,0.0011240589679834322,0.03201207547158005,0.0,0.0,0.0,0.0,0.008914962815807788,0.010593151978790433
47.2227,144.16666666666666,0.0,1.32,144.16666666666666,5316.235,-0.09493803333333334,13.241733333333334,3.2903033333333327,117.5125,0.12384028333333334,-40.538266666666665,391.51705616666663,-4.201781616666667,-4.324463333333333,-4.985966666666666,-2.08216,-1.8060651666666667,-93.44546666666668,244.10916666666665,3.3636083333333335,6111.453333333334,4642.304999999999,-3.6133795,-3.736065,-3.8091655,-1.4937583333333333,-1.2176641666666665,0.7327245000000001,318.54183333333333,10.130208333333334,6742.616466666666,0.0489995,0.9475808333333333,0.00296677,6504.426666666666,-0.0006884256666666666,0.012981119999999999,4.486936666666666,-4.503063333333333,120.00016666666666,78.72865,0.7460151666666667,6.729653333333334,9.741673333333333,116.63766666666668,135.18816666666666,3.3624666666666663,-56.459466666666664,1.32,8.907883333333332,16.58807,9.741673333333333,10.098353333333334,19.8105654860135,14.031652331451275,0.0,41.59306540000001,7155.042964000001,276.94876793333333,-412.4264973333341,7019.5652346,-135.47772940000095,0.03870679314251191,0.040044639858979866,0.057641372582725704,0.0,1.0,0.5551738466462555,4.546910785389437,0.3176547648571585,0.0,47.2227,76.5438871933394,0.0,0.0,76.5438871933394,288.76450251026336,0.06866398329024223,0.6577680796957741,10.511931706836126,0.12913055409158905,0.1215303185108048,41.8444149973048,200.87981611350537,2.6076168767119303,1.6567945843545802,2.4377302949971043,0.5137098419536071,2.263210936727058,27.32787499207845,17.131486256792385,6.171932186543908,334.8071917785915,528.9497385101914,2.6474957154415755,1.6173329263049088,2.335785347766678,0.5019972094112343,2.2159159036147034,0.16063588829866135,37.552658379489806,6.193049791256056,371.61628354433935,0.0054195652183546975,0.031608348564369275,0.0017670774089892044,352.72347830370813,0.00019491532358300275,0.024339786962958406,20.8124146932562,9.037715376294313,14.26256042113991,12.589164931598917,0.03318986161114062,8.248388182976518,0.19755500739456522,0.11514628377271138,0.8751606519186388,14.241091303405726,13.177980177806715,0.0,3.2852597929823855,11.274699399762286,0.19755500739456522,0.0984903419969017,9.611395048474744,0.19061742158987363,0.0,0.0,0.0,37.552658379489806,371.61628354433924,383.2580607360268,383.25806073602666,0.005248418293004369,0.005154122328429899,0.05193767324865769,0.0,0.0,0.0,0.0,0.040885160212404445,0.0,47.2227,31.248911092139586,0.0,0.0,31.248911092139586,117.8876144964629,0.02803195379468065,0.2685326940574978,4.291478148788727,0.05271732795454262,0.04961454477156482,17.082910888110117,82.00884151703373,1.0645551321023634,0.6763835567125439,0.9951992255445362,0.20972116477202138,0.9239519958779394,11.156558247526181,6.993899977440656,2.5196807640154426,136.68446367861674,215.942826488093,1.0808355998394252,0.660273402274896,0.953580375116286,0.20493950255976626,0.9046438794623888,0.06557932678507254,15.330808585800174,2.528301990037868,151.71171246551074,0.0022125282354507176,0.012904054265789656,0.0007214063313371552,143.99875702395633,7.957384763797155e-05,0.00993667641788239,8.49663271894683,3.6896318520711215,5.822665909567922,5.139505061692873,0.013549704263480351,3.367390374782493,0.08065149404140708,0.04700827350347627,0.35728284002702415,5.813901178955175,5.379887879356265,0.0,1.3412016942147234,4.6028767554468955,0.08065149404140708,0.04020851374743633,3.923835597512652,0.07781923649669537,0.0,0.0,0.0,15.330808585800174,151.7117124655107,156.46444810197832,156.46444810197826,0.0021426577957583,0.0021041616294231315,0.02120346631443521,0.0,0.0,0.0,0.0,0.016691296762055267,0.0
47.2267,121.625,0.003999999999997783,1.35,121.625,5350.8375,-0.077738725,13.2102125,10.267809999999999,117.455,-0.03248553375,91.871645625,197.1001163022199,-3.201875625,-2.127623375,-5.76845125,-2.0430975,-2.292868,-78.6656625,399.644625,0.9667675,6010.52875,5640.37,-2.706538,-1.63228525,-4.77778125,-1.547761125,-1.797531,0.8551059999999999,462.30462500000004,6.66314,6619.774375000001,0.070764225,0.9771235,0.001970742125,6535.495,-0.000838016625,0.04304575,5.789194625,-6.03072875,119.547125,86.5225875,0.713804875,7.60593625,9.91242125,116.624,135.321,2.92297875,-48.7985375,1.35,8.47922875,8.443412875,9.91242125,10.22998625,11.978379471945503,14.245081215778768,0.24390243902425504,41.59306540000001,7155.042964000001,420.7115596,-535.2685890000005,7040.4859346,-114.5570294000006,0.05879930584858469,0.06110648240693164,0.07480997552260127,0.0,1.0,0.5551738466462555,5.751654477334016,0.3029322812159406,1.019649162311068,47.2267,84.10357135274171,0.0,0.0,84.10357135274171,409.3556016734456,0.08617790748604441,0.6795163625434532,0.2234784456209204,0.15766691835276658,0.18534538108119192,213.82067222789703,248.1506505014757,1.4775003010718513,1.5534502529803904,2.389190229055129,2.981896697165126,2.2003585326313138,22.63510114016582,53.1945868726656,8.983359076837175,369.18763593433823,2963.094286388567,1.5137157768911385,1.6074774640261458,2.4005907385560477,3.0495933270840947,2.19348774785018,0.6564516461942517,52.59259749361124,8.551277942504935,389.58093420161373,0.007319389968872309,0.027913594834263637,0.002410285584549174,378.56184174923294,0.0002392015435449108,0.049165023717941125,7.313724765187296,7.061714890203852,6.472920083757746,4.740594728945633,0.028789336053662535,7.316444640647215,0.24898882926391325,0.1755652097003933,1.066854923863341,6.508658021900669,5.331697101818117,0.0,3.0438151066357384,3.2120847038667417,0.24898882926391325,0.20483992655852037,4.387186228525158,0.2972932117660485,0.0,0.0,0.0,52.59259749361124,389.58093420161373,410.47308786739137,410.47308786739154,0.007350423716283253,0.0071268622336883285,0.05444844093344478,0.0,0.0,0.0,0.0,0.03533105734978516,0.11892190190385378,47.2267,29.73510281276516,0.0,0.0,29.73510281276516,144.7290609299963,0.03046849138592447,0.2402453139408461,0.07901156217379096,0.055743673568013484,0.06552948791205782,75.59702364510605,87.7345038627232,0.5223752410465358,0.5492276040591959,0.8447063062547612,1.0542596876816146,0.7779442197326416,8.002716754527302,18.807126550039374,3.1760970605326446,130.52754044970044,1047.6120316002348,0.5351793453143935,0.5683291077087211,0.8487369950433019,1.0781940607212044,0.7755150304772352,0.2320907052725138,18.594291163973562,3.0233333104780935,137.73766019747563,0.002587795140569201,0.009868946097300801,0.0008521646407154513,133.84182269967565,8.457051675544782e-05,0.017382460834076807,2.5857921885979636,2.4966932428345796,2.2885228426518487,1.6760533398473305,0.01017856737470157,2.586753809788809,0.08803084480610628,0.062071675159793165,0.37719017560301316,2.301158111855092,1.8850395879641264,0.0,1.0761511512900925,1.1356434379248783,0.08803084480610628,0.07242185056364206,1.5511045662591867,0.1051090230202506,0.0,0.0,0.0,18.594291163973562,137.73766019747563,145.124151962807,145.12415196280705,0.002598767227189156,0.002519726307011661,0.019250430904537,0.0,0.0,0.0,0.0,0.012491415119261946,0.0420452416339082
47.2307,128.25,0.007999999999995566,1.36,128.25,5245.21,-0.0915533575,13.13055,10.14808375,117.396375,0.00506424875,-73.0302975,142.8990672609314,-3.5797475,-3.254493625,-5.5891975,-2.46168375,-2.9331110000000002,-86.2324375,304.208625,-0.2871275,5983.39875,4482.35,-3.036765125,-2.7115113749999997,-4.5032415,-1.91870275,-2.390128575,0.7305382500000001,372.896125,5.95718,6596.7740125,0.0583348,0.977191875,0.00160480625,6424.9825,-0.000794188625,0.03258414875,7.5150933625,-7.2613925,120.153125,82.6291375,0.72105975,10.11732125,9.8656925,116.589375,135.330625,3.5636057500000002,-52.7015125,1.36,15.000605,9.820230862499999,9.8656925,10.11732125,19.79578297250931,14.131836050057956,0.4878048780485101,41.59306540000001,7155.042964000001,331.3030596,-558.2689515000009,6928.0770721,-226.96589190000088,0.04630343399290872,0.04891084167224986,0.07802454217380445,0.0,1.0,0.5551738466462555,6.195902361667999,0.20894878676340195,1.9912504120286707,47.2307,81.65738528405481,0.0,0.0,81.65738528405481,678.6487749933686,0.09143139072983363,1.2850387086999127,0.2757224937679968,0.10965131423875397,0.03572426749901027,189.62413167514194,223.09983181331353,1.4018501446685172,2.6581914091329053,3.040825585620505,1.10178463902807,1.2412337028028664,25.272758822774126,27.83601472880309,11.515885605909467,626.5197475496225,712.5609316502599,1.4198800171589387,2.731624440103253,3.301291497693549,1.200565365208379,1.248320625859153,0.12832779604117617,31.602469263549196,12.680222869208569,684.4343515351046,0.005785281632359335,0.05588692311249695,0.0037107854376935098,642.7619029458515,0.00026545161929379224,0.026944816321095678,9.066917470037867,19.960185373882787,9.534083571774028,13.041751965562376,0.05727769366802904,0.21469846971558532,0.23511715181707027,0.09836366562041948,1.2303778673353303,9.587290286778753,13.525861231775592,0.0,14.195272686469556,6.0448384037682175,0.23511715181707027,0.21469846971558532,12.552616996975805,0.28683734369321634,0.0,0.0,0.0,31.602469263549196,684.4343515351043,699.2229077519254,699.2229077519254,0.004416810552019653,0.005268100130419039,0.09565761589116632,0.0,0.0,0.0,0.0,0.022505503752631346,0.2144740551716345,47.2307,28.870245434158875,0.0,0.0,28.870245434158875,239.9385754208772,0.0323258781991911,0.4543297925044563,0.09748262253450805,0.03876759393211999,0.012630435900736172,67.04225469205183,78.87770197838613,0.49562887175122555,0.9398125855448509,1.0750941959989069,0.3895396948319603,0.4388423841445973,8.935269571437866,9.84151738797264,4.071480401653569,221.50818101981096,251.9283333892514,0.5020033943021786,0.9657750826259581,1.1671828023463011,0.4244639554982744,0.4413479898200211,0.04537072739771993,11.173160159247537,4.4831357888870595,241.98408562374487,0.0020454059366576322,0.019759011156248892,0.0013119607732606858,227.25065013069056,9.385132003979514e-05,0.009526431169236358,3.2056394137612756,7.056991215806531,3.370807573000338,4.61095562670107,0.020250722801694553,0.07590737192313249,0.08312646621155868,0.03477680749128234,0.4350042667073272,3.389618987492588,4.782114099188375,0.0,5.018786788697401,2.137173113240686,0.08312646621155868,0.07590737192313249,4.438020300099554,0.10141231541150483,0.0,0.0,0.0,11.173160159247537,241.98408562374476,247.2126298161811,247.21262981618108,0.0015615783462746976,0.0018625546630945187,0.033820074434390876,0.0,0.0,0.0,0.0,0.007956897158752458,0.07582802940022024
47.2347,139.16666666666666,0.01199999999999335,1.38,139.16666666666666,5552.91,-0.089002185,13.136483333333333,10.459476666666667,117.3845,0.04991242233333334,-34.856585,105.92369333333816,-2.5081798333333336,-4.1919216666666665,-5.3654616666666675,-2.3278183333333335,-2.155045,-96.83681666666666,292.7273333333333,11.816042333333334,6158.636666666666,4741.661666666667,-1.898424435,-3.582168,-4.14595,-1.7180605,-1.5452931666666665,0.6819181666666667,369.86133333333333,18.828235,6796.987483333333,0.05564048333333333,0.9216738333333333,0.005362613333333333,6605.63,-0.0007611666666666666,0.03819981666666667,-0.9960849999999999,0.2867883333333336,117.72149999999999,89.96325,0.7211193333333333,10.302516666666667,9.958486666666667,116.50933333333334,134.86516666666668,1.2122140000000001,-44.901716666666665,1.38,11.485545,10.541681666666667,9.958486666666667,10.302516666666667,15.600580490961478,14.32906732999401,0.7317073170727652,41.59306540000001,7155.042964000001,328.26826793333333,-358.0554806666676,7125.255751266667,-29.7872127333344,0.04587928676109809,0.045701718498498856,0.05004239422015965,0.0,0.0,0.5551738466462555,7.085217176452683,0.14930351949742265,2.616545804608067,47.2347,67.18159470172368,0.0,0.0,67.18159470172368,738.234533329348,0.07776636688058244,1.1190907227149491,0.29191864768573217,0.1815541241613592,0.11398399153446326,96.0269507880732,173.19261496579767,1.5036570511230833,2.3355231302765267,1.4467664681408217,0.9459472967225325,1.3253200204139375,25.910781545249975,66.55984340025648,10.915554192053863,555.3651291417804,737.2688770975393,1.5540230412087932,2.4671657542970236,1.5583371970533204,0.9783271543474094,1.2334801270004176,0.07911735610955829,72.35727822317993,10.402680242444735,605.4294886300552,0.006825260161024385,0.035591995091124956,0.0026971485771063236,617.803928540439,0.00013708258126205047,0.004936113464423878,11.599554821946832,12.69608178874162,0.55232372753667,1.7027841680612334,0.05590709113401149,0.14943906338928392,0.22030193495897124,0.22301180835702117,0.5232396837651596,0.5762261209615545,1.338574506580289,0.0,1.7285534726325358,1.5452610220984242,0.22030193495897124,0.14943906338928392,2.2306389932569752,0.24541382959813243,0.0,0.0,0.0,72.35727822317993,605.4294886300548,667.701551497171,667.7015514971711,0.010112766420444922,0.006723042464972698,0.08461577263424168,0.0,0.0,0.0,0.0,0.021963592064574603,0.38491219004169397,47.2347,27.426771187614808,0.0,0.0,27.426771187614808,301.38298619309404,0.03174798633458336,0.45686687442234697,0.11917528887222288,0.07411916081553882,0.04653376968419206,39.20283849768838,70.70558898075296,0.6138654205649322,0.9534733252742021,0.5906399373189314,0.3861813667558865,0.541059632651522,10.578032270430914,27.172942281697146,4.456256338371643,226.72686455537436,300.98875868728237,0.6344272499149431,1.007216201482747,0.6361884966632662,0.3994003882767057,0.5035661531690692,0.032299525377747836,29.539735137231308,4.246876425220267,247.16555372963083,0.002786400792709316,0.014530371150149967,0.0011011062957306972,252.2173976684928,5.5963729452605686e-05,0.0020151598833867044,4.735498426201653,5.183153685843151,0.22548521754947398,0.6951587256399298,0.022823974380267585,0.06100824215719602,0.08993788833288115,0.09104418951500853,0.2136117063999787,0.23524332880317775,0.546470753969912,0.0,0.7056790001776065,0.6308501705921233,0.08993788833288115,0.06100824215719602,0.9106545556391925,0.10018977638962735,0.0,0.0,0.0,29.539735137231308,247.16555372963066,272.58801693878905,272.5880169387891,0.004128519603006999,0.0027446705930410592,0.03454424452420809,0.0,0.0,0.0,0.0,0.00896659891280825,0.1571397435632231
47.2387,126.42857142857143,0.015999999999998238,1.4,126.42857142857143,5312.232857142857,-0.1429494242857143,13.30672857142857,4.4914885714285715,117.42,0.18741091285714284,-191.97870571428572,151.28531611428593,-3.523948571428572,-3.491254,-6.1538571428571425,-2.0167605714285712,-2.761706571428572,-99.24162857142856,159.29157142857142,-2.8028007142857136,6257.075714285714,9287.254285714285,-2.8990524285714288,-2.8663564714285714,-4.90406,-1.391861142857143,-2.136809885714286,0.676315,238.34128571428573,4.383534285714286,6906.378585714287,0.036752771428571425,0.9792337142857143,0.0012809887142857144,6574.467142857144,-0.0008516064285714286,0.008439787142857143,10.93227,-0.5577814285714288,117.87814285714285,82.25287142857142,0.7537768571428571,10.202701428571428,9.804445714285714,116.56542857142857,135.3237142857143,1.3125082857142856,-53.07092857142857,1.4,10.406304285714286,12.412184285714286,9.804445714285714,10.202701428571428,16.981912469282907,14.150812893055345,0.9756097560974535,41.59306540000001,7155.042964000001,196.7482203142857,-248.66437828571492,7103.126806028572,-51.91615797142926,0.027497839119095147,0.02813514824215697,0.03475372258934696,0.0,0.0,0.5551738466462555,7.974201515291901,0.07256357029233051,1.9598371742856817,47.2387,76.46536719948699,0.0,0.0,76.46536719948699,637.7877566430778,0.10074621807107267,1.287760656740072,10.032581446579321,0.1962939971912883,0.3824065168204185,344.1207315403063,204.18316734952646,1.7454730941631895,2.9067171316993794,3.9559677902872865,1.0270207330570071,1.3716141502583563,46.782127607122014,39.59833290201808,7.914582490061424,624.0307485441499,10354.289668784393,1.7037923303945484,2.961290516948901,4.325865636663565,1.1832668278034937,1.42190779692687,0.21375900499628078,55.85225942524404,7.233794391808624,643.6852080754315,0.009930700880554583,0.06749928661774697,0.001993012139932144,563.1554029961976,0.0001905675469676978,0.01859522379282264,8.446057434288496,11.798049991842479,8.473742294652967,11.164696059859738,0.05536433095242388,0.18936137413497395,0.22523338487423286,0.1980604765745869,1.031887060080661,8.464826496103779,11.958012579955792,0.0,3.6355549852893034,5.570469420260907,0.22523338487423286,0.18936137413497395,3.7251687497323727,0.24388984565107746,0.0,0.0,0.0,55.85225942524404,643.6852080754314,616.1264354757008,616.1264354757003,0.007805999168175508,0.008889388357436393,0.08996245184187986,0.0,0.0,0.0,0.0,0.022926687692519085,0.6192167039469113,47.2387,28.90119221701115,0.0,0.0,28.90119221701115,241.0611133313382,0.03807849122090567,0.48672777798677763,3.7919593593785037,0.07419215720328001,0.14453607760532367,130.0654109481816,77.17398324461861,0.6597268181871753,1.0986358088696484,1.4952152810974113,0.38817735013944193,0.5184214194743987,17.68198220727629,14.966763027355208,2.9914309999441238,235.8614530150432,3913.553638046979,0.6439729702747387,1.1192626096658134,1.6350235256702694,0.44723282300004746,0.5374306311331757,0.08079330967439603,21.11016980003701,2.7341172851570503,243.29014045406527,0.0037534521249310815,0.02551233229497552,0.0007532877831704451,212.8527351157568,7.202776246230706e-05,0.007028333961342852,3.1923096471565175,4.45924374770326,3.2027735408145084,4.2198584625730815,0.020925750171941336,0.07157187198322854,0.08513021761807388,0.07485982365247013,0.3900166488684278,3.1994036857144086,4.519703923020701,0.0,1.3741106241109404,2.1054395388429294,0.08513021761807388,0.07157187198322854,1.407981443363038,0.09218169698381126,0.0,0.0,0.0,21.11016980003701,243.29014045406524,232.87390349162686,232.87390349162672,0.0029503903619099224,0.0033598729858928065,0.0340026107010341,0.0,0.0,0.0,0.0,0.008665473431550113,0.23404191518580503
47.2477,112.0,0.02499999999999858,1.55244,112.0,5531.400000000001,-0.09092604428571428,13.549785714285715,10.201744285714286,117.51599999999999,0.01149672857142857,113.75417142857144,290.23287394525573,-2.348192285714286,-4.423008428571428,-6.114274285714286,-1.6456675714285716,-3.574592857142857,-81.79822857142857,334.4011428571429,0.5101970000000003,6179.984285714286,4881.331428571429,-1.8331297142857144,-3.9079455714285714,-5.08415,-1.1306052857142856,-3.05953,0.6522378571428572,399.55642857142857,6.433401428571429,6807.2026,0.059945985714285714,0.9753262857142857,0.0019051354285714286,6644.697142857142,-0.0008511382857142858,0.05208262857142857,7.078675714285715,-1.088414285714286,117.438,89.17015714285715,0.7377568571428571,10.227014285714287,9.888945714285715,116.65814285714285,135.21614285714284,0.7799742857142856,-46.045928571428576,1.55244,10.18026,9.404915714285716,9.888945714285715,10.227014285714287,13.8740790965348,14.226435720367448,1.5243902439023522,41.59306540000001,7155.042964000001,357.96336317142857,-347.8403640000006,7165.165963171429,10.122999171427962,0.05002951973489066,0.04976127647399722,0.04861471353143933,0.0,0.0,0.5551738466462555,16.400590900593254,0.030340055376864353,1.6040754692082027,47.2477,62.64716008460931,0.0,0.0,62.64716008460931,580.6248925080638,0.0860809968793465,0.9293970580051198,0.19698015228757895,0.16720047846821426,0.07073867495457523,165.5643335144148,218.20053547457778,2.458122835282357,2.5685718794641414,2.6140283728175633,2.0636915978373853,1.2256537027332841,40.316428642540345,66.63087440626046,8.06295635616302,474.6792816859662,679.4152806011107,2.416909383608862,2.7096282574073918,2.7769522712859147,2.1714485753536903,1.1516435156910898,0.09316215647358925,70.74448947646535,9.71002065825545,505.3265213044665,0.0079941999483852,0.04375586869481732,0.002882745225064635,511.77876101281277,0.00010433172885355356,0.010287862085278664,6.725899946403349,10.981483574056007,0.4246213999945537,0.6743382060883661,0.04321823553944395,0.174490414527288,0.13094386658121174,0.20216777568101751,0.7497847310109262,0.4559541786469024,0.7566767070867287,0.0,1.0317099763499429,0.7086198393792715,0.13094386658121174,0.174490414527288,1.0487963495497108,0.19439043510932474,0.0,0.0,0.0,70.74448947646535,505.32652130446644,553.2845834852612,553.2845834852612,0.00988736054170608,0.007595369584405415,0.07062522529172424,0.0,0.0,0.0,0.0,0.004630989197373787,0.24483990149009438,47.2477,23.678400846904054,0.0,0.0,23.678400846904054,219.45558151284953,0.03253555862161113,0.3512790692452313,0.0744514994526521,0.06319584073112924,0.026736706000577048,62.57743606589973,82.47205040097998,0.9290831020294434,0.9708289168079846,0.9880098563631582,0.7800021072301774,0.4632535558453938,15.238177705491877,25.184103331106243,3.047511050053555,179.41190455083475,256.794838486815,0.9135058814867798,1.0241432163618955,1.0495893017883573,0.8207304164501948,0.43528033450267645,0.035211985375943326,26.738903683279045,3.6700428410062313,190.99547232242872,0.0030215235706218036,0.01653816385229757,0.001089575279811421,193.43418970352303,3.943368691427496e-05,0.00388844637145396,2.5421512287551313,4.150610651927564,0.16049180367738178,0.254875884694177,0.016334957620054588,0.06595117757196801,0.04949212952615826,0.07641223679472345,0.2833919907269099,0.1723344808486315,0.2859969128323928,0.0,0.38994971750946844,0.2678331241548696,0.04949212952615826,0.06595117757196801,0.3964077595515577,0.07347267836413031,0.0,0.0,0.0,26.738903683279045,190.9954723224287,209.12191602113654,209.12191602113654,0.0037370710165981658,0.0028707798622801058,0.0266938260585445,0.0,0.0,0.0,0.0,0.0017503493914968074,0.09254078433833464
47.2727,114.5,0.04999999999999716,1.83455,114.5,5801.32625,-0.1875745,14.0776375,5.3071,117.296875,0.11623384500000002,0.8222749999999976,325.1833375,-2.8185455,-3.626427875,-4.5743125,-2.7664025,-2.8882494999999997,-90.6100375,458.787375,-1.2760112499999996,6356.43375,13604.38375,-2.24799775,-3.055880375,-3.4332165000000003,-2.195855,-2.3177037499999997,0.737235375,530.961375,5.285289837500001,7007.182175,0.0763508125,0.98440925,0.0014821020287500001,6959.57125,-0.000858606625,0.0674947875,9.65907125,-2.084235,117.19225,87.9119375,0.75364025,10.3054375,9.86584625,116.440375,135.126375,0.751868125,-47.2144,1.83455,9.78636,9.65907125,9.86584625,10.3054375,13.755417580475282,14.266878331245827,3.0487804878047045,41.59306540000001,7155.042964000001,489.3683096,-147.86078900000086,7496.5504846,341.5075205999991,0.06839488065441614,0.07086744418140054,0.020665255225433308,1.0,0.0,0.5551738466462555,32.93128839119442,0.010716998598669949,1.6126091560787152,47.2727,71.03520254071216,0.0,0.0,71.03520254071216,448.6659595460271,0.01970029624142744,0.8640467099435574,9.63801535587073,0.10304290021983896,0.6313900465993736,498.9560372070033,166.9751552340214,2.052671893134618,2.1352500183241463,1.9747991676026921,1.1215861846096102,1.3158809734304562,22.351239893184417,39.39081514746989,11.25902931539893,433.33557840604334,18561.944702086377,2.0119734119181705,2.1118218684149026,1.8751447482233015,1.0539969034245649,1.2820952791797773,0.11296449297258664,46.99482496110609,10.523767197650752,473.81223598892814,0.0058052109415193285,0.034471498888833586,0.003032333812460961,460.5387584879722,7.983718852396239e-05,0.006349944282193688,0.45043509931866377,10.23679811971916,0.5888387482397649,0.850819507361654,0.040814137455228515,0.16534853178751197,0.2152999206381318,0.1511138998050326,0.9513543635260236,0.5859213819611534,0.3345109479310261,0.0,0.549519022444693,0.45043509931866377,0.2152999206381318,0.16534853178751197,0.5862634384097993,0.2566362521230053,0.0,0.0,0.0,46.99482496110607,473.81223598892814,499.52213375508364,499.52213375508325,0.0065680702684185995,0.006335266376351114,0.06622073946625823,0.0,0.0,0.0,0.0,0.0009580568575856036,0.1441608157696585,47.2727,25.11473670974872,0.0,0.0,25.11473670974872,158.62737124128248,0.006965106531848599,0.30548664393150765,3.4075530076581346,0.03643116674928846,0.22323009176205363,176.40759871151968,59.03463227782649,0.7257291075932583,0.7549248837428519,0.6981969414467065,0.3965405984113012,0.4652341797735154,7.902356648198993,13.926756253620866,3.9806679892483574,153.20726301015404,6562.638485427494,0.7113400215671866,0.7466417819071113,0.662963783587519,0.3726441788805663,0.4532891330176402,0.03993897950710805,16.615179705336473,3.720713574543698,167.5179225384659,0.0020524520114833297,0.012187515310979384,0.001072091900806201,162.8250395630394,2.822670869808131e-05,0.0022450443310479506,0.1592528566063316,3.619254684045558,0.208185935952868,0.30081012161061166,0.01442997668143597,0.058459534043094556,0.07612001693607426,0.053426831641841525,0.3363545608803316,0.20715449121346244,0.11826747983158432,0.0,0.19428431358082252,0.1592528566063316,0.07612001693607426,0.058459534043094556,0.2072754264306555,0.09073461708723876,0.0,0.0,0.0,16.615179705336466,167.5179225384659,176.60774406549663,176.6077440654965,0.0023221635130542696,0.0022398549076705,0.023412566965889416,0.0,0.0,0.0,0.0,0.0003387242503805274,0.05096854520605506
47.2977,120.5,0.07499999999999574,2.08681,120.5,5724.74375,-0.09419709300000001,13.5040875,5.37485,117.415125,0.0765896675,39.8115975,331.7811375010934,-2.67964705,-4.31921,-6.21689375,-1.831101625,-2.63995125,-109.5259125,504.22612499999997,6.331979,6180.4425,4946.5287499999995,-1.989992625,-3.6295525,-4.8375861250000005,-1.1414472500000001,-1.9502967500000001,0.673953,591.467625,14.2630275,6831.776650000001,0.0861389,0.959450875,0.00418686625,6859.1525,-0.00081247625,0.0667364125,10.14399625,-2.5896012500000003,117.235375,88.3545,0.704623,10.4646,10.1138625,116.570625,135.24675,0.6647985,-46.8923875,2.08681,10.05567875,10.14399625,10.1138625,10.4646,14.286896191873806,14.55354691034421,4.573170731707057,41.59306540000001,7155.042964000001,549.8745596,-323.26631400000065,7381.651209600001,226.60824559999946,0.07685132882732469,0.08167446082263344,0.045180205852919125,1.0,0.0,0.5551738466462555,47.32016338987987,0.00598187940189489,1.663858162238532,47.2977,71.03520254071216,0.0,0.0,71.03520254071216,363.3625908466441,0.09012572503165911,0.7276270697813341,9.699531563799503,0.09613002726961425,0.18041734039739526,60.43798070231399,233.51296160398658,1.712003491284797,1.3055596337312867,3.0345872921085633,2.0177836448597284,1.2474965660466626,11.766636647917158,51.76209427325725,4.788278590009089,349.99531257065235,637.2750865193262,1.7113935808865524,1.3397684738549844,3.0342379672290716,2.037148625708545,1.2388353731781143,0.15712401812762883,50.55543951216187,4.828205901609387,380.1088793512465,0.003892595597871869,0.013882547424091321,0.0014484067146837835,392.89044538976947,0.00010371473507758813,0.005396051186731034,0.42544072254335746,10.398505632027046,0.3765948704225413,1.0860268702279674,0.02864600666759677,0.14984516770891945,0.14920684183374391,0.10805545864442681,0.9058000015771369,0.3305634229856655,0.31067431930974265,0.0,0.4806709212113983,0.42544072254335746,0.14920684183374391,0.14984516770891945,0.5476923493784673,0.18963688990278993,0.0,0.0,0.0,50.555439512161854,380.10887935124595,424.211253584073,424.2112535840732,0.007065707329295903,0.004617437635301031,0.053124611726824277,0.0,0.0,0.0,0.0,0.00033818350071663085,0.09406565064209126,47.2977,25.11473670974872,0.0,0.0,25.11473670974872,128.46807600858747,0.031864255664620166,0.2572550176086393,3.4293022715477934,0.033987097078995984,0.06378716241931992,21.368052997913964,82.5592993225664,0.6052846390512622,0.461585035127409,1.0728886261762438,0.7133942491238111,0.4410566406792634,4.160134282750184,18.30066393451878,1.6929121306028934,123.74202945110679,225.31076757952968,0.6050690031620046,0.4736796865414056,1.072765121180681,0.7202408037616842,0.4379944465740059,0.05555172935266218,17.87404705245799,1.7070285669964531,134.38878308924285,0.001376240371836051,0.0049082217118594056,0.0005120891049345161,138.90774909925446,3.666869624116443e-05,0.0019077921928836157,0.15041600995165627,3.6764269233064155,0.13314639331792408,0.3839684822444992,0.010127892784286366,0.052978267107506215,0.052752584830034484,0.03820337377584837,0.3202486617569895,0.11687181900270056,0.1098399589622169,0.0,0.16994283395388224,0.15041600995165627,0.052752584830034484,0.052978267107506215,0.19363848712475304,0.06704676540669474,0.0,0.0,0.0,17.874047052457986,134.38878308924262,149.98132703247205,149.98132703247214,0.0024981047832123115,0.0016325107318136676,0.018782386599969916,0.0,0.0,0.0,0.0,0.00011956592332106766,0.033257229722873725
47.3227,123.0,0.09999999999999432,2.3406,123.0,5930.935555555556,-0.05923339222222222,13.712377777777778,10.676911111111112,117.41688888888888,-0.015986516000000003,-8.032289777777779,340.85234227488974,-2.202805666666667,-3.572829666666667,-6.935307777777777,-1.923918,-2.813836777777778,-102.31465555555556,583.7798888888889,3.9472511111111115,6327.984444444444,4826.635555555556,-1.5585586666666669,-2.928582666666667,-5.646813333333333,-1.2796696666666667,-2.1695877777777777,-1.2243477777777776,665.2774444444444,11.356134333333333,6986.335622222223,0.0935603,0.9738705555555556,0.003132925222222222,7074.76,-0.0008145377777777778,0.07138162222222222,10.633137777777778,-3.1095644444444446,117.12066666666666,87.78897777777777,0.70606,10.60001111111111,10.190422222222221,116.55611111111112,135.24322222222224,0.5645107111111112,-47.45433333333333,2.3406,10.135831111111111,10.633137777777778,10.190422222222221,10.60001111111111,14.697574881787691,14.70461496984983,6.097560975609409,41.59306540000001,7155.042964000001,623.6843790444444,-168.70734177777842,7610.020001266667,454.9770372666661,0.08716710468161548,0.09052400824977543,0.023578802059836017,1.0,0.0,0.5551738466462555,61.17324637657728,0.003967204305296702,1.7093878959157243,47.3227,79.4197708382491,0.0,0.0,79.4197708382491,579.8184428575707,0.06675367960187321,0.9690947370842773,0.12988897609539854,0.1398333333333322,0.14520779872064482,20.46485791313845,236.80120472036646,2.1387380023621407,2.2327195922177507,2.051125249386162,2.33016303029788,2.3029905245492097,41.7327137933813,96.6083833790376,9.415614647004523,446.0803591313766,364.88668433196835,2.1372872134170455,2.1963754166374314,2.038322518702573,2.372983719153589,2.332735587479739,5.578333012044229,125.02235527307815,10.759801887433452,499.3264573376587,0.011973313685129112,0.022720699472678595,0.00292914616002248,555.4312606434753,0.00011328490843861088,0.008706570303193125,0.488604617092844,10.245630230159236,0.3517570184090123,0.8378332020422942,0.04048954987709793,0.13467553085512968,0.13801135621550986,0.1814727558370968,0.9794382034842425,0.39748290244751555,0.5289013353168993,0.0,0.52349534332801,0.488604617092844,0.13801135621550986,0.13467553085512968,0.5150376134798458,0.1175956877474913,0.0,0.0,0.0,125.0223552730782,499.3264573376589,596.1955649073402,596.1955649073402,0.017473319992922152,0.014094850218112015,0.0697866469635442,0.0,0.0,0.0,0.0,0.0006177051983106908,0.2661566453300034,47.3227,26.47325694608303,0.0,0.0,26.47325694608303,193.27281428585692,0.022251226533957738,0.32303157902809243,0.04329632536513285,0.04661111111111073,0.04840259957354827,6.8216193043794835,78.93373490678881,0.7129126674540469,0.7442398640725837,0.6837084164620539,0.7767210100992933,0.7676635081830699,13.910904597793769,32.202794459679204,3.1385382156681745,148.6934530437922,121.62889477732278,0.7124290711390152,0.7321251388791439,0.6794408395675243,0.7909945730511965,0.7775785291599131,1.8594443373480765,41.674118424359385,3.5866006291444843,166.44215244588625,0.0039911045617097044,0.007573566490892865,0.0009763820533408268,185.1437535478251,3.7761636146203626e-05,0.0029021901010643746,0.16286820569761465,3.415210076719745,0.11725233946967077,0.27927773401409806,0.01349651662569931,0.04489184361837656,0.04600378540516996,0.06049091861236559,0.32647940116141416,0.13249430081583852,0.1763004451056331,0.0,0.17449844777600332,0.16286820569761465,0.04600378540516996,0.04489184361837656,0.17167920449328192,0.0391985625824971,0.0,0.0,0.0,41.6741184243594,166.4421524458863,198.73185496911339,198.73185496911339,0.005824439997640717,0.0046982834060373384,0.02326221565451473,0.0,0.0,0.0,0.0,0.00020590173277023027,0.0887188817766678
47.3477,124.5,0.125,2.59167,124.5,6018.1375,-0.0677993825,13.9627,5.1965787500000005,117.400875,0.10983829249999999,14.031224999999996,256.03623750000025,-3.235434375,-3.4793012500000002,-4.8950833750000005,-3.474892375,-1.7725018750000001,-99.51117500000001,583.090125,3.9898612500000006,6407.63,6537.110000000001,-2.608841,-2.85270775,-3.6418962500000003,-2.848299425,-1.1459092499999999,0.778436125,662.35425,11.19568875,7070.7128250000005,0.092436425,0.972946375,0.003112627375,7149.2474999999995,-0.000792730875,0.0662612375,10.68525,7.86725125,116.91025,87.710525,0.721370625,10.5395375,10.14449375,116.549875,134.887875,0.36029125,-47.17735,2.59167,10.71120125,10.68525,10.14449375,10.5395375,15.13782774103846,14.629149686226695,7.621951219512194,41.59306540000001,7155.042964000001,620.7611846,-84.33013900000049,7691.4740096000005,536.4310455999995,0.08675855445219657,0.08913850119444629,0.011786112176307047,1.0,0.0,0.5551738466462555,73.68817989587555,0.0026922384123353837,1.6311263068712822,47.3477,71.03520254071216,0.0,0.0,71.03520254071216,530.1037290070149,0.057756315884017834,0.7850410435130133,9.8450206286172,0.12743002281364507,0.31311193517031183,185.52588331348232,243.55094173440176,1.427085790782434,0.9411569971269785,3.3854552654900023,1.448966986426432,2.014451148629496,20.767090415486713,79.49426244244212,11.213836826840868,394.52149472493903,3280.746398297628,1.3949812250931142,1.0176551697255172,3.4852775444429405,1.4795228367411721,2.0391887958392916,0.3159949080586302,77.01704724790291,11.609309946152745,426.51823802228114,0.005642716670629495,0.02765225011220347,0.003177605325342742,460.47414736644765,0.00014974304710444822,0.005822527214176109,0.601461999844664,7.793479409838968,0.2931278365686698,1.3355922311308683,0.028462187607608685,0.2341484140912089,0.28600723447081294,0.13498829314320107,1.070355673529663,0.30717582110611225,0.5991870206490502,0.0,0.5950665367464022,0.601461999844664,0.28600723447081294,0.2341484140912089,0.6563528611165911,0.3382831128944804,0.0,0.0,0.0,77.01704724790298,426.5182380222807,495.5837304403507,495.58373044035045,0.01076402303038679,0.006773484313926894,0.059610856310475205,0.0,0.0,0.0,0.0,0.00020457865468845603,0.123946536071155,47.3477,25.11473670974872,0.0,0.0,25.11473670974872,187.4199707565681,0.02041994130897066,0.2775539226889076,3.4807404237083346,0.04505331662914244,0.11070178631468508,65.59330508829375,86.1082612323826,0.5045510199986128,0.3327492474148273,1.1969391878158422,0.5122871909087832,0.7122160337824732,7.342275229152405,28.105466019236953,3.9646900316893072,139.48441212192856,1159.9190127947973,0.49320034194562934,0.35979543571123007,1.232231692996401,0.52309031539002,0.7209621128287966,0.1117210711543385,27.229638187978438,4.104510893910519,150.79696920264647,0.001995001611058247,0.00977654678470277,0.0011234531367421692,162.80219608195438,5.294216202154597e-05,0.002058574238393572,0.21264892935809204,2.7554110698674332,0.10363634049612423,0.47220316176635385,0.01006290293237191,0.08278396570398479,0.10111882748136136,0.0477255687311775,0.3784278775171596,0.10860305306033889,0.21184460274995365,0.0,0.21038779169528743,0.21264892935809204,0.10111882748136136,0.08278396570398479,0.23205577947336692,0.11960114154429073,0.0,0.0,0.0,27.229638187978463,150.79696920264632,175.215308220049,175.2153082200489,0.0038056568388173347,0.0023947883453192082,0.02107562036473696,0.0,0.0,0.0,0.0,7.232947700811417e-05,0.04382171808024836
47.3727,111.5,0.14999999999999858,2.84708,111.5,6019.43,-0.07996627875,13.7200125,10.799075,117.45225,0.20513156375,-236.4669625,169.2917800000004,-3.530814125,-4.47222,-6.61222625,-1.786887125,-3.05666175,-89.7604125,587.69025,9.003988375,6372.8637499999995,11765.68375,-2.9656165125,-3.9070212499999997,-5.48183,-1.221690375,-2.491464125,0.663683375,659.187625,15.50376625,7024.3564875,0.092514625,0.963452375,0.0042100112499999995,7103.55,-0.0007901797499999999,0.05908105,11.6905875,5.7975875,117.148875,88.5113875,0.69988225,10.659475,10.2942375,116.60325,135.1045,0.5455157375,-46.5929875,2.84708,11.348962499999999,11.6905875,10.2942375,10.659475,16.299190664960662,14.819363247141002,9.146341463414547,41.59306540000001,7155.042964000001,617.5945596,-130.6864765000006,7641.9510471,486.9080830999993,0.08631598198744232,0.08920974762062499,0.018264946438133027,1.0,0.0,0.5551738466462555,85.82124856908118,0.0019863990627753117,1.5916564613445061,47.3727,71.03520254071216,0.0,0.0,71.03520254071216,597.0820615531596,0.07941371410553298,0.9826099828481583,0.2648292320399266,0.26163483276178484,0.395558106332136,507.2209635645859,225.5699676336348,2.297325521538123,1.565929643739736,2.064241218732079,1.4974342679665142,2.0775639876359144,27.804351217978077,88.84976647730387,12.135976011063164,539.6105952030192,14924.279695231946,2.3589923646047666,1.5004198346218918,2.1410950546190812,1.521685567840379,2.081718060186032,0.0867980367156794,99.53252313538734,13.316750367898036,595.6961882993697,0.0076693788328744605,0.025746882640359195,0.003277757152799271,631.147196867962,7.968588648607374e-05,0.00801855008927959,0.7135688242659476,10.45647389015703,0.39405055422586527,0.815793589855916,0.03451623612881336,0.24675767610002675,0.27667565300236524,0.27062770948824966,0.751996770509794,0.3587067422089803,0.7091183649685798,0.0,0.7434947841828768,0.7135688242659476,0.27667565300236524,0.24675767610002675,0.9161340698885652,0.3422027018955501,0.0,0.0,0.0,99.53252313538736,595.6961882993699,680.1509586033703,680.1509586033703,0.01391082116993244,0.009099406830361987,0.08325543135052652,0.0,0.0,0.0,0.0,0.00020261298436252318,0.16234918338228252,47.3727,25.11473670974872,0.0,0.0,25.11473670974872,211.10038732454137,0.028076987881616076,0.3474050910667649,0.09363127291592889,0.09250188222023319,0.13985090967038138,179.3296914482467,79.75102687288661,0.8122272274362645,0.5536397349747009,0.7298194818851182,0.529422962630118,0.7345297920031598,9.830322646362369,31.413136191471377,4.290715466870015,190.78115553408202,5276.529688411605,0.8340297488896594,0.530478519843969,0.7569914161430669,0.5379970919268171,0.7359984784380244,0.030687740177667917,35.190061028819656,4.708182244254576,210.61040713673142,0.0027115348901070504,0.009102897654706094,0.0011588621549135376,223.1442314161084,2.8173215349582103e-05,0.0028349855717067973,0.25228467724088166,3.6969217975150572,0.13931790951171336,0.28842658971781765,0.012203332313860019,0.08724201304008129,0.09781961521359432,0.09568134427806214,0.26587100792892965,0.12682198493665237,0.2507112022666,0.0,0.26286510183627043,0.25228467724088166,0.09781961521359432,0.08724201304008129,0.32390230664711744,0.12098692552535105,0.0,0.0,0.0,35.19006102881967,210.61040713673145,240.46967752948697,240.46967752948697,0.004918217990566306,0.0032171261372620744,0.02943524003928419,0.0,0.0,0.0,0.0,7.163450759959202e-05,0.05739910424485516
47.3977,117.5,0.17499999999999716,3.24585,117.5,6097.65625,-0.11089435,13.515,8.3546125,117.347,-0.03837866624999999,63.6761625,390.970625,-2.829120625,-2.56726375,-5.348207125,-1.7136031250000001,-1.90226825,-99.706925,678.437125,8.055203,6273.1275,6432.96125,-2.201291375,-1.9394342500000001,-4.092550625,-1.085773775,-1.2744405162499999,0.6613459875000001,757.857375,15.275237375,6924.2781375,0.1062522,0.9680681250000001,0.004234379525,7110.40625,-0.000724196125,0.0622870125,12.39685,3.4065374999999998,117.07075,88.4080875,0.6710025,10.770362500000001,10.4599125,116.4845,135.12525,0.586229,-46.71725,3.24585,11.6439875,12.39685,10.4599125,10.770362500000001,17.02489552648397,15.014102760814215,10.670731707316898,41.59306540000001,7155.042964000001,716.2643096,-230.7648265000006,7640.542447100001,485.4994830999992,0.1001062206340093,0.09339010712621809,0.03225205322470801,0.0,0.0,0.5551738466462555,103.28173910203067,0.0014358121938057595,1.4585510464931732,47.3977,71.03520254071216,0.0,0.0,71.03520254071216,848.1920688640804,0.06470603664291522,1.1898771605266059,7.735572305808591,0.12535435487335217,0.22941002400808774,252.91329293807357,135.0086980202572,2.0821766733576075,1.406863058062536,3.8390927551036045,2.1675156486878464,1.241621512976565,12.242708512620888,120.30842376449138,10.63249846265243,633.9127250148197,3409.1194067485585,2.110272990728853,1.41364528027111,3.8278846458571394,2.205926964440963,1.2078312691322683,0.47972880835161275,115.87360202385244,10.299073860192381,683.6022387628786,0.008076031909651811,0.020777279303793753,0.002762345124740225,728.6573582171038,0.00014507733947542552,0.008576083569261926,0.9020835295501826,11.940137440216088,0.2604971894556349,0.662325438862413,0.03398149090734122,0.32651554300129243,0.35467689295027033,0.1218207113519156,0.9145833946198106,0.24984613043116868,0.5660091973003356,0.0,0.9369096121024695,0.9020835295501826,0.35467689295027033,0.32651554300129243,1.0127062250968033,0.4666638590933924,0.0,0.0,0.0,115.87360202385244,683.6022387628786,784.9219444799944,784.9219444799942,0.01619467592394075,0.00783292720536001,0.09554131850813,0.0,0.0,0.0,0.0,0.00012042616440570963,0.12233334476254558,47.3977,25.11473670974872,0.0,0.0,25.11473670974872,299.8811818212192,0.022877038646955287,0.4206851044936786,2.7349378168980563,0.04431945719110613,0.08110869182414375,89.41835224436579,47.732782944645336,0.7361606226798056,0.49740120427843143,1.3573242603689522,0.7663325067575674,0.43897949574641504,4.328451104682251,42.53545113886832,3.7591558819485376,224.1219932692111,1205.3057251932828,0.7460941709495941,0.49979908193602973,1.3533615953427247,0.7799129576792304,0.4270328404662904,0.16960974675798351,40.96750487578866,3.641272483241573,241.68988933176846,0.0028553084641968693,0.007345877545159736,0.0009766364848407063,257.6192795783947,5.1292585269788095e-05,0.003032103423923819,0.31893469047081474,4.2214760761380905,0.09209966457205812,0.23416740458598417,0.012014271327704992,0.11544067730951083,0.12539721806765566,0.04307012554295428,0.32335406014814017,0.088333946540549,0.2001144708125109,0.0,0.331247570038257,0.31893469047081474,0.12539721806765566,0.11544067730951083,0.35804571955788994,0.16499058964981064,0.0,0.0,0.0,40.96750487578866,241.68988933176843,277.5118148219674,277.51181482196733,0.005725682582468509,0.0027693579717253283,0.03377895710030126,0.0,0.0,0.0,0.0,4.257707874178166e-05,0.0432513688234139
47.4227,121.5,0.19999999999999574,3.58646,121.5,5917.94125,-0.06519017375,13.304825,5.4476625,117.38625,-0.03211435125,52.12691625,296.46994301663875,-3.3807175,-4.31346875,-5.84367,-3.279383525,-3.3990287500000003,-105.21776249999999,617.084375,13.33535625,6193.44125,4834.8125,-2.718188875,-3.6509424999999998,-4.518615,-2.61685725,-2.736503375,0.713774375,700.894125,20.954425,6842.2038625000005,0.10042415,0.951470125,0.0060833225,6978.14625,-0.00072976325,0.0505453125,12.68645,6.5565375,117.262,89.251375,0.67139275,10.6367,10.4008125,116.547,135.11225000000002,0.7151252875,-45.8609375,3.58646,12.9780125,12.68645,10.4008125,10.6367,18.157112610555416,14.877093757714169,12.195121951219251,41.59306540000001,7155.042964000001,659.3010596,-312.83910150000077,7501.5049221,346.46195809999904,0.09214494768476136,0.08784993089766967,0.04372288231867013,0.0,0.0,0.5551738466462555,117.64281989011654,0.0010410088468971524,1.2997852082985315,47.4227,71.03520254071216,0.0,0.0,71.03520254071216,581.8200418007884,0.07763743905969463,0.9856244050636859,10.068022553175476,0.1404642811739431,0.049902185697606884,82.19158496084793,228.94171507265108,2.4117676635183702,1.4423368412845825,1.8567131797807188,2.594281735168347,1.568289488550572,34.0182623126771,84.74676895305296,9.26656904030973,517.9882950259862,419.0897128897348,2.3963349567004215,1.4983050221095076,1.7456973871206887,2.6612860922955357,1.7592890273199193,0.11531586999311001,75.56635088911223,8.186287867394913,549.2618210145715,0.007153706550153862,0.014734094498693458,0.00224306618364079,560.1366136153754,9.329456135235627e-05,0.008422581669949199,0.611473368185402,11.992321221745843,0.7920840503741641,0.749234261953968,0.035953513389812584,0.21902774775291436,0.2569231816127148,0.12510681150806469,0.6985582601738649,0.6846353274379652,0.6456199544125863,0.0,0.6745773606753462,0.611473368185402,0.2569231816127148,0.21902774775291436,0.6923407161708264,0.31731681407359646,0.0,0.0,0.0,75.56635088911223,549.2618210145714,605.3007248217382,605.3007248217381,0.01056127143740687,0.0067280262212940055,0.07676569152388547,0.0,0.0,0.0,0.0,7.97261278063096e-05,0.09954463110129305,47.4227,25.11473670974872,0.0,0.0,25.11473670974872,205.70444849378902,0.027448979816533704,0.3484708502617444,3.559583510244738,0.04966162286629454,0.017643086951404086,29.059113541142917,80.943119612175,0.8526886347601376,0.5099430806137567,0.6564472400706918,0.9172171036229706,0.5544740661088459,12.027271982738371,29.962507505176664,3.2762269033681637,183.13651799406645,148.17058895492738,0.8472323489386199,0.5297308207097464,0.6171972301663382,0.9409067212698108,0.6220026006425001,0.0407703168252772,26.716739571606674,2.8942898318900516,194.1933791431376,0.0025292172061162094,0.005209289067334775,0.0007930436545513161,198.03819893915048,3.2984608490037763e-05,0.0029778323069592967,0.21618848257943812,4.239925829031914,0.28004400164463916,0.26489431366247446,0.012711486562708908,0.07743800285205117,0.09083606198118678,0.04423193739498987,0.24697764141140824,0.24205514133562878,0.22826112391724473,0.0,0.23849911308423039,0.21618848257943812,0.09083606198118678,0.07743800285205117,0.24477940764797104,0.11218843550797548,0.0,0.0,0.0,26.716739571606677,194.19337914313758,214.00612358929172,214.0061235892917,0.0037339733256710967,0.002378716482538947,0.027140770519507047,0.0,0.0,0.0,0.0,2.8187442804793442e-05,0.03519434184121881
47.4477,122.5,0.22499999999999432,4.04152,122.5,5980.6375,-0.10962610625000001,13.2590625,10.9898875,117.419,0.01838206375,-3.139148750000003,175.42301935000123,-2.143634875,-3.22105225,-6.151415,-3.471572875,-2.180077,-83.7360125,647.23725,11.143585375,6176.49875,4867.8275,-1.616372375,-2.693789625,-5.0968937500000004,-2.9443078750000002,-1.6528120000000002,0.582496625,713.936125,17.20710125,6805.0866375000005,0.1023388375,0.9593795,0.00505454875,6957.13375,-0.0007098884999999999,0.0469957,14.225375,10.097825,117.472875,89.387025,0.6680625,10.6475125,10.44065,116.578125,135.53275,0.894690625,-46.14555,4.04152,13.287825,14.225375,10.44065,10.6475125,19.486888201055105,14.913473578879143,13.719512195121604,41.59306540000001,7155.042964000001,672.3430596000001,-349.95632650000084,7477.4296971,322.3867330999991,0.09396771801131562,0.08964163986052506,0.04891044376124319,0.0,0.0,0.5551738466462555,136.51216732063273,0.0007888799481945869,1.1823514527251784,47.4477,71.03520254071216,0.0,0.0,71.03520254071216,424.96408284364793,0.0692367031698867,0.6731834730538594,0.3192445700958974,0.16735590817177529,0.05056246658654787,86.13021252107025,224.881359432458,2.326203773331835,2.48788125384873,3.2922933643673287,1.9488291212470146,1.5344518990024696,21.824462716046582,97.97694857137142,9.744631294761364,324.2841805065207,516.4675114591982,2.337547226045768,2.4634750074277445,3.3657017348446816,1.9569955127707106,1.6160101847542387,0.3591616230894774,86.55990721614631,10.166859789968072,342.68432694708986,0.007337993269851968,0.022891855863104292,0.002902408281880202,392.9442058154421,0.00010470461169404141,0.007041392169978077,1.285030226159237,9.279527768426583,0.3937582425441092,0.5212903735649015,0.019634370258008522,0.2011905524443367,0.2727842004222385,0.16404131665964103,0.6984770678309529,0.44752309321864286,0.5936790402710411,0.0,0.9231670050893899,1.285030226159237,0.2727842004222385,0.2011905524443367,1.2555580942715014,0.2736596913241816,0.0,0.0,0.0,86.55990721614633,342.68432694708974,421.09771659557657,421.09771659557646,0.012097748071068925,0.00710518054392115,0.04789409772537736,0.0,0.0,0.0,0.0,6.252824544623266e-05,0.0937156052817734,47.4477,25.11473670974872,0.0,0.0,25.11473670974872,150.2474923697326,0.024478871159213506,0.23800629938954773,0.11287000018589659,0.05916924876994772,0.017876531498433112,30.451628669343627,79.50756710857021,0.8224372312723376,0.8795988526916636,1.1640014817998054,0.6890151435037922,0.5425106715946107,7.716112791134758,34.64008236739117,3.4452474343442034,114.65177153384161,182.59883980767,0.8264477474403832,0.8709699415178693,1.1899552600800007,0.6919023989159071,0.5713458800531239,0.1269828096142682,30.60354868570771,3.5945277504296307,121.15720569531759,0.002594372400706787,0.008093493257373036,0.0010261562889447436,138.92675628003076,3.701867047518048e-05,0.0024895080761926786,0.4543267934734397,3.2808085056316534,0.13921456172551847,0.18430397905750523,0.006941798176882645,0.0711316019720291,0.09644377895955757,0.05799736370240097,0.24694893558328146,0.1582233069762409,0.20989723761198728,0.0,0.3263888247331918,0.4543267934734397,0.09644377895955757,0.0711316019720291,0.4439068213165186,0.09675331173637311,0.0,0.0,0.0,30.603548685707718,121.15720569531754,148.88052547345157,148.88052547345154,0.0042771998490696555,0.0025120606720806836,0.016933120640212768,0.0,0.0,0.0,0.0,2.2107073185363985e-05,0.0331334699988719
47.4727,117.0,0.25,4.70321,117.0,6226.504444444445,-0.06464530111111111,13.404866666666667,6.399711111111111,117.40722222222222,0.0633843878888889,68.74429777777777,197.40794699513066,-2.7825872222222223,-4.3304888888888895,-7.059136666666666,-4.144395555555556,-3.622607777777778,-89.2341111111111,706.8057777777778,19.706609999999998,6343.69,5259.775555555555,-2.220705777777778,-3.768604444444444,-5.935371111111111,-3.5825128888888886,-3.060723444444444,0.6670205555555556,777.8841111111111,26.168252555555554,6992.096877777778,0.1078273,0.947634,0.007191553666666666,7192.653333333333,-0.0007254855555555555,0.04413971111111111,15.146511111111112,14.603544444444443,117.464,89.06453333333333,0.656313,10.912133333333333,10.65911111111111,116.55011111111111,135.21966666666665,0.9139884333333332,-46.1552,4.70321,14.603544444444443,15.146511111111112,10.65911111111111,10.912133333333333,21.06375636583889,15.254923328419292,15.243902439024389,41.59306540000001,7155.042964000001,736.2910457111111,-162.94608622222293,7728.38792348889,573.3449594888883,0.10290518860832812,0.09490788380948323,0.022773599968871256,0.0,0.0,0.5551738466462555,159.35381019047088,0.0006129446149728046,1.0823494705107994,47.4727,79.4197708382491,0.0,0.0,79.4197708382491,924.364301021398,0.06969445500326056,1.4298815956225188,9.837752332144325,0.15266366445374485,0.1344831372725292,92.03143646205379,233.4492171431758,1.562283339981242,1.6406292633045136,2.0043282427786124,1.4314139299143267,1.9335424873129743,33.29672011071227,117.65434834269594,15.408036684404344,741.1528129373858,1031.4170052300751,1.6022165540614957,1.7463539140027653,2.1669233544154514,1.5604672100127932,2.036698205161795,0.12399037316573319,123.11405858029015,15.480844067463144,805.5699822215154,0.009195798371810903,0.028123407341572274,0.0041002785247841395,843.5182252180451,0.00012243735342830543,0.005377065159416531,0.9174278724298223,1.3091018868971873,0.44174794849551724,0.8489559573381918,0.049557802899745235,0.22209324618276896,0.338377690031585,0.12727180014092462,1.1542743391412482,0.42773611091234154,0.9046970169620315,0.0,1.3091018868971873,0.9174278724298223,0.338377690031585,0.22209324618276896,1.195285827492466,0.37385813426343834,0.0,0.0,0.0,123.11405858029015,805.5699822215151,909.823995939579,909.8239959395794,0.01720661346126476,0.008907164295412145,0.11258772117437632,0.0,0.0,0.0,0.0,5.7525235738165116e-05,0.1015791752163031,47.4727,26.47325694608303,0.0,0.0,26.47325694608303,308.1214336737993,0.023231485001086852,0.4766271985408396,3.2792507773814417,0.050887888151248284,0.044827712424176394,30.67714548735126,77.81640571439193,0.5207611133270806,0.5468764211015046,0.6681094142595374,0.4771379766381089,0.6445141624376581,11.098906703570757,39.218116114231975,5.136012228134781,247.05093764579524,343.805668410025,0.5340721846871652,0.582117971334255,0.7223077848051505,0.5201557366709311,0.6788994017205983,0.041330124388577735,41.038019526763385,5.160281355821048,268.5233274071718,0.003065266123936968,0.009374469113857425,0.0013667595082613798,281.17274173934834,4.0812451142768476e-05,0.0017923550531388434,0.30580929080994074,0.43636729563239585,0.1472493161651724,0.2829853191127306,0.016519267633248413,0.07403108206092299,0.11279256334386169,0.042423933380308206,0.38475811304708274,0.14257870363744718,0.3015656723206772,0.0,0.43636729563239585,0.30580929080994074,0.11279256334386169,0.07403108206092299,0.39842860916415535,0.12461937808781279,0.0,0.0,0.0,41.038019526763385,268.52332740717173,303.274665313193,303.27466531319317,0.005735537820421588,0.002969054765137382,0.037529240391458774,0.0,0.0,0.0,0.0,1.9175078579388373e-05,0.033859725072101034
47.5227,84.5,0.29999999999999716,6.0966,84.5,6283.216666666667,-0.04197661666666667,13.07955,3.98095,117.3985,0.0023071835,-11.59138,312.43913457716667,-2.543679,-2.6739363333333332,-3.9562413333333333,-4.544881666666666,-1.7278304999999998,-87.63521666666666,668.8185,21.66691,6320.556666666666,5030.496666666667,-1.9918631666666669,-2.1221195833333337,-2.8526103333333332,-3.993066666666667,-1.17601355,0.8415935,738.6231666666666,28.0128,6965.494216666667,0.10355363333333334,0.9397796666666668,0.007836276666666668,7128.985000000001,-0.0006571243333333334,0.038141549999999996,17.092633333333335,15.193683333333333,117.85466666666667,90.08834999999999,0.6403896666666666,11.077233333333334,10.737633333333333,116.53266666666667,135.5005,1.3220233833333335,-45.41196666666667,6.0966,15.193683333333333,17.092633333333335,10.737633333333333,11.077233333333334,22.920622430207956,15.427738132525713,18.292682926829094,41.59306540000001,7155.042964000001,697.0301012666667,-189.54874733333403,7662.524317933334,507.4813539333325,0.09741801758196494,0.09088610966889378,0.026491629510407223,0.0,0.0,0.5551738466462555,203.84080258882537,0.0003587229157096113,0.8425208684025391,47.5227,54.25403210822215,0.0,0.0,54.25403210822215,742.0014097470885,0.05117430649556149,1.2636744276117957,11.939428485610188,0.1707076448200218,0.13832159009170783,32.48755785673217,246.82286932339318,2.363959499331154,1.6037724908629234,2.963288829612238,1.5600152948406198,1.4783311171292783,21.931329591287135,102.37604689525766,13.664675803151717,589.6492478301544,465.42264477211177,2.4008576696647737,1.7232686826950239,2.995050551357133,1.6378684815902242,1.5157458805322266,0.29940579594774047,94.30015725631995,13.355172918835608,637.1874422814672,0.008646151459618705,0.021131876846760805,0.003156784098671727,655.1345745646464,0.00016340075602232283,0.004835816770619003,0.8393094534596095,1.9630081155376473,0.7404694907061717,0.5598249181663767,0.045021389466193315,0.22435542040848105,0.22039351775101468,0.17564243982211608,0.6371903169383514,0.777462703266132,0.2935445224606745,0.0,1.9630081155376473,0.8393094534596095,0.22039351775101468,0.22435542040848105,1.3188158007157278,0.2881414601447844,0.0,0.0,0.0,94.30015725631992,637.1874422814672,707.499650604322,707.4996506043219,0.013179537527696657,0.00815110444016913,0.08905431392759237,0.0,0.0,0.0,0.0,3.217200033848273e-05,0.07556133292964029,47.5227,22.149115858953227,0.0,0.0,22.149115858953227,302.92080705102524,0.020891823142486738,0.5158929247754162,4.874251268365908,0.06969110416688622,0.05646955268918294,13.26298995635675,100.76501444866072,0.9650824243277533,0.6547373776877599,1.2097575988398577,0.6368735772161623,0.6035261513075608,8.953427813242504,41.79484612943721,5.578580536379603,240.72329739996323,190.00799907138443,0.9801460392876978,0.7035214937201566,1.2227242674443999,0.6686570076138522,0.6188006645049242,0.12223190435063724,38.49787799036607,5.452226512963917,260.13068401645035,0.0035297765524809704,0.008627052596982987,0.0012887517116462394,267.4575700897871,6.670807930661607e-05,0.0019742139296016867,0.34264664954504476,0.8013947073349338,0.3022954037214419,0.22854756580049532,0.01837990528388119,0.09159271683806366,0.0899752768511688,0.07170572579028082,0.260131857590209,0.317397819507812,0.11983904946960139,0.0,0.8013947073349338,0.34264664954504476,0.0899752768511688,0.09159271683806366,0.5384042960789266,0.11763325851586956,0.0,0.0,0.0,38.49787799036606,260.13068401645035,288.8355228629949,288.8355228629948,0.005380523664786488,0.0033276744530914503,0.03635627141937177,0.0,0.0,0.0,0.0,1.3134164138988397e-05,0.030847784993696448
47.6227,104.5,0.3999999999999986,10.0,104.5,5467.4425,-0.17322825,11.48585,5.870875,117.5365,0.0795111325,-6.309250000000006,342.688,-4.1851675,-2.07734475,-6.573567499999999,-2.9390425,-3.68358125,-96.032675,467.6125,16.705225,5746.7025,5894.4875,-3.5804725,-1.4726572500000001,-5.3641875,-2.33434875,-3.078891325,0.630085,544.1057500000001,23.65915,6347.282550000001,0.08524965,0.9298044999999999,0.007449662500000001,6367.3025,-0.000732904,0.024867425,19.097725,15.4301,117.81325000000001,90.60725,0.544521,11.515274999999999,11.13585,116.66075000000001,136.481,1.15255025,-45.873725,10.0,15.4301,19.097725,11.13585,11.515274999999999,24.634734732353085,16.01932805963867,24.390243902438936,41.59306540000001,7155.042964000001,502.5126846,-807.7604140000005,6849.7952346,-305.2477294000005,0.0702319590711545,0.07315425587050832,0.11289385934706184,0.0,0.0,0.5551738466462555,328.7354336435196,0.00011101723552126135,0.4108188862393396,47.6227,107.2085195619577,0.0,0.0,107.2085195619577,563.5881412506241,0.034359575689803475,0.7605133025354212,12.156228952646734,0.16088401619386022,0.2419673743804253,279.51935169903714,152.9278844641051,1.7553181554421977,1.2722307358167844,1.0798388844444957,1.4731392961376737,2.300952637388751,17.958053887021464,82.49725217444116,7.36360197655785,404.69137033670506,2161.4943210562305,1.8161191221461772,1.3439465847459302,0.8943340147608909,1.563017568638599,2.3288625256266964,0.15796632674296968,94.24055445993868,8.524711698937391,446.6181741845152,0.011839801624041968,0.016721049518496137,0.0026983206108908437,463.34120123115935,0.0001499594213734725,0.0024350549307630277,1.1190516710590273,2.478328351934021,0.6142563932647918,0.33325824320887926,0.030508344224708946,0.21112870284891835,0.21392430904411003,0.12176035205818184,1.4240278555328079,0.6258059897851064,1.6874388845723196,0.0,2.478328351934021,1.1190516710590273,0.21392430904411003,0.21112870284891835,1.407940291866891,0.2771191564967602,0.0,0.0,0.0,94.24055445993868,446.61817418451494,499.6759647438788,499.6759647438789,0.013171207347615125,0.011236870909451357,0.06242005483847363,0.0,0.0,0.0,0.0,1.7052819817957958e-05,0.0631038992455541,47.6227,53.60425978097885,0.0,0.0,53.60425978097885,281.79407062531203,0.017179787844901737,0.3802566512677106,6.078114476323367,0.08044200809693011,0.12098368719021264,139.75967584951857,76.46394223205255,0.8776590777210989,0.6361153679083922,0.5399194422222479,0.7365696480688368,1.1504763186943756,8.979026943510732,41.24862608722058,3.681800988278925,202.34568516835253,1080.7471605281153,0.9080595610730886,0.6719732923729651,0.44716700738044546,0.7815087843192995,1.1644312628133482,0.07898316337148484,47.12027722996934,4.262355849468696,223.3090870922576,0.005919900812020984,0.008360524759248068,0.0013491603054454218,231.67060061557967,7.497971068673626e-05,0.0012175274653815139,0.5595258355295136,1.2391641759670105,0.3071281966323959,0.16662912160443963,0.015254172112354473,0.10556435142445918,0.10696215452205501,0.06088017602909092,0.7120139277664039,0.3129029948925532,0.8437194422861598,0.0,1.2391641759670105,0.5595258355295136,0.10696215452205501,0.10556435142445918,0.7039701459334455,0.1385595782483801,0.0,0.0,0.0,47.12027722996934,223.30908709225747,249.8379823719394,249.83798237193946,0.0065856036738075625,0.005618435454725679,0.031210027419236817,0.0,0.0,0.0,0.0,8.526409908978979e-06,0.03155194962277705
47.7227,128.83333333333334,0.5,10.0,128.83333333333334,5019.086666666667,-0.05707303,11.38485,11.10335,117.46983333333333,0.07893358333333333,-52.16746666666666,233.21876451316666,-3.7630233333333334,-4.643256666666667,-6.535589999999999,-2.0534836666666667,-2.165433166666667,-81.81843333333333,163.27224999999999,7.001155833333333,5784.876666666667,4738.761666666666,-3.24783,-4.128066666666666,-5.505215,-1.5382945000000001,-1.6502415,0.6270506666666668,228.4435,12.925855,6376.552683333334,0.037032333333333334,0.9254878333333334,0.0038431949999999993,6078.491666666666,-0.000621363,-0.00509226,3.6139566666666667,4.766991666666667,117.38466666666666,75.96795,0.5984161666666666,10.938983333333333,10.636833333333334,116.51733333333334,135.36716666666666,0.8672783333333337,-59.39926666666667,10.0,6.397178333333334,14.28616,10.636833333333334,10.938983333333333,16.55177182904104,15.25868368903196,30.487804878048777,41.59306540000001,7155.042964000001,186.8504346,-778.4902806666672,6563.403117933333,-591.639846066667,0.026114509100800973,0.027873714630944898,0.10880301971400812,0.0,0.0,0.5551738466462555,327.1824451779826,4.2703031813135914e-05,0.22588512112676562,47.7227,92.46711127026013,0.0,0.0,92.46711127026013,857.4760427362772,0.05348169572731029,1.46889592381489,0.28374647663010677,0.18642898558610896,0.14649863917544648,132.2595144157526,254.2673594515679,1.2041203157104636,2.3413090364637186,1.8951302705091277,1.8302997164256642,2.9080152218515236,22.58007707804973,61.707449386399055,10.628389509345437,743.5652304315116,1242.6885856628228,1.2433729354944154,2.471305125359203,2.047389898263152,1.8805644980583625,3.0281250796996972,0.16744232180982999,65.58759762866758,11.495660402081734,810.6798591604739,0.00681632309230326,0.0682058286113926,0.0034280428145036347,804.3918366919613,0.0002145636558450662,0.009494793248630536,16.5033637391735,7.516558295497791,16.838240426679583,11.526503065327317,0.04844129763504139,0.2587869271556558,0.40417425284976566,0.16247912686454996,1.0704295243810635,16.902979885982727,11.645986236582399,0.0,5.88719214189045,6.566627216387421,0.40417425284976566,0.2587869271556558,6.561109152167493,0.44912099448146775,0.0,0.0,0.0,65.58759762866755,810.679859160474,871.2937557081228,871.293755708123,0.00916662526817324,0.006939183712129481,0.11330188557068656,0.0,0.0,0.0,0.0,1.0630954170969592e-05,0.05623428287505975,47.7227,37.7495401002155,0.0,0.0,37.7495401002155,350.06312856080353,0.021833810851782914,0.5996742497667656,0.11583901400938554,0.07610931465844115,0.05980781899865834,53.99472065781164,103.80421481686317,0.4915800604016038,0.9558354115839075,0.7736836931416696,0.7472167302672706,1.1871922429637758,9.218277865656061,25.19196072088277,4.3390218475743305,303.55923417203303,507.3254906758032,0.5076048753246302,1.0089060926424773,0.8358434258789142,0.7677372414393591,1.2362268870981503,0.0683580416301631,26.776024607535255,4.693083706902993,330.9586666157487,0.002782752249682158,0.027844912930272265,0.0013994926186580382,328.39159219258005,8.759524569442492e-05,0.003876233112061244,6.7374700334208875,3.0686220743089416,6.874182868611448,4.705675171446353,0.019776076947356818,0.10564932060569274,0.16500344777542594,0.06633182577851364,0.43700102339061514,6.900612642197511,4.754453971850442,0.0,2.4034361275590643,2.68081433520364,0.16500344777542594,0.10564932060569274,2.6785615949191843,0.18335287820848928,0.0,0.0,0.0,26.776024607535245,330.95866661574877,355.70418625967983,355.7041862596799,0.0037422590950545753,0.0028329098876915437,0.04625530109056501,0.0,0.0,0.0,0.0,4.34006886629801e-06,0.022957549849204433
