detuning,cyc,freq,cyc.1,ROIsum,fBg,fA1,fWidth1,fCtr1,fA2,fWidth2,fCtr2,box1,box2,box3,box4,box5,box6,box7,box8,box9,Nfit,BZ-2,BZ-1,BZ0,BZ1,BZ2,Excited,c5,c7,c9,fraction95,fraction75,fraction97,sum95,transfer,transferLow,transferHigh,Delta,ScaledTransfer,ScaledTransferLow,ScaledTransferHigh,e_detuning,e_cyc,e_freq,e_cyc.1,e_ROIsum,e_fBg,e_fA1,e_fWidth1,e_fCtr1,e_fA2,e_fWidth2,e_fCtr2,e_box1,e_box2,e_box3,e_box4,e_box5,e_box6,e_box7,e_box8,e_box9,e_Nfit,e_BZ-2,e_BZ-1,e_BZ0,e_BZ1,e_BZ2,e_Excited,e_c5,e_c7,e_c9,e_fraction95,e_fraction75,e_fraction97,e_sum95,e_transfer,e_transferLow,e_transferHigh,e_Delta,e_ScaledTransfer,e_ScaledTransferLow,e_ScaledTransferHigh,em_detuning,em_cyc,em_freq,em_cyc.1,em_ROIsum,em_fBg,em_fA1,em_fWidth1,em_fCtr1,em_fA2,em_fWidth2,em_fCtr2,em_box1,em_box2,em_box3,em_box4,em_box5,em_box6,em_box7,em_box8,em_box9,em_Nfit,em_BZ-2,em_BZ-1,em_BZ0,em_BZ1,em_BZ2,em_Excited,em_c5,em_c7,em_c9,em_fraction95,em_fraction75,em_fraction97,em_sum95,em_transfer,em_transferLow,em_transferHigh,em_Delta,em_ScaledTransfer,em_ScaledTransferLow,em_ScaledTransferHigh,filter
-4.040000000000006,15.5,43.1827,15.5,9855.765,-0.2895165,30.376350000000002,8.69494,123.8135,-0.1420805,162.25334999999998,383.71299999999997,-5.781295,-2.895495,-10.925435,-4.6899750000000004,-6.600485,-574.925,6364.35,28.93925,6129.2,10747.85,-2.1611455,0.7246585000000001,-3.68511,-1.069824,-2.9803374999999996,0.5560095,6822.295,70.57095,6587.15,0.5581510000000001,0.982094,0.01950275,12223.75,0.020053037641723784,-0.023769792760995112,0.060235179265852215,-303.7593984962411,0.002222999248538338,-0.0026350237998686537,0.006677430154768866,-4.040000000000006,21.920310216782973,0.0,21.920310216782973,898.7822163627848,0.26478391238989574,1.7254112567732915,0.044392163722891495,0.07283199846220544,0.456238730250403,136.70587324561077,164.45465252768014,2.502104416296411,0.1276681293432313,1.7326449591448336,2.604380341127233,3.0538881219275202,48.740870427188646,425.26816034121345,12.040967823435123,442.1680124115717,2052.518853750192,2.8090163364958385,0.17924520506975916,1.1187984913289788,2.297469128034586,3.3607972136998234,0.2639551832423452,386.44092698626025,15.570420611049656,403.3478501244305,0.0011341992770232967,0.004849338305377365,0.0053578187917285875,717.2184081575147,0.05557404609581539,0.05799024342029925,0.053231879957342916,0.0,0.006160715644007181,0.006428565579394139,0.005901072508697696,-4.040000000000006,15.5,0.0,15.5,635.5349999999999,0.18723049999999997,1.2200499999999979,0.03139000000000003,0.05149999999999366,0.3226095,96.66565,116.28700000000002,1.7692550000000002,0.0902750000000001,1.2251650000000005,1.8415750000000004,2.1594249999999997,34.46499999999995,300.71000000000004,8.514249999999999,312.65999999999985,1451.3500000000004,1.9862745000000002,0.12674550000000004,0.7911099999999998,1.6245560000000001,2.3764424999999996,0.18664450000000002,273.2550000000001,11.009949999999998,285.21000000000004,0.0008020000000000527,0.0034290000000000154,0.003788549999999999,507.14999999999964,0.039296784852324844,0.04100529436515217,0.03764062329314544,0.0,0.004356283808839526,0.004545682314492023,0.004172688387173653,1
-4.037000000000006,16.5,43.1857,16.5,9868.384999999998,-0.06458375,30.46555,8.6711,123.9605,0.011399535,-5.6217500000000005,250.000000184692,-2.28869,-3.06412,-10.200695,-8.919295,-9.081615,-719.098,6500.5,34.89815,6276.610000000001,8613.55,2.23928,1.463845,-1.144775,-4.391325,-4.55365,1.119632,7073.29,86.96975,6849.395,0.5573475,0.978931,0.0228588,12689.75,-0.01604253797083322,-0.06143469865176146,0.02566085036624184,-303.53383458646664,-0.0017784113554750406,-0.006810404058330253,0.0028446588541937616,-4.037000000000006,21.920310216782973,0.0,21.920310216782973,245.9529517001174,0.08197948533703417,0.2744281417785001,0.11559781658837856,0.24253762594699332,0.02028344994221767,47.02846993518926,353.55339033207986,0.10056472642035079,0.10120112252341847,3.2412431346707082,0.5717877564708785,0.8491574624591133,31.521406091733898,227.87223130517697,3.2062342779341635,65.83164132846751,205.8387840034049,0.0979201470587129,0.09729082202345722,3.6382411659000837,0.7702726299499421,1.047649407005989,0.6755245639116315,202.76994057305453,0.9236935882639872,90.94100312840197,0.01034850774266509,0.0003719381669041427,0.000533724198439606,128.19845942912053,0.029160332763235854,0.03042813892372513,0.027931371606315817,0.0,0.003232597423790049,0.003373141325039001,0.003096359723690604,-4.037000000000006,15.5,0.0,15.5,173.91500000000042,0.05796825,0.19405000000000072,0.08174000000000126,0.17150000000000531,0.014342565,33.25415,249.999999815308,0.07111,0.07155999999999985,2.291905,0.4043150000000004,0.6004450000000001,22.288999999999987,161.1300000000001,2.267150000000001,46.549999999999955,145.55000000000064,0.06923999999999986,0.0687950000000001,2.5726250000000004,0.5446650000000002,0.7408000000000001,0.477668,143.3800000000001,0.6531500000000001,64.30500000000006,0.007317499999999977,0.0002630000000000132,0.00037739999999999996,90.64999999999964,0.020619469038540325,0.021515943371852378,0.019750462270667304,0.0,0.0022857915592081075,0.0023851711048356538,0.0021894569576145304,1
-4.034000000000006,40.5,43.1887,40.5,9818.73,-0.35607049999999996,30.645400000000002,8.700330000000001,123.74600000000001,-19.1765945,13335.8965,0.005146833,0.487443,-1.9778399999999998,-6.231965,-7.671835,-6.60189,-661.9605,6558.4,31.1831,5933.83,16967494.75,4.65563,2.1903499999999996,2.104415,-3.50365,-2.4337,5.094653,7085.67,79.1173,6461.110000000001,0.572098,0.9808,0.0220691,12383.75,-0.01782290501433393,-0.06329247085809103,0.023955516826620813,-303.30827067669213,-0.001975775698500544,-0.007016349226958134,0.002655612424180733,-4.034000000000006,21.920310216782973,0.0,21.920310216782973,684.4369377817078,0.060237719582500786,0.8697413408594524,0.11371691255041945,0.01555634918610296,27.860156378280802,19039.279297263973,0.006331783429494253,0.005176021638285523,4.304314540574375,0.17966876203168966,3.4346509814608526,0.4990335397545944,87.7371023028456,328.083404334935,0.9438461315278045,153.65430355183625,23980685.38042554,0.547286506502764,4.8567770687154255,0.9252421521147856,2.882195524387615,1.0514960678956438,6.420567756940035,258.19297008245553,5.409366876077092,83.76386929935812,0.005748778131046611,0.0019714137059481033,0.0017547561881925368,326.8954649425404,0.037130715250271715,0.038745050378745184,0.0355658426151839,0.0,0.004116162028604742,0.004295120740077898,0.003942686530577433,-4.034000000000006,15.5,0.0,15.5,483.9700000000007,0.042594499999999993,0.6149999999999993,0.0804099999999992,0.010999999999999233,19.7001055,13462.8035,0.004477247,0.0036599999999999966,3.0436099999999997,0.12704499999999985,2.4286649999999996,0.35287000000000024,62.039499999999975,231.99000000000046,0.6674000000000007,108.64999999999964,16956905.25,0.38698999999999995,3.43426,0.654245,2.03802,0.7435200000000002,4.540026999999999,182.5699999999997,3.825000000000003,59.22999999999979,0.004064999999999985,0.0013940000000000063,0.0012408000000000002,231.14999999999964,0.026255380543773882,0.027396887860225132,0.025148848491810028,0.0,0.002910566082888989,0.0030371090013240638,0.0027879003818641647,1
-4.031000000000006,26.5,43.1917,26.5,9973.720000000001,-0.056989899999999996,29.487099999999998,8.819745000000001,123.7855,0.0036162999999999994,2.5017499999999977,249.98650000027595,-4.021305,-0.9106565,-13.261949999999999,-7.26613,-6.70751,-648.8215,6320.905000000001,37.61585,6178.594999999999,8544.375,0.0641525,3.174795,-5.09102,-3.180675,-2.6220499999999998,0.19882575,6837.71,84.5986,6695.41,0.554504,0.9786395,0.02284735,12327.95,0.017836207433681535,-0.02608300427638849,0.058111777285782915,-303.08270676691774,0.0019772503513058592,-0.0028914571419040944,0.006442038335814843,-4.031000000000006,21.920310216782973,0.0,21.920310216782973,775.3850119779196,0.060954160173199004,2.469075458547189,0.09987883284260132,0.12232947314527401,0.07716048191256973,65.75534450677755,353.53429870979147,0.03339665327544071,0.1994939148558171,0.9017732780472044,0.9231986135171556,1.8740875285855787,55.79426056952451,477.7849809799377,14.37456162270697,319.33649345165685,614.4970060545448,0.3179173301418153,0.15182289698856374,1.6044111443766522,1.2745104756140686,2.225406461750302,0.3738038681462847,433.3433197823639,18.41475763837255,274.89483225408236,0.005521089747504589,0.005839994905819708,0.005754788538686717,658.811388031505,0.06231907633777881,0.06502852789097398,0.05969264114665427,0.0,0.006908442618201606,0.007208801540092412,0.00661728655693454,-4.031000000000006,15.5,0.0,15.5,548.2799999999993,0.043101099999999996,1.7459000000000016,0.07062500000000105,0.08650000000000091,0.0545607,46.49605,249.98649999972406,0.023615000000000053,0.1410635,0.6376500000000003,0.6527999999999994,1.3251800000000005,39.452499999999986,337.8449999999996,10.164350000000002,225.80500000000006,434.51499999999965,0.2248015,0.10735500000000009,1.1344899999999998,0.9012149999999998,1.5735999999999999,0.26431925,306.4200000000001,13.021200000000004,194.3800000000001,0.0039040000000000186,0.004129500000000008,0.00406925,465.849999999999,0.044066241475725514,0.045982113042286235,0.042209071341734364,0.0,0.0048850066227685025,0.0050973924532273715,0.004679128197462994,1
-4.028000000000006,27.5,43.1947,27.5,10196.805,-0.34048500000000004,30.769,8.847380000000001,123.7335,0.0633389,400.7675,14.70148459,-4.0374099999999995,-2.420945,-7.404870000000001,-8.234585,-4.99557,-634.8979999999999,6688.025,39.23495,6148.63,11058.105,-0.03961999999999999,1.576835,0.590695,-4.236800000000001,-0.997789,0.596038,7193.745000000001,85.20949999999999,6654.35,0.5685335,0.9796395,0.023059299999999998,12650.3,-0.033365164160241656,-0.07951046206964739,0.009068285623507595,-302.8571428571433,-0.003698728151851197,-0.008814210624329551,0.0010052737389094895,-4.028000000000006,21.920310216782973,0.0,21.920310216782973,670.3301574970344,0.16857142820774818,1.2811360661537892,0.16409119964214874,0.4249711754931144,0.19460865552595544,272.66815300012576,20.789526845340443,1.8878054001405968,0.32483778420928805,2.387036929793924,2.142554760198674,3.0399510472703337,47.72687930296716,378.7617473425749,2.5960011257701736,149.73693198406346,2923.45520506985,1.5872850181363143,0.02431740220500547,1.785989094717546,1.842041449262204,2.7394320794796134,0.46263026844554817,340.73354465036124,6.051985518819421,111.72287142747452,0.0075045242687328175,0.002358201115257198,0.0019772119815538243,432.32508601745553,0.049000870235111064,0.05113128505780239,0.046935730352683044,0.0,0.0054320397565968395,0.0056682089911303584,0.005203106639889769,-4.028000000000006,15.5,0.0,15.5,473.99499999999944,0.11919799999999998,0.9059000000000017,0.11602999999999897,0.30049999999999955,0.13760909999999998,192.8055,14.70041541,1.3348799999999996,0.22969499999999998,1.6878900000000001,1.5150149999999993,2.1495699999999998,33.74799999999996,267.8250000000005,1.8356500000000011,105.88000000000011,2067.1949999999997,1.12238,0.01719500000000007,1.2628849999999998,1.3025200000000001,1.937071,0.32712899999999995,240.93499999999972,4.279399999999999,79.0,0.005306499999999992,0.001667500000000044,0.0013981000000000002,305.7000000000003,0.03464884762728909,0.036155278395154464,0.03318857321232545,0.0,0.003841032147564548,0.0040080290148108355,0.003679151988302807,1
-4.025000000000006,30.5,43.1977,30.5,10124.57,-0.317776,30.13525,8.967425,123.8665,0.06557400000000001,392.47929999999997,187.65050000000022,-3.592365,-4.463115,-9.992735,-5.22912,-5.5667100000000005,-625.903,6586.675,32.641850000000005,6119.72,10786.915,0.3487785,-0.52197,-2.1104700000000003,-1.2879800000000001,-1.6255675,0.45719875,7085.23,77.96494999999999,6618.275,0.566269,0.9811035,0.02124515,12512.2,-0.017759628641220812,-0.06322644341295491,0.02401612641930525,-302.63157894736884,-0.0019687611338049674,-0.007009029689462473,0.0026623313603039754,-4.025000000000006,21.920310216782973,0.0,21.920310216782973,291.6532629682028,0.2002257703743452,0.5251682063872483,0.0298469772338847,0.24678026663411276,0.11725810331060281,603.7429018621916,265.37788208609214,0.2672085815425843,1.3515144040852838,1.9664144610051046,0.10779135772407755,1.7824040633369305,42.009213870292804,95.1553595442735,0.14248201640908886,112.5431152936508,2662.9429247451026,0.002684884448165337,1.6160359798593595,1.4373925226603905,0.37230586243034086,2.0469221035771,0.5476149576026252,61.68799559071522,2.8994913562554308,79.07575134009156,0.0007962022356160245,0.0008506494577674627,0.0010215571667802053,126.572113832392,0.008871346876359024,0.009257047146414425,0.008497464286982176,0.0,0.0009834419000259657,0.0010261990835416534,0.0009419947771473369,-4.025000000000006,15.5,0.0,15.5,206.22999999999956,0.141581,0.3713499999999996,0.021105000000000373,0.17450000000000543,0.082914,426.9107,187.65049999999974,0.18894499999999992,0.9556649999999999,1.3904649999999994,0.07622000000000018,1.26035,29.705000000000013,67.28499999999985,0.10074999999999967,79.57999999999993,1882.9850000000001,0.0018985000000000113,1.1427100000000001,1.0163900000000003,0.2632599999999999,1.4473925,0.38722225,43.62000000000057,2.050249999999995,55.914999999999964,0.0005629999999999802,0.0006015000000000326,0.0007223500000000001,89.5,0.006272989534531562,0.006545720810993218,0.006008614620215608,0.0,0.000695398436411343,0.0007256323308197235,0.0006660908947631925,1
-4.022000000000006,38.5,43.2007,38.5,9791.795,-0.09475990000000001,30.78225,8.547035000000001,123.9005,-0.035665,70.99625,0.11014855,-3.4821549999999997,-3.59355,-9.104695,-5.436025,-4.877365,-690.5885000000001,6654.895,27.87245,6047.445,8642.685000000001,0.8662995,0.7549035,-0.40779055,-1.08757,-0.528914425,1.404236,7204.975,77.87960000000001,6597.525,0.5710664999999999,0.981437,0.021280300000000002,12614.9,-0.03498014977401483,-0.08119566254437115,0.007521363519311855,-302.4060150375944,-0.0038777589735132555,-0.009001025183593768,0.000833788164673123,-4.022000000000006,21.920310216782973,0.0,21.920310216782973,67.98831701108757,0.08300882067840742,0.8114050314115638,0.13046827219673016,0.11808683245815456,0.02508249174224921,6.640510492800982,0.1540410202504677,0.19306136446736283,1.6411382705914819,0.9467947668053514,1.0673706151332814,0.9558457336045395,33.82021023737147,221.55776774918183,0.6182234587913972,0.4596194077713202,44.76693031692061,0.019901520356495443,1.854099741201778,0.5208767046215496,1.280329964423234,0.742894268555197,0.6037617109025712,248.49853611238828,3.067287795431012,27.400387770978718,0.007432399377051796,8.909545442955484e-05,0.0007338354175154017,270.9633185506855,0.03573655929342987,0.03729028058991734,0.034230443310111394,0.0,0.0039616114961728765,0.004133850801570837,0.003794649524677731,-4.022000000000006,15.5,0.0,15.5,48.07500000000073,0.0586961,0.5737500000000004,0.0922550000000002,0.0835000000000008,0.017735999999999995,4.695549999999997,0.10892344999999999,0.13651499999999983,1.16046,0.6694849999999999,0.7547449999999998,0.6758850000000001,23.91450000000006,156.66500000000065,0.43714999999999904,0.3250000000000455,31.6550000000002,0.014072500000000043,1.3110465,0.36831545,0.90533,0.525305575,0.426924,175.71499999999992,2.1689000000000043,19.375,0.005255499999999996,6.300000000003525e-05,0.0005189000000000018,191.60000000000036,0.025269563412659398,0.02636821027747964,0.024204578587601455,0.0,0.0028012823533704254,0.002923073934204184,0.002683222411125933,1
-4.0190000000000055,24.5,43.2037,24.5,10143.785,-0.0636792,30.21555,8.6874,123.6695,0.01155285,129.27645,495.509,-4.433085,-4.845945,-7.48499,-7.05551,-5.19378,-604.0455,6474.08,32.76865,6163.665,8608.17,-0.629575,-1.04243,0.122035,-3.252,-1.390266,1.033542,6955.225,76.50905,6644.8099999999995,0.5606424999999999,0.9811215,0.0207626,12403.95,0.0009363824646198629,-0.04371758431086489,0.04192419482144016,-302.18045112781994,0.000103803600850145,-0.004846355889182385,0.00464754793008133,-4.0190000000000055,21.920310216782973,0.0,21.920310216782973,383.9801953877301,0.055408604531065386,0.2543463091928,0.19492105530188322,0.12374368670765386,0.0011464322243377489,221.41570999684055,6.35123310861757,3.6850516348146325,3.5615059380057197,0.788565482379238,2.0949876870282553,2.256236317410036,8.285170155162806,259.437478017344,4.115573598540065,82.97898077224161,189.0379268824117,3.6328812964986894,3.613683347389475,0.8929104016518119,2.0428173487123122,2.3084123125802285,0.15037049966000643,266.0347842858148,4.7156244130549725,89.57628704071173,0.006103038628421092,0.0004334564568673357,0.0009794843132996066,339.48196564766107,0.0382584460716705,0.03992181164483579,0.03664604526239435,0.0,0.004241177740105073,0.004425571769840367,0.004062433459492664,-4.0190000000000055,15.5,0.0,15.5,271.5149999999994,0.0391798,0.17984999999999918,0.13782999999999967,0.08750000000000568,0.0008106499999999996,156.56455,4.491,2.6057249999999996,2.518365,0.5576000000000001,1.4813799999999997,1.5954000000000002,5.858500000000021,183.44999999999982,2.9101500000000016,58.67500000000018,133.67000000000007,2.568835,2.55526,0.631383,1.44449,1.632294,0.10632799999999998,188.115,3.334450000000004,63.33999999999992,0.0043155,0.00030649999999998734,0.0006926000000000007,240.04999999999973,0.02705280665493804,0.028228983731315466,0.025912667108708203,0.0,0.002998965540245734,0.0031293518090818742,0.0028725742473263887,1
-4.016000000000005,25.5,43.2067,25.5,9883.4,-0.06951605,29.897199999999998,8.72885,123.7725,0.06098875,-90.347625,250.0000000035027,-3.7689649999999997,-3.249435,-10.67822,-3.9313599999999997,-5.27147,-628.7625,6535.344999999999,32.00675,6012.505,8857.21,0.19018499999999994,0.70971,-2.759935,0.027789050000000003,-1.312319,8.798093999999999,7036.18,77.53705,6513.344999999999,0.5683849999999999,0.9810315000000001,0.02147525,12377.099999999999,-0.010705751138497999,-0.05586588390403212,0.030772718512876357,-301.9548872180455,-0.0011867965921732407,-0.006193067611821324,0.0034113400349517087,-4.016000000000005,21.920310216782973,0.0,21.920310216782973,1058.5388514362617,0.07206542400073006,0.9520485701895682,0.20923289655309912,0.09263098833543788,0.09061184492175955,121.19721841189777,353.5533905883202,1.0924021951872855,1.6606190624131716,2.563940904311173,0.9350072967629716,0.3279844093855678,136.65899206601813,408.09253662619255,3.0434582969050203,222.19416385224852,32.30063776459977,1.9529087214844425,2.521118517642517,0.8429632070559187,0.07450649803074226,1.1884923498962876,11.49897896093701,299.2334476625234,6.852359684444476,113.342145956392,0.006167385345509112,0.002431740220500555,0.0022213759530975417,392.1614208460602,0.04303274382321854,0.04490368192823964,0.041219130409962085,0.0,0.004770437222065396,0.004977841909366731,0.004569387319958815,-4.016000000000005,15.5,0.0,15.5,748.5,0.05095795,0.6732000000000005,0.1479499999999998,0.06550000000000011,0.06407225000000001,85.699375,249.9999999964973,0.7724450000000002,1.1742350000000001,1.8129799999999996,0.6611499999999998,0.23191999999999968,96.63250000000002,288.5650000000003,2.152050000000001,157.11499999999978,22.83999999999878,1.380915,1.7827000000000002,0.5960649999999998,0.05268405,0.8403909999999999,8.131006,211.59000000000015,4.84535,80.14500000000021,0.0043610000000000315,0.0017195000000000127,0.0015707500000000018,277.30000000000064,0.030428744970461347,0.03175169799170208,0.029146326627496826,0.0,0.003373208508947158,0.0035198657697878073,0.003231044759810703,1
-4.013000000000005,43.5,43.2097,43.5,10214.285,-0.24637085,30.9515,8.75436,123.7265,-2.28375774,7.596350000000001,446.118,-3.735825,-3.1503545,-5.811485,-4.8594,-6.817075,-653.038,6574.38,30.412200000000002,6245.245,10809.95,0.37617999999999996,0.96165,2.412525,-0.7473949999999999,-2.705065,0.8782745,7094.545,77.7003,6765.415000000001,0.5611215,0.98116,0.020737949999999998,12642.150000000001,-0.019099218222013138,-0.06462427443896138,0.022732993792360996,-301.7293233082711,-0.0021172626568487923,-0.007163987625308088,0.0025200884285130733,-4.013000000000005,21.920310216782973,0.0,21.920310216782973,426.40660225892293,0.31773440161752237,1.7830404594399978,0.00714177848998507,0.09828784258493718,3.220181619781812,27.134020646505743,76.20065516778712,2.846719977175486,3.4434339547899713,1.0936467031221735,3.4989340589385223,1.4133438210322358,17.223706976141887,295.6413452140958,3.181556251270753,185.69331180739965,3310.8860815497715,2.7382710101449055,3.5518822147137707,0.8767487690610122,3.390485091907941,1.3048877829338428,0.9987395380580966,281.916402591265,4.428751191927578,171.9754402523799,0.003527755731339661,0.001786151729277239,0.001672661090896779,422.92056582767367,0.04054238062970606,0.0423050450115078,0.038833723482082784,0.0,0.004494365556182366,0.004689767453200584,0.004304950684329082,-4.013000000000005,15.5,0.0,15.5,301.5149999999994,0.22467215,1.2607999999999997,0.005050000000000665,0.069500000000005,2.27701226,19.18665,53.882000000000005,2.012935,2.4348755,0.7733249999999998,2.47412,0.9993850000000002,12.178999999999974,209.05000000000018,2.2497000000000007,131.3050000000003,2341.15,1.93625,2.5115600000000002,0.619955,2.3974349999999998,0.9226949999999998,0.7062155,199.34500000000025,3.1315999999999953,121.60499999999979,0.002494499999999983,0.0012630000000000141,0.0011827500000000006,299.0499999999997,0.028667792268711283,0.029914184206039293,0.027459589212904006,0.0,0.0031779963619078004,0.0033161663683460973,0.0030440598215627623,1
-4.010000000000005,70.8,43.2127,70.8,9789.508,-0.16439018,29.74432,8.703486,123.72560000000001,0.08022644,115.56463999999998,186.24071600001446,-4.5240995999999996,-1.506884,-6.1435358,-6.818765999999999,-5.585886,-605.3002,6355.5199999999995,39.079679999999996,5975.932,9071.08,-0.7126868,2.3045280000000004,1.4792928,-3.0073502000000003,-1.7744708,0.9045866,6837.660000000001,82.91092,6458.074,0.5636852,0.9792272000000001,0.02306624,12133.3,0.017843397930626205,-0.026075501157623027,0.05811866473949705,-301.5037593984966,0.0019780474609303565,-0.0028906253762795877,0.006442801851283393,-4.010000000000005,42.798364454731214,0.0,42.798364454731214,388.1079815850224,0.2099910386843496,0.75374977081257,0.1471170703215642,0.07732593355401012,0.08908561526651203,182.65745180534793,254.02736230157518,2.6542310001544327,2.4031491634894406,3.6797934354951503,2.1363433770066083,1.8114479770145213,37.39816075290337,169.66060400104712,6.736478970278166,286.3152126939814,995.5781104714988,2.5562627921188383,2.331894624220829,3.4243451653417183,2.2612086175152437,1.825679928430282,0.6680578454814373,176.26076846536242,9.167306368121444,308.59236644803764,0.008914199779004308,0.002187612899943641,0.0017834779037038835,391.3567490155237,0.02534805034231314,0.026450109589760858,0.02427975768847788,0.0,0.002809983099300175,0.00293215296317275,0.0026915564644369562,-4.010000000000005,19.14001044931794,0.0,19.14001044931794,173.56716588686933,0.09391084743279873,0.3370871451123587,0.06579275397792689,0.034581208770079704,0.03984029831066279,81.68689576672993,113.60449005025791,1.1870081888665132,1.0747209779268292,1.6456536529849288,0.9554018028536474,0.8101041628617892,16.72496593539133,75.87452873000284,3.012644981307953,128.04405571521062,445.2360663850133,1.1431954743062274,1.04285497922482,1.5314137136253678,1.0112432360144814,0.8164688850254124,0.2987645510797089,78.82621201098033,4.099744041937252,138.00670174306748,0.003986551334173447,0.0009783302305458855,0.0007975955658101415,175.02005885040697,0.011335992732499798,0.011828848611004871,0.010858237733731941,0.0,0.0012566626451321467,0.0013112986692163412,0.001203700643952006,1
-4.008000000000003,86.0,43.2147,86.0,9920.386666666667,-0.36371133333333333,29.665900000000004,8.829649999999999,123.96300000000001,0.501487,101.18633333333334,420.23499999999996,-2.7748283333333332,-0.08245200000000004,-8.297116666666668,-7.233923333333333,-6.5771533333333325,-558.8043333333334,6457.82,34.98826666666667,5894.360000000001,10705.536666666667,0.7438126333333335,3.43619,-1.2598496666666665,-3.71528,-3.05851,-3.8783773333333333,6902.926666666666,75.45266666666667,6339.473333333332,0.5705490000000001,0.981246,0.021357733333333333,12101.300000000001,0.008457402585514836,-0.03586957218614561,0.04912824182463987,-301.3533834586468,0.0009375536977533713,-0.003976356771469112,0.005446159659669207,-4.008000000000003,21.0,0.0,21.0,577.5641602742785,0.17273834745456298,0.14147886767994877,0.09375724665325846,0.08577295611089127,0.802933149818215,176.8171962065153,116.31182557676581,1.6005590582225742,1.5541074586922874,3.289445519298554,2.109319026850451,1.5993638706790063,104.2559785064306,217.8038932158928,15.545092229167807,259.6194201133649,3231.0525040972852,1.1608099873220439,2.0561428976848863,4.0358668344198785,1.5093279166569467,0.9886646596293405,8.338542170708338,139.60301584612444,15.043853455924564,303.47523462934066,0.01388522999449408,0.0036014106958246798,0.0034312650820554997,254.05426585672646,0.020076301178170036,0.0209491601582161,0.019230186199890177,0.0,0.0022255781507955585,0.0023223397931656444,0.0021317812410954736,-4.008000000000003,12.12435565298214,0.0,12.12435565298214,333.4568234086349,0.09973053140226305,0.08168286233966186,0.054130771593736915,0.04952103929981303,0.4635736701888205,102.08545582718648,67.15266380668254,0.9240832031186972,0.8972643596255974,1.8991622560516286,1.2178159079589075,0.9233931612686861,60.19221725531554,125.74913637874421,8.974963183087594,149.8913420893058,1865.449033006382,0.670193958658388,1.1871146554707064,2.3301088032657997,0.8714108789773052,0.5708058073752694,4.814259566907506,80.59983877844354,8.68557284242733,175.21150840563467,0.008016641275081022,0.002079275434696776,0.001981041818785706,146.67829878115379,0.011591057889548471,0.01209500325664265,0.011102553179073221,0.0,0.0012849381444643652,0.0013408035047339645,0.0012307844733998661,1
-4.007000000000005,20.5,43.2157,20.5,9655.8,-0.14374230000000002,29.4386,8.688565,123.749,0.11047615,341.487,250.002425665,-5.7313600000000005,-1.225861,-9.82922,-3.71119,-6.57117,-629.546,6219.5,21.8352,6060.0599999999995,11057.585,-1.7672750000000002,2.73822,-1.901045,0.2529,-2.607088,0.3710175,6720.96,67.4222,6561.52,0.555426,0.9828025,0.018507500000000003,12101.4,0.03462601779948975,-0.008563221959023705,0.07419398170829936,-301.2781954887222,0.0038385013245067685,-0.0009492844086807555,0.008224846954879541,-4.007000000000005,21.920310216782973,0.0,21.920310216782973,507.2784048232283,0.17629260999423657,0.7093695228863443,0.2094379575196449,0.03959797974643979,0.19639445370184208,465.964984025624,353.54996018493296,0.7113069954667952,1.0973151731029696,1.0118415196067019,1.6388472446204374,2.5763294151175624,45.237863433190604,192.0643439058906,10.826794769459703,242.0002247932842,4244.641799310042,0.9961649622677962,1.3821674830497208,0.4421467992081364,1.3539963488872486,2.291481347811498,0.1927269029598618,228.09850547515643,14.102537643984503,278.03438636255066,0.0020845507909379073,0.0029733840148894425,0.003044094693008088,456.08387386532314,0.032802832134065464,0.03422900353611118,0.03142035797449208,0.0,0.003636390280953386,0.0037944899171121482,0.003483134745669249,-4.007000000000005,15.5,0.0,15.5,358.69999999999936,0.12465770000000001,0.5015999999999998,0.14809500000000098,0.02799999999999514,0.13887185,329.487,249.997574335,0.5029699999999997,0.775919,0.7154799999999999,1.1588399999999999,1.8217400000000001,31.988000000000028,135.8100000000004,7.6556999999999995,171.12000000000012,3001.4149999999995,0.7043949999999999,0.9773400000000001,0.31264500000000006,0.95742,1.620322,0.13627849999999997,161.28999999999996,9.972,196.60000000000014,0.0014739999999999753,0.002102500000000007,0.0021525000000000008,322.5,0.02319510504412168,0.024203560513642527,0.02221754819107216,0.0,0.002571316226702994,0.0026831095515339807,0.0024629481984492067,1
-4.006,94.0,43.2167,94.0,9800.103333333334,-0.17346686666666666,29.968766666666667,8.623489999999999,123.92266666666667,-0.32038874666666667,-445.7955,420.14733333333334,-1.454502,-1.7036299999999998,-6.959836666666667,-6.2187866666666665,-4.403096666666666,-653.518,6442.209999999999,32.85,5862.709999999999,21128.793333333335,2.6605256666666666,2.4113966666666666,1.2702172833333334,-2.103756666666667,-0.2880673333333334,3.6882749999999995,6962.759999999999,80.17283333333333,6383.263333333333,0.570842,0.9802116666666666,0.022633266666666665,12197.066666666666,-0.00014722542494219337,-0.04484830430882078,0.04088625554671925,-301.203007518797,-1.632081956158433e-05,-0.004971702968795562,0.004532486148970811,-4.006,21.0,0.0,21.0,215.17864260500642,0.2709869392881571,0.8367659190797209,0.181862289658962,0.17904841058589407,0.5304977943472947,700.7303634641431,128.36372045610602,2.825546428272592,1.0323520670294608,1.9990982795333831,3.6880090143779922,1.6944579595060285,22.768791162466233,181.88472530699244,7.789218558366431,150.64916428576683,22397.67470717515,2.940894139785778,0.9149102309152157,1.7235511196351971,3.8313675695022185,1.7149312486573136,4.771464794517402,164.0823509704806,9.422429195453438,143.33800659048322,0.007405470680517172,0.0027106564395608978,0.002832151170635729,216.17514504061984,0.023596672866555545,0.024622587332970212,0.022602191952328567,0.0,0.0026158324233738805,0.002729561182510063,0.002505588261640873,-4.006,12.12435565298214,0.0,12.12435565298214,124.23344723185873,0.15645438234489026,0.48310702862938143,0.1049982418900434,0.1033736480497406,0.3062830443709133,404.5668639753673,74.11082855951469,1.6313299909709666,0.5960287437979258,1.1541799298251165,2.1292729972249003,0.9782957590513095,13.145567706772253,105.01119511747322,4.497107431449687,86.97733555357964,12931.303521409243,1.6979260232635118,0.5282236681032425,0.9950927028834619,2.212041097616508,0.9901160180540011,2.7548064835434447,94.73298950207364,5.440042032415231,82.75623669011983,0.004275550490872471,0.001564998225061077,0.0016351432407522516,124.80877818130826,0.013623545431485381,0.01421585742483542,0.013049381607952493,0.0,0.001510251553789861,0.0015759128834917382,0.0014466020573367245,1
-4.004000000000005,69.2,43.2187,69.2,9895.85,-0.099096308,29.83922,8.694368,123.60979999999999,0.12065282,32.83627,233.4639585982,-5.270664,-2.3254926,-8.433318,-4.95391,-6.658806,-615.2664,6367.146,32.50956,6063.298000000001,8904.972,-1.39649598,1.5486739999999999,-0.6849856000000001,-1.0797446000000002,-2.7846368000000004,0.6206271999999999,6857.228,77.0625,6553.382,0.5606502,0.9806817999999999,0.02117844,12231.0,0.015029325046359546,-0.02901192171767606,0.055423190853931326,-301.05263157894774,0.0016660906382871433,-0.0032161451710865595,0.006143992437511592,-4.004000000000005,35.095583767762,0.0,35.095583767762,322.879838252561,0.10290920970801554,0.9555030910468059,0.0856227526420404,0.17144736801712568,0.15282525247066336,82.9208759857673,246.26526852283038,2.3529733600978147,2.748398560739108,4.178333828892804,1.488027762056206,2.5548493401040306,35.84428144488329,209.8380087829654,7.894394087768863,215.1395466203272,837.897342769387,2.2350709957358856,2.671955169867189,3.9792305782241746,1.3821660006235865,2.4064040319076097,0.352180256430851,208.86855548406498,9.309209856641964,225.6921313869847,0.009761697762172308,0.0025734783270895964,0.002179271725370656,312.20237827409295,0.030037374200922878,0.031343311563368316,0.028771450164714798,0.0,0.0033298227166234217,0.003474593689840664,0.003189487460116354,-4.004000000000005,15.695222202950807,0.0,15.695222202950807,144.39625337937267,0.0460223976835808,0.4273139728583657,0.03829165906565041,0.07667359388994327,0.06834553064059419,37.08334309160111,110.1331761828576,1.052281676484961,1.229121202215046,1.8686076948182568,0.6654662456729118,1.1425633593486184,16.030049983078683,93.84241038038171,3.5304803642847236,96.21333017830734,374.7190833197583,0.9995541362007164,1.1949346785310064,1.77956601421101,0.6181234267166712,1.0761765993349977,0.15749979874253806,93.40885768491115,4.1632052112525,100.93258955362234,0.004365563954404971,0.0011508944955989553,0.000974599943874408,139.62114811159506,0.013433122115772396,0.014017155059129352,0.012866983675909962,0.0,0.0014891419894785978,0.001553885536935109,0.0014263821548406632,1
-4.0020000000000024,102.0,43.2207,102.0,9548.68,-0.19144003333333334,28.687533333333334,8.72798,123.515,0.035001229999999994,180.23833333333332,332.0613461552,-3.4052166666666666,-1.2544633333333333,-8.686706666666668,-4.908006666666667,-5.538476666666667,-579.5813333333333,6171.43,35.607166666666664,5716.816666666667,11146.273333333333,0.24425333333333335,2.3950033333333334,-1.387759,-1.2585393333333332,-1.8890074666666667,1.2675123333333334,6633.086666666667,77.57606666666668,6178.473333333332,0.5666876666666667,0.9799963333333332,0.022548533333333332,11699.466666666667,0.04726307649651862,0.00462325916732519,0.08629845202910957,-300.9022556390979,0.00523939491923974,0.000512515950869098,0.009566699940340883,-4.0020000000000024,21.0,0.0,21.0,788.3209420661104,0.17467887121149864,1.5856525165790054,0.20715328696402582,0.1584266391741014,0.2781881970728426,527.4992615163867,287.5798576263564,1.1358748403470047,0.9802999520724935,2.4166260748476036,2.104210163323363,2.0778281835929873,33.42679069748293,501.9347484484411,7.900892009345105,326.2010760762961,4518.761958040424,1.00332263506478,0.8960013380198343,2.0192654945650412,1.973750141092163,2.2803892768549963,1.6847595827732613,526.3348214144049,9.910381324819618,352.31364610717685,0.006754136609022176,0.0010288276499654143,0.0017415690234192076,811.0183557314438,0.07569217850509112,0.07898305350945987,0.072502134412635,0.0,0.008390931037148502,0.008755744228668372,0.008037295555730012,-4.0020000000000024,12.12435565298214,0.0,12.12435565298214,455.1373081096882,0.10085089331569871,0.9154769072880964,0.1196000059921961,0.09146766277397515,0.16061203046538233,304.55184063381466,166.0343082140911,0.6557976448400664,0.5659764412156314,1.3952397148439328,1.21486630422629,1.1996346611272024,19.298966607337046,289.79216213233457,4.561582128433559,188.33227908259514,2608.9084328784793,0.5792685934386953,0.5173066137000162,1.1658234768524491,1.1395451752726222,1.316583362849368,0.972696398633944,303.8795508274803,5.721761325656446,203.4083784191571,0.003899502589362459,0.000593993920657262,0.0010054953444833933,468.2416659992767,0.043700899635463565,0.04560088720510527,0.04185912681995725,0.0,0.004844506293049273,0.005055131287377197,0.004640334752657305,1
-4.001000000000005,22.5,43.2217,22.5,9036.744999999999,-0.1227434,28.0937,0.13935999999999993,123.99000000000001,0.21016174999999998,148.4521,250.000000369137,-3.143305,-1.39937245,-11.163,-4.691599999999999,-4.7611349999999995,-705.566,5985.01,33.3963,5695.37,9874.68,1.299465,3.0433950000000003,-2.2775,-0.24882999999999988,-0.31837400000000005,2.86268,6547.02,84.4881,6257.379999999999,0.560441,0.9777945,0.02428395,11678.099999999999,0.05964031857061335,0.017538627602281916,0.09815405568904889,-300.82706766917323,0.006611486286207549,0.001944261845853443,0.010880964566871949,-4.001000000000005,21.920310216782973,0.0,21.920310216782973,581.2488452031547,0.10985271541259232,1.9777776669787752,12.131703765596981,0.11455129855222002,0.2627117359676286,235.23165726241015,353.55339007123524,0.5842752622266321,1.921417791694978,0.7015913482932927,3.659277592640383,1.0212531108642955,75.35636967105044,412.5260961442316,9.382034194139347,131.46529275820296,2486.781412348098,0.10977832777921134,2.395911119897815,0.24738837846592573,3.1847806581929627,1.4957514595252783,1.215106434926587,352.506872557117,14.838777224555932,71.44606917108906,0.010456695080186682,0.00496176828358604,0.00442938758803065,411.1118825818591,0.05069399180195394,0.05289801860878583,0.04855749537306646,0.0,0.005619732416333562,0.005864061979908075,0.005382888999352203,-4.001000000000005,15.5,0.0,15.5,411.00500000000056,0.0776776,1.3985000000000012,8.57841,0.08099999999999952,0.18576525,166.3339,249.99999963086302,0.41314499999999976,1.3586475500000001,0.4961000000000002,2.5874999999999995,0.7221350000000004,53.28500000000005,291.6999999999998,6.634099999999998,92.96000000000004,1758.42,0.07762499999999989,1.6941650000000004,0.17493000000000014,2.25198,1.057656,0.85921,249.25999999999954,10.492599999999996,50.52000000000021,0.007394000000000012,0.0035085000000000255,0.003132049999999998,290.7000000000003,0.03584606536857688,0.03740454766960464,0.034335334255729696,0.0,0.003973750900043324,0.004146517991291212,0.003806277313816412,1
-4.0,92.0,43.2227,92.0,9201.403333333334,-0.11289066666666668,27.8389,8.766003333333332,123.76799999999999,-0.31669396666666666,574.8623666666666,166.66899416028684,-3.569186666666667,-2.43829,-7.01686,-4.84324,-4.856269999999999,-660.5203333333334,6061.516666666666,31.38586666666667,5676.53,24299.043333333335,0.5899333333333333,1.7208290000000002,1.301383,-0.684122,-0.6971506666666666,0.350204,6587.6466666666665,79.21573333333333,6202.66,0.5644196666666667,0.9793686666666667,0.023046133333333333,11673.833333333334,0.0537978001198362,0.011442093501381376,0.09255776996451985,-300.7518796992481,0.005963808145982778,0.0012684245504208664,0.010260582798159298,-4.0,21.0,0.0,21.0,538.6596538012976,0.08778618382372783,1.4241212167508774,0.037859110308265165,0.24264995363692005,0.5481307074177685,877.1944082628452,288.6731189473224,2.505140922110637,1.115494613120117,1.0583276160527986,1.941535724085447,1.5118391567557712,76.47484936456779,242.79735054842206,3.5598189565388476,332.8724176016987,28609.216695160205,2.03443572290533,1.5361874192731173,1.9933239401158558,1.54401851960493,1.3204807850780464,1.0146493330170774,278.30403416647283,5.138126073125623,349.91649689604515,0.005316904864047618,0.0015213238752261836,0.0021565250435210195,556.803505137435,0.04002288614727613,0.041762964425191056,0.03833612307559926,0.0,0.004436776483409735,0.004629674575624668,0.0042497887009204606,-4.0,12.12435565298214,0.0,12.12435565298214,310.9952961237698,0.05068337686175923,0.8222167678497765,0.02185796752775663,0.140094016051126,0.3164634114787487,506.4484277421882,166.66550293204543,1.4463437857385237,0.6440311151644771,0.6110257340188981,1.1209461729420078,0.8728607441243613,44.152774866869294,140.17911569765943,2.0552624328240365,192.1839799081423,16517.53896025508,1.1745820122683832,0.8869182200430509,1.1508461134080148,0.8914395079276738,0.7623799367245385,0.5858080655504839,160.6789090425719,2.966498471449313,202.0243836768225,0.003069716454513523,0.0008783367488864418,0.00124507031439103,321.47065357682527,0.02310722409087562,0.02411185875304082,0.022133370977383857,0.0,0.002561574097030812,0.0026729438624972686,0.002453616650475458,1
-3.9980000000000047,62.0,43.2247,62.0,8818.322,-0.07479503600000001,27.24466,8.641468,123.74100000000001,-0.048505312,141.485404,399.5750000001618,-5.181608,-2.6206198,-8.39904,-6.411524,-6.171804,-647.3313999999999,5779.654,33.255900000000004,5552.6,8522.15,-1.1055354000000002,1.4554518,-0.24688879999999996,-2.335446,-2.0957318000000003,0.671162,6295.276,80.13076,6068.224,0.5584671999999999,0.9781758,0.0237768,11271.22,0.09584360782740156,0.05531593021215497,0.13283155864529708,-300.60150375939884,0.010624837592395898,0.006132101953370155,0.014725173329165933,-3.9980000000000047,41.32190702278877,0.0,41.32190702278877,457.05281934367326,0.09464033569335793,0.9856979826498579,0.1379018194948852,0.16794493145075476,0.07789932556913262,317.56324373955823,223.37111076600377,0.9077047263675563,1.5441654392713884,3.1444669795610825,1.206618845381589,2.562460272185698,40.99793762251952,253.22932537524147,6.783713878473944,196.6456024171399,1937.6593253459178,0.8111385482026483,1.507370475753124,3.100994859650238,1.1702617703872926,2.473666726032672,0.22447697210404455,245.71592445342253,5.101266725334006,191.1918426084126,0.004893125197662525,0.0017590769454461025,0.001871013603638412,389.50996392903676,0.03533639208078989,0.03687271527480952,0.03384714113000038,0.0,0.003917250565480887,0.004087561187085251,0.0037521581837859663,-3.9980000000000047,18.479718612576328,0.0,18.479718612576328,204.40023467207686,0.04232444480474961,0.4408175388978981,0.061671568522293795,0.07510725664008601,0.034837637474793605,142.01860003139734,99.8945975764839,0.4059378943311403,0.6905717781433295,1.4062483838604045,0.5396163522411082,1.1459670716499668,18.334835092249953,113.24759708709047,3.033769074435297,87.94258689622436,866.5475937419707,0.3627521865903223,0.6741165702120369,1.3868070608110703,0.5233569740110473,1.1062573906176807,0.10038915380159352,109.88750204641113,2.2813558338409172,85.50359136317026,0.0021882721128781003,0.0007866831255340349,0.0008367427209124674,174.19415145176345,0.015802914954446284,0.01648997957389379,0.01513690168214198,0.0,0.001751847709862951,0.0018280129353024713,0.0016780161522555138,1
-3.996000000000002,83.0,43.2267,83.0,8156.900000000001,-0.037010180000000004,25.18903333333333,8.709216666666668,123.61166666666668,0.0027160899999999996,-18.639766666666667,499.963,-4.836376666666666,-2.7268733333333337,-6.7496599999999995,-6.136876666666666,-3.191819,-624.0949999999999,5374.593333333333,27.577299999999997,5254.736666666667,7146.136666666666,-0.9066166666666667,1.2028866666666667,1.1098593333333333,-2.20712,0.7379389999999999,0.7194029999999999,5871.71,72.76953333333334,5751.8533333333335,0.5544406666666667,0.9788186666666666,0.022776166666666667,10588.233333333334,0.15675660840473707,0.11887725027242847,0.19117738304296386,-300.451127819549,0.01737740829659133,0.013178254723566957,0.021193157188204543,-3.996000000000002,21.0,0.0,21.0,119.0667056737531,0.02780829676285838,0.3006924397675012,0.05526967191266266,0.16254332755709536,0.012614795323123559,11.804465830495396,0.06408587988005089,1.7153741616432647,1.0115745476401297,2.508715154277185,1.7595920302823982,2.2955538092937404,75.472285502693,168.41520903212165,8.370964548365977,70.23805687327456,58.3382690292857,2.172372915715286,1.47773824649778,3.3874199959794375,1.9561350622848108,2.151805175096714,0.3411748264116214,227.09912439285205,10.864283574324322,92.39766789986277,0.008284014264433207,0.0025640437463766426,0.003385051985322137,272.71856066893065,0.03265911120168801,0.034079034037061376,0.03128269415554891,0.0,0.0036204579553684806,0.003777864900511285,0.003467873887362933,-3.996000000000002,12.12435565298214,0.0,12.12435565298214,68.74319457226329,0.016055127621741286,0.17360486104305214,0.03190995995679809,0.09384443392006651,0.007283155475577419,6.815311524876257,0.0370000000000014,0.9903717339856675,0.5840328373854028,1.4484073696420263,1.0159009323474626,1.3253386097350117,43.573944351336095,97.23456627032253,4.832978635375911,40.55196104314131,33.68161532811491,1.2542200876684726,0.8531725744072988,1.9557278465370493,1.129375104781401,1.2423452970857176,0.19697737786947347,131.11574060094142,6.272497046188576,53.34581843447941,0.004782777865541213,0.001480351347184531,0.001954360674946613,157.4541344152144,0.018855746643788498,0.019675539475019804,0.018061071891682896,0.0,0.0020902723751217143,0.0021811513172722294,0.0020021779223846634,1
-3.9950000000000045,42.5,43.2277,42.5,8359.795,-0.24123955,26.6246,8.62604,123.7435,0.3926869,-1142.9037500000002,425.7475,-2.2704,-4.672335,-4.1250215,-5.26904,-3.7260350000000004,-661.716,5669.495,25.09435,5328.515,38049.285,1.8962499999999998,-0.50569,4.2082735,-1.10238685,0.44061245000000004,0.201685,6196.575,73.01079999999999,5855.595,0.5633915,0.979819,0.02243865,10998.15,0.11003779260612224,0.07012723671756162,0.14642753002608339,-300.3759398496244,0.012198347933345819,0.007774023931459039,0.01623236813439339,-3.9950000000000045,21.920310216782973,0.0,21.920310216782973,203.2154178452015,0.3215192613745015,0.26445793616376667,0.18995716569795318,0.06717514421272121,0.6015316375360651,1630.46979703033,105.00889254010823,0.6968113064524714,3.6286952243540647,4.803487380364864,1.8625051195097424,0.9547567891615121,39.36604872221749,111.94207452964197,5.392749866719205,28.164063094660136,43313.13998800422,0.9446805175296038,3.380818942209121,5.299237116227627,1.6146262210697078,0.7068784564069024,0.9857846347199777,143.2951892074536,8.243309433716535,59.517177772471754,0.003188344476370093,0.0017776664479029133,0.0022551756572382555,192.12091244838547,0.020607272403646706,0.021503216462870983,0.019738779662504844,0.0,0.0022844394892281056,0.002383760250799107,0.002188161870574347,-3.9950000000000045,15.5,0.0,15.5,143.6949999999997,0.22734845,0.1869999999999985,0.13431999999999933,0.04749999999999943,0.42534710000000003,1152.9162500000002,74.2525,0.49272,2.5658749999999997,3.3965785000000004,1.3169899999999999,0.675115,27.836000000000013,79.15499999999975,3.81325,19.914999999999964,30627.015000000003,0.6679900000000001,2.3906,3.7471265,1.14171315,0.49983855,0.697055,101.32499999999982,5.828900000000001,42.085000000000036,0.002254499999999965,0.0012569999999999526,0.0015946499999999995,135.85000000000036,0.01457154205837699,0.01520507017821828,0.013957424951704288,0.0,0.0016153426540435264,0.0016855730380629938,0.0015472640970169613,1
-3.9939999999999998,97.0,43.2287,97.0,8089.856666666667,-0.16479259999999998,25.7726,8.62236,123.67666666666666,0.22350976666666666,100.84373333333333,166.94938104757333,-4.314816666666666,-2.37546,-8.430676666666667,-4.818613333333333,-2.290691333333333,-647.031,5497.46,27.049333333333333,5202.266666666666,9176.97,-0.24063833333333332,1.6987166666666667,-0.28230666666666665,-0.7444336666666667,1.7834856666666667,-2.893979333333333,6012.843333333333,73.9024,5717.650000000001,0.5617953333333333,0.97894,0.023260066666666666,10701.300000000001,0.136460232362244,0.09769844703710444,0.17173639702585194,-300.30075187969925,0.015127433529843961,0.01083045762079248,0.019038007525643535,-3.9939999999999998,21.0,0.0,21.0,138.0105105900753,0.15514916541921842,0.6480720407485575,0.1374014348542254,0.11150934191058731,0.2711307858943048,204.42569661014568,288.430608498969,0.41616454922702534,0.7565005994049179,4.909005351355133,0.9527361184679278,1.1683651131154735,30.084128755873916,189.63775257052575,2.1374038559274045,72.4758341334082,3207.409581718556,0.37683778893488556,0.8359605123648683,5.069397675802652,0.8117937933307531,1.2340624422193283,3.7245866454093037,201.59566769485235,1.845253757617093,91.95483728439707,0.008934577904598161,0.00018636523280910549,0.0006928528727899836,217.64549156828411,0.02899146065237734,0.030251924746360747,0.027769616604388037,0.0,0.003213876939530026,0.0033536069287614114,0.0030784282135544717,-3.9939999999999998,12.12435565298214,0.0,12.12435565298214,79.68040544017768,0.08957541241933153,0.3741645671804498,0.07932875540012786,0.06437994856923561,0.15653743222167163,118.02523096714438,166.5254894594073,0.24027271452340235,0.4367658247085426,2.8342155610581994,0.5500624544641373,0.6745559125689862,17.369079835539168,109.48740749510868,1.234030691586631,41.84394234666589,1851.7987854065934,0.21756739888237955,0.48264202684575425,2.926818112753925,0.4686893651059777,0.7124862832121361,2.1503911023471467,116.39131301108534,1.0653577536833971,53.09015005943488,0.005158380958315431,0.00010759801732992433,0.0004000187926141026,125.65768314485724,0.0167382276118505,0.01746595689581568,0.016032795621836134,0.0,0.0018555327161799912,0.001936205863076595,0.001777331357776613,1
-3.9920000000000044,64.6,43.2307,64.6,7728.284,-0.30592016,24.72018,8.718334,123.8742,0.68413032,-475.43882,334.08191974,-4.902522,-1.75056096,-7.97821,-5.118158,-6.40882,-644.074,5217.9580000000005,26.56712,5014.162,75651.124,-0.8469621999999998,2.3050004,0.13291302,-1.062596,-2.3532567999999996,0.6779752,5730.9839999999995,73.20606000000001,5527.192,0.5584906000000001,0.97807,0.02384214,10263.288,0.1769944058654542,0.1399949281002099,0.2105622592704846,-300.15037593984994,0.019620889276931123,0.01551927570905379,0.023342086744748428,-3.9920000000000044,46.78995618719898,0.0,46.78995618719898,422.60527520370584,0.18775807696082744,0.8057041684141913,0.12849635979279717,0.1205806783858841,1.1753852685822261,1826.2296074523083,218.05218250494812,2.9009335095310274,2.193570971917939,2.2449595851484716,2.9922308454178466,1.2964098318625943,77.96619847408238,206.08527693651442,7.536749716024807,226.64660789431645,144968.39491141468,2.8208836943983,2.1821250236755,1.7251605697826948,3.037650984647512,1.064935071349986,0.3068366321810354,154.88399507373228,11.997794767081164,245.7678268610438,0.011980148676039058,0.0040125052024888586,0.0039010265332345534,271.11730988632905,0.022273857867124103,0.023242260198163507,0.021335126942627788,0.0,0.0024691904630769093,0.0025765436577721737,0.002365126521392926,-3.9920000000000044,20.92510453976276,0.0,20.92510453976276,188.99482460109851,0.08396796468180946,0.3603218580658142,0.05746531907159306,0.05392531872877529,0.525648272060341,816.7147089572236,97.51590054465088,1.2973369051036823,0.9809947613357586,1.003976447826342,1.338166314945194,0.5797721021487667,34.86754394705771,92.16413767838317,3.3705369388867408,101.35944442428641,64831.83712219156,1.2615375394590682,0.9758759776683511,0.7715152612272751,1.3584788187182015,0.47625344223243155,0.13722151350877893,69.26622832232158,5.365576935856947,109.91071350873854,0.005357685364035488,0.0017944468785673292,0.001744592102068561,121.2473469565415,0.009961172062411596,0.010394254750766267,0.009541358830460598,0.0,0.0011042555449668307,0.001152265353154907,0.0010577167354444386,1
-3.990000000000002,103.0,43.2327,103.0,7737.349999999999,-0.11860169999999999,24.948733333333333,8.529646666666666,123.65899999999999,-0.6086006666666667,140.75923333333333,333.55479399999996,-5.01164,-4.455053333333333,-6.3429166666666665,-4.470183333333334,-2.6223833333333335,-606.139,5233.009999999999,15.978733333333333,4994.486666666667,13901.63,-1.1949433333333335,-0.6383599999999999,1.2904706666666668,-0.6534909999999999,1.1943076666666668,0.594776,5715.82,59.870733333333334,5477.296666666666,0.5600996666666668,0.9820066666666666,0.019777199999999998,10207.199999999999,0.17917513977883423,0.14227047395940062,0.21265108623290893,-300.0000000000001,0.019862636683848627,0.015771533587654207,0.02357364571605033,-3.990000000000002,21.0,0.0,21.0,424.60943430404365,0.13009436561200488,1.1763889422012332,0.046689153272824364,0.1256542876307833,1.0822221404743544,177.66851390706043,288.29155346826815,2.8083031304864505,2.206525785037042,2.120758286706275,1.3159649238613218,1.8356270088537416,82.48266236609963,206.91113817288812,3.6602650946800734,303.1909037773619,11854.16507843973,3.0773841688085244,2.5327750100038497,1.7657028962148,1.3858535360213937,1.6425277543610437,1.1221026295967762,247.19365606746464,8.212183172782577,322.4885792293015,0.0059502585097904554,0.002301048746405268,0.0029706817012261676,502.7755065633183,0.035548904573906234,0.03709446719088243,0.034050697291873176,0.0,0.003940808847320427,0.004112143714261399,0.003774723602699708,-3.990000000000002,12.12435565298214,0.0,12.12435565298214,245.14837119589433,0.07511001700614461,0.6791884724515811,0.026955995210300843,0.0725465367884634,0.6248212441258414,102.57696433076211,166.445206,1.621374568352421,1.2739382559649866,1.2244203677159975,0.7597727030354395,1.0597997476934553,47.621387320544635,119.4602013224488,2.1132550377189316,175.0473499117058,6844.005399055439,1.7767285782614943,1.4622983338224795,1.0194290424385166,0.8001229120793463,0.9483138411317801,0.6478462552560857,142.71732387251848,4.741306165440536,186.18886802861718,0.003435383352375381,0.0013285111131555324,0.0017151238798796234,290.2775740562823,0.020524169625141083,0.02141650061810171,0.01965917924755744,0.0,0.0022752270488253074,0.002374147280375246,0.0021793376881351105,1
-3.9890000000000043,41.5,43.2337,41.5,7450.79,-0.23103795,24.3277,8.6546,123.668,0.211878545,-335.0499,264.69155,-3.25401,0.1681285,-5.12046,-7.495905,-6.49458,-754.158,4978.23,34.597899999999996,5076.005,11548.94,1.4947214999999998,4.91686,4.377,-2.74718,-1.74585,0.240612,5578.945,89.20824999999999,5676.715,0.5451465,0.972778,0.02813695,10233.9,0.1988591251648728,0.1628102615798658,0.2315054907753667,-299.9248120300755,0.02204472428090965,0.01804849198474153,0.025663769311206487,-3.9890000000000043,21.920310216782973,0.0,21.920310216782973,172.19464335454836,0.28813477033569723,0.4935605332682105,0.4297512173339354,0.22344574285494576,0.29358855058870065,499.0860070777581,332.7764013309913,2.91284153228424,0.7470420508676202,3.1129668934956567,1.060766237796999,3.8488246364052494,41.000879600320715,90.21268314378,3.4506810921903512,40.82127447789908,6842.332910287251,2.654674725152688,0.4888653442411315,3.629310407253698,1.3189379946760196,4.107003464352082,0.13659888798961725,57.56556305639673,0.481751850022395,73.47546563309405,0.0057678700141386464,0.00013010764773829786,0.000501550839895619,2.687005768508366,0.008278500105506428,0.008638425128262156,0.007929603021586563,0.0,0.000917721287037061,0.0009576211301137697,0.0008790439569872062,-3.9890000000000043,15.5,0.0,15.5,121.76000000000022,0.20374205,0.3490000000000002,0.3038799999999995,0.1579999999999977,0.207598455,352.9071,235.30845,2.05969,0.5282384999999999,2.2011999999999996,0.7500749999999998,2.72153,28.991999999999962,63.79000000000019,2.4399999999999995,28.86499999999978,4838.26,1.8771384999999998,0.34568,2.56631,0.93263,2.90409,0.09659000000000001,40.70499999999993,0.3406500000000001,51.95499999999993,0.004078499999999985,9.199999999998099e-05,0.0003546500000000006,1.8999999999996362,0.005853783562657144,0.0061082889869664425,0.005607076068681195,0.0,0.0006489269453031519,0.0006771403949109717,0.0006215779429467093,1
-3.9880000000000067,84.0,43.2347,84.0,8330.866666666667,-0.18810593333333334,26.005566666666667,8.71087,123.87366666666667,-0.06056477999999999,2025.8460900000002,181.76613368160668,-5.36044,-2.6641713333333334,-5.3885266666666665,-5.66103,-6.01556,-650.2063333333333,5456.886666666666,23.790499999999998,5385.116666666667,29072.226666666666,-1.2662600000000002,1.430004,2.7998266666666667,-1.5668553666666665,-1.9213866666666668,1.283547,5974.8,70.87356666666666,5903.026666666668,0.552139,0.9796456666666667,0.021669900000000002,10815.300000000001,0.14193124180421313,0.10340732000178916,0.1769768309751504,-299.84962406015086,0.015733927672803044,0.011463320358958869,0.019618940995147757,-3.9880000000000067,21.0,0.0,21.0,749.3902593664626,0.21864284721530072,1.4474611301632003,0.2751320097698551,0.013051181300304419,0.24677725625540373,3443.752196861886,276.52772282529,3.5888036336779416,3.185216763039108,0.36386110445241804,1.4728265458973775,1.0590449634930519,15.221232352649176,459.8157424809784,4.403255100490999,312.3429048871342,37845.3853407801,3.5320438131342597,3.1207969299311995,0.3998193287390361,1.4210447308073746,0.9761597562557749,0.5878034240092516,464.18534089305336,5.348981897831888,307.47756573989807,0.013918414816350323,0.0010305611739888452,0.0019148325018131485,667.9615782363534,0.06675446550905702,0.06965675483818468,0.0639411010036622,0.0,0.007400132055527121,0.007721868199096091,0.0070882537609218005,-3.9880000000000067,12.12435565298214,0.0,12.12435565298214,432.66066797331064,0.12623350669614009,0.8356920731412437,0.15884753990330858,0.007535103036973366,0.14247691532893458,1988.2512578805752,159.65335521157542,2.0719967439726665,1.8389857555679374,0.2100753066032381,0.8503368027434776,0.611439894756631,8.787982596199843,265.4747426990205,2.542220517579071,180.3312602160566,21850.043414084506,2.0392264463026173,1.8017929475819356,0.23083579707469795,0.820440557862137,0.5635860980463511,0.33936846508232515,267.99753151848256,3.088236138603676,177.522255349701,0.008035800540912736,0.0005949947712188365,0.0011055290603748658,385.6477970030859,0.03854070863126366,0.040216346156701686,0.03691641187674542,0.0,0.0042724682342973625,0.004458222683394939,0.004092405216952579,1
-3.986000000000004,78.2,43.2367,78.2,8536.374,-0.11650128,26.57482,8.63324,123.723,-0.372809724,486.4907260000001,495.2912,-3.7568960000000002,-3.2735480000000003,-7.766476,-6.455216,-3.786896,-624.0935999999999,5538.656,32.086040000000004,5477.394,36561.362,0.17285459999999997,0.6562058000000001,0.09304599999999992,-2.5254649999999996,0.14285559999999997,-5.5858522,6035.768,77.27816,5974.508,0.5519638,0.9780404,0.02331938,10934.86,0.1331634374497584,0.0942583171039297,0.16857854541427691,-299.69924812030104,0.014761964081076167,0.010449098627060279,0.018687940773416394,-3.986000000000004,35.095583767762,0.0,35.095583767762,477.6134684868092,0.18112793727696175,1.1674035471935147,0.10144218846219696,0.12274770873625733,0.83661280887592,1064.2786887197274,10.404727228524559,1.4233770756303474,0.7622541127275076,2.9779334288109935,1.8067237443311572,2.051707858585135,19.559564854566645,205.73864459551604,7.385682800391578,190.97831075805445,65199.159394453236,1.5395245656275833,0.7438434028024313,2.763233686594386,1.9274888556292613,2.083065846686273,14.046956285544715,193.67852222174753,7.277168935994271,185.36109616098005,0.005187579464451635,0.002492641630880769,0.0026661117225277708,325.81591888672386,0.027852896445679766,0.029063859090997124,0.02667903714450567,0.0,0.0030876602824269077,0.0032219027397864543,0.0029575309528449257,-3.986000000000004,15.695222202950807,0.0,15.695222202950807,213.59523650119178,0.08100287607512094,0.5220787377398165,0.04536632583756345,0.05489444416332324,0.3741446222987193,475.95989899632985,4.653135474064781,0.6365535797448633,0.34089040243749896,1.3317723158580825,0.8079914217774836,0.9175516483533775,8.74730332502536,92.00911898284872,3.302977760385316,85.40809701661783,29157.950496368292,0.6884963163548226,0.3326568826561988,1.2357556721884793,0.8619992214120614,0.9315753669597323,6.281989826289186,86.61566829390623,3.2544488849266013,82.89600227996534,0.0023199560642391615,0.0011147432260390677,0.0011923214094362307,145.70930855645443,0.012456193964560448,0.012997752923188964,0.011931228125871312,0.0,0.001380843656586553,0.0014408787086110657,0.0013226480512241957,1
-3.9840000000000018,98.0,43.2387,98.0,9481.586666666668,-0.15354626000000002,28.6371,8.735856666666665,123.786,1.1778958000000002,-574.4595666666667,296.86133333333373,-4.1986,0.11917033333333338,-7.032616666666667,-5.68358,-6.128376666666667,-612.301,6071.443333333334,35.09286666666666,5866.34,69307.7,-0.3431056666666667,3.9746666666666663,0.6783725633333334,-1.8280826666666667,-2.2728786666666667,0.4349951666666667,6559.163333333333,79.43106666666667,6354.056666666666,0.5572253333333334,0.9791926666666666,0.0225272,11769.466666666667,0.05789398654598413,0.015716370158108908,0.09648132276367481,-299.54887218045127,0.0064178949287380035,0.0017422537011815627,0.010695532110076724,-3.9840000000000018,21.0,0.0,21.0,225.54610533842887,0.25181279325899786,0.6203141704007734,0.10188308708187718,0.09704122835166053,2.0493514213875543,879.4177055965745,262.8456662574694,2.9117940691436264,1.8450316109108627,2.9122763676260766,1.0713363131622116,2.4413441420728317,42.0308094973199,240.74755789692483,7.439318674000551,115.32210499292854,105929.98725678957,2.8962558398208427,1.6158432488745105,2.6102329547627567,1.1888838139706224,2.526051266115819,0.5477027166187725,240.65521858736724,6.592525225081305,145.31018833286734,0.00807471221365397,0.0024046326815822636,0.002124393384004009,313.4910737697859,0.034608612279434875,0.0361132937318074,0.03315003358173376,0.0,0.00383657181842925,0.004003374763582759,0.0036748796395756496,-3.9840000000000018,12.12435565298214,0.0,12.12435565298214,130.2191046318136,0.145384183973474,0.3581385532630259,0.058822227752591875,0.05602677931132315,1.1831935948022465,507.7320490563053,151.7540161690765,1.6811250896448284,1.0652294972227554,1.681403544803501,0.6185363087968241,1.4095106976102654,24.266499177535522,138.99566735853458,4.295092639021628,66.58124836118158,61158.706657961084,1.672154088762589,0.9329075347059381,1.5070186990799097,0.6864023900311278,1.4584163784787632,0.31621631087573754,138.9423552333047,3.8061962133400895,83.89487634997619,0.004661937270181879,0.0013883153260136915,0.0012265190921193745,180.9941558295307,0.019981291615811112,0.020850019857383027,0.019139180812059123,0.0,0.0022150457721354594,0.0023113494974214607,0.0021216927491484764,1
-3.983000000000004,35.5,43.2397,35.5,8938.994999999999,-0.25196745,27.8488,8.70364,123.6785,0.402001185,144.69925,482.65999999999997,-4.76494,-1.5341595,-7.0647850000000005,-6.01595,-4.67717,-649.386,5883.735000000001,17.16355,5583.985,11441.24,-0.675928,2.5548504999999997,1.1132354999999998,-1.92694,-0.5881585,52.669959999999996,6400.995,64.18715,6101.24,0.5607655,0.9827315,0.01900545,11404.0,0.08064016489752682,0.03945148595682747,0.1182688642611942,-299.4736842105266,0.008939444944551558,0.004373433352225504,0.013110811492772784,-3.983000000000004,21.920310216782973,0.0,21.920310216782973,638.3689309874032,0.3139858871490962,0.8734182961216227,0.0573746442254774,0.09121677477305803,0.572030739574097,177.90912680670715,24.522463171549493,0.9391226582294776,2.9834256382890625,0.8974952820210261,0.2900552016427216,1.9473862175233752,70.85634211557924,514.8798027209847,1.3038341938298772,16.553369747576973,4825.098684918268,1.3852815813140662,2.537268129418036,1.7898209063647958,0.15611503515036587,1.5012181020506314,72.85185402063011,571.3210659952944,3.827074031815945,72.98756195407594,0.01906147750044573,0.0005041671349859827,0.0008889039346296068,631.1635128871113,0.08216164758931385,0.08573379622751483,0.07869894795911202,0.0,0.009108110407656723,0.009504104465029141,0.008724249427919842,-3.983000000000004,15.5,0.0,15.5,451.395,0.22202154999999998,0.6175999999999995,0.04057000000000066,0.06449999999999534,0.404486815,125.80075000000001,17.340000000000018,0.6640600000000001,2.1096005,0.6346250000000004,0.20509999999999984,1.3770099999999996,50.10300000000004,364.07500000000005,0.9219500000000016,11.704999999999927,3411.8599999999997,0.979542,1.7941194999999999,1.2655945,0.11038999999999993,1.0615215,51.51404,403.9849999999997,2.7061499999999956,51.610000000000355,0.013478499999999977,0.00035649999999998183,0.0006285499999999986,446.2999999999993,0.05809705816386318,0.060622948689341385,0.055648559774135305,0.0,0.006440406633049839,0.00672041671632745,0.006168975931244979,1
-3.9820000000000064,87.0,43.2407,87.0,9103.656666666668,-0.04041906666666666,28.101066666666668,3.1188,123.85533333333332,-0.11152819999999998,-8.944540333333334,333.5265146666666,-2.29432,-2.2875010000000002,-6.514636666666667,-6.060216666666666,-5.646440000000001,-627.7936666666666,6168.906666666667,27.171319999999998,5495.3533333333335,8062.400000000001,1.658729,1.6655493333333335,1.3914610000000003,-2.1071713333333335,-1.6933933333333335,0.4021323333333333,6668.97,72.63133333333333,5995.413333333334,0.5760416666666667,0.9814376666666668,0.02162183333333333,11585.199999999999,0.04210269652255926,-0.0007614790666914487,0.08135555608026189,-299.39849624060196,0.00466733591205893,-8.44145123186062e-05,0.009018750339078027,-3.9820000000000064,21.0,0.0,21.0,715.8212851217348,0.05233892043884105,1.2514910999816706,9.819810361982556,0.11850035161691572,0.2105046645583893,34.74721107117491,288.3405347104056,1.2379528180023662,2.065075268360212,0.6330897947632182,1.2521956241072454,0.23020100412465655,34.39771248692757,291.8453880624697,17.31813760088538,492.477323775759,823.956235973732,1.1122540947656698,2.021130685878905,0.722400171534448,1.4584966206081291,0.4448298079415693,1.0164667380117922,314.77655900654327,19.661986912907178,510.07230706374713,0.010435714174570593,0.004241197511709811,0.004513715886421445,725.0650246702011,0.04526799771581588,0.04723611813622074,0.04336017960907527,0.0,0.005018228495004389,0.005236406423643477,0.00480673543876996,-3.9820000000000064,12.12435565298214,0.0,12.12435565298214,413.27961165669745,0.03021788980445929,0.7225487234628384,5.669470155881705,0.06841620990509159,0.12153492474845792,20.06131166553158,166.47348533333334,0.7147323927177219,1.192271762084607,0.36551456342774896,0.7229554806563896,0.13290661169909262,19.85952856383498,168.49701335961765,9.998631405734153,284.33191545172093,475.711354639905,0.6421602010202231,1.1669003455595988,0.4170779334980454,0.8420634165202628,0.25682260935863455,0.586857344813409,181.73633107701187,11.35185343696986,294.4903837894279,0.006025062387874325,0.0024486565250720306,0.002605995082070911,418.6164871733232,0.026135490666901663,0.027271785521420008,0.02503401136941013,0.0,0.002897275572445834,0.0030232406582768466,0.0027751699994971505,1
-3.980000000000004,69.2,43.2427,69.2,9550.07,0.0019377199999999982,28.723959999999998,5.257194,123.60979999999999,-0.0205858902,-29.895280000000003,204.9042400077385,-3.541386,-2.5578038,-9.358014,-6.25127,-5.9889518,-593.7936,6205.598,30.63766,5859.89,8207.725999999999,0.1975752,1.1811574,-1.8801017999999998,-2.5123114,-2.2499984,1.3248767999999997,6678.575999999999,73.63574000000001,6332.87,0.5625055999999999,0.9810528,0.0209728,11871.52,0.04072125824954898,-0.0022029782439128786,0.08003233847270137,-299.2481203007522,0.004514195211000535,-0.0002442133240988454,0.008872063747260166,-3.980000000000004,37.45263675630863,0.0,37.45263675630863,341.9847829216967,0.044605367331151974,0.32014016149180613,7.770000128991633,0.10721333872238305,0.08455099137368485,31.619074223433554,267.5587434561313,1.2639839558831432,1.7343484013822597,3.3201570180761033,2.5611688925176335,3.843923078716092,43.71143999343878,197.87414641635192,4.2997179306321955,161.40902298198804,182.1869500815026,1.1759702270377426,1.981166770038252,3.4924016496203865,2.5632531178718576,3.6873925557421736,2.137956566338334,195.63979280810906,3.113249919778367,136.28749887645625,0.011164452306315787,0.0010987095612581658,0.0008612066650926474,161.5276044519947,0.028134946648857958,0.02935817201381093,0.02694920035219509,0.0,0.003118927235639554,0.0032545290888682963,0.002987480161458921,-3.980000000000004,16.74932834474266,0.0,16.74932834474266,152.9402443766846,0.019948126702760836,0.14317103268468778,3.474849694721485,0.04794726269559179,0.03781235285531154,14.14047986984176,119.65590766846732,0.5652708095647607,0.7756241844317646,1.484819357678233,1.1453895491054562,1.7190546608578914,19.548350243946416,88.49200847534186,1.9228923153936628,72.18430951391021,81.47648099912014,0.5259098734344507,0.8860047145138451,1.5618494986567175,1.1463216430199508,1.6490520828732365,0.9561232430549107,87.49277516458126,1.392287690314039,60.94962239423648,0.0049928948576952814,0.0004913578533004457,0.00038514332916461094,72.23734075947156,0.012582330650035261,0.013129373663602627,0.012052048785353897,0.0,0.0013948266631531093,0.001455469655491993,0.001336041744490839,1
-3.9780000000000015,90.0,43.2447,90.0,9514.256666666666,-0.1115249,29.2353,8.579003333333333,123.67,-0.31546573333333333,17.47229,166.8160371666667,-3.2771033333333333,-1.6803133333333333,-4.003499,-7.523173333333332,-2.99068,-620.7956666666668,6310.276666666668,30.593799999999998,5683.486666666667,8260.446666666667,0.63188,2.228675946666667,3.8144733333333334,-3.6141900000000002,0.9183100000000001,2.0965666666666665,6804.766666666666,75.54713333333332,6177.973333333332,0.5727616666666667,0.9809776666666666,0.021953700000000003,11870.699999999999,0.022573786187294165,-0.02113944942578132,0.06264969095623915,-299.09774436090237,0.0025024393125662324,-0.002343434497437392,0.006945093227526945,-3.9780000000000015,21.0,0.0,21.0,1203.8204744202249,0.12101144526659453,1.3846277080861833,0.24278548357209004,0.07146327728281568,0.5862331001686047,34.72226805011591,288.54585344381627,2.545033702749992,2.6634618922810467,4.388420961579802,1.6851388335782111,2.1564324723719035,38.396938970878054,663.7429771630983,11.755540884195842,435.2154547271191,518.2841699621292,2.3807772504583458,2.4217777152669666,4.789676977264055,1.690252754087388,1.9858455613919226,1.7111735159630461,674.1725065836886,10.8975854510682,421.9447037626297,0.01650347528047753,0.0015448719472283723,0.0017799046350858224,950.7986274706122,0.09695270697543226,0.10116792770619612,0.09286663868881526,0.0,0.010747787871384893,0.011215070319277699,0.010294822744958037,-3.9780000000000015,12.12435565298214,0.0,12.12435565298214,695.0260749624998,0.06986599049969401,0.7994151799909726,0.14017226429567964,0.0412593423764065,0.3384618381902128,20.04691080560876,166.59202615933765,1.469375893379378,1.5377504404847724,2.5336560234854955,0.9729153591882721,1.2450168684131686,22.16848305089408,383.2121865378384,6.7870646939601205,251.2717599421876,299.23150504435705,1.374542386432663,1.3982140158268201,2.765321292154755,0.9758678825708598,1.1465284694386502,0.987946490071423,389.23367815633736,6.291723893691175,243.60988830049115,0.009528285895748036,0.0008919322345958021,0.0010276284201986622,548.9438435152847,0.055975671470928724,0.058409330294528924,0.0536165788457232,0.0,0.006205238220737063,0.006475023867815562,0.005943718683061004,1
-3.977000000000004,19.5,43.2457,19.5,9904.625,-0.30644099999999996,29.957,8.784144999999999,123.825,0.015453500000000009,269.802,499.381,-4.6396,-5.140065,-7.645595,-6.15409,-4.193035,-620.325,6473.04,32.16985,6064.445,9879.939999999999,-0.7335740000000001,-1.2340475,0.16645,-2.2480700000000002,-0.287015,0.8580445000000001,6967.15,77.0891,6558.555,0.5642625,0.980942,0.02116155,12345.15,-0.0007785510566843418,-0.045507078136428736,0.04028153711061779,-299.0225563909777,-8.630704459243444e-05,-0.005044731990627256,0.0044654494908321065,-3.977000000000004,21.920310216782973,0.0,21.920310216782973,94.99979605241163,0.04898694358704162,0.9792014705871299,0.06342040720462148,0.18526197667087577,0.20815738713891468,61.52818945816628,0.8541849916733483,1.2584237963420746,0.8004943737778553,1.0233178626653594,4.670030167804059,0.3232397228838062,47.12866696608334,341.6315702624682,6.029853076568285,170.05210980755265,704.9288923004924,1.5551767134161958,0.5037464064512024,0.4298092000899934,4.966774599596805,0.026491048450372794,0.2811958607812356,304.0983423170866,9.442562534608923,207.58533775293455,0.01851417685180742,0.00309854191515941,0.0018853588106776903,133.85531367861293,0.04373236402621431,0.045633719575733124,0.041889265145111536,0.0,0.004847994309091746,0.005058770952176986,0.0046436757663913435,-3.977000000000004,15.5,0.0,15.5,67.17499999999927,0.03463899999999999,0.6923999999999992,0.044845000000000024,0.13100000000000023,0.1471895,43.507000000000026,0.6039999999999992,0.8898399999999997,0.5660350000000003,0.7235949999999998,3.3022100000000005,0.2285649999999998,33.32499999999996,241.5699999999997,4.263750000000001,120.24499999999989,498.4599999999996,1.099676,0.3562025,0.303921,3.51204,0.018731999999999985,0.19883550000000003,215.02999999999997,6.676900000000003,146.78499999999985,0.013091500000000034,0.0021909999999999707,0.001333149999999999,94.64999999999964,0.030923451160254762,0.03226791256276619,0.029620183443029652,0.0,0.0034280496511125648,0.0035770912447538753,0.003283574624046957,1
-3.976000000000006,95.0,43.2467,95.0,9965.313333333334,-0.07205288333333333,29.803433333333334,8.739933333333333,123.78333333333335,0.04737463,6.197936666666667,0.011602511758533334,-3.8552933333333335,-2.1994666666666665,-5.877026666666667,-5.640186666666668,-5.322016666666666,-601.8803333333334,6445.18,28.8229,6035.856666666667,8506.12,-0.06541566666666669,1.5904122,1.7027333333333334,-1.8503066666666665,-1.532136666666667,0.7169086666666667,6924.596666666667,72.40650000000001,6515.2733333333335,0.5645146666666666,0.9820333333333333,0.020096633333333332,12267.1,0.005341041209694193,-0.03912142385909884,0.04614321938493172,-298.9473684210531,0.0005920863864962983,-0.004336843993130348,0.005115252055599557,-3.976000000000006,21.0,0.0,21.0,305.026902146898,0.0843388002488228,0.5341060412814439,0.169240318580808,0.12747287293119264,0.08960287672840589,11.41319100790981,0.02009394428683892,2.840731348796175,3.66085933040773,0.23919700673991168,0.9866366621169789,2.086248698989009,48.303775694383745,113.61469799282159,1.8288120761849744,225.87482691378708,302.1942171849098,2.9910417113869094,3.474695728942913,0.795689730820584,0.6997650363038533,2.3584732281994074,0.42657651086450293,115.81017845307606,5.144369165407938,187.4871868510833,0.009242879980467897,0.0011576637393187245,0.0019900626028678927,162.7511290283423,0.016654654686574344,0.017378750463666475,0.01595274487443663,0.0,0.0018462681571936503,0.0019265385081052952,0.001768457253289632,-3.976000000000006,12.12435565298214,0.0,12.12435565298214,176.1073640645892,0.048693029026787925,0.308366266709647,0.09771094349036752,0.07359649750119902,0.05173224499930999,6.589408900729345,0.011601244143087792,1.6400970089228801,2.113598119876256,0.1381004562306407,0.5696349424655917,1.204496247957811,27.888197900027755,65.59547647005358,1.0558651444826335,130.4088921218351,174.47191263925592,1.726878737226631,2.0061165144572337,0.45939168028068506,0.40400953207951795,1.3616651531774535,0.24628406337759207,66.86303770478206,2.970102922459083,108.24577779807859,0.005336379244810543,0.0006683774715267343,0.0011489631794699851,93.96440815542894,0.00961556936655396,0.010033626258377174,0.009210321547569409,0.0,0.0010659434175519884,0.0011122875262587722,0.0010210192712371154,1
-3.9740000000000038,60.2,43.2487,60.2,10007.59,-0.21352730000000003,30.27328,8.755329999999999,123.7404,0.0275521054,53.812098000000006,355.23580213174,-2.769586,-2.4535356,-7.186076,-4.721762,-5.4748399999999995,-642.8462,6529.754,32.71536,6039.352,9541.336,1.2782456,1.5942956,0.9095838,-0.6739298,-1.4270106,3.9292293999999997,7041.808,79.26544,6551.404,0.5671991999999999,0.9806502,0.02179764,12413.960000000001,-0.01151511347459019,-0.056710434952273,0.02999746672281282,-298.7969924812033,-0.0012765192515066383,-0.006286691150515803,0.003325398733811704,-3.9740000000000038,42.30484605810545,0.0,42.30484605810545,309.5170192412692,0.1966219365362624,0.8911172016070612,0.0829399782975617,0.20607353056615324,0.22696991765621377,256.4522132878648,220.970595792798,3.0157591082320385,2.974471687252511,3.441650332112488,2.2044132071188467,1.7837231190826675,60.675550180447495,211.43574681212263,7.423409737647515,183.245329872278,1778.3257693487997,2.932403853017401,2.6747511054464113,3.2830984969784565,2.12610269400262,1.6765547661668556,6.055051150101195,216.60436195977223,8.386796895895365,176.31360747259433,0.01151142882964576,0.002309702513312034,0.0022040946855795473,224.07489372975238,0.03114986005748571,0.03250416505804623,0.02983705034557429,0.0,0.0034531484325240926,0.003603281247927264,0.0033076156182346144,-3.9740000000000038,18.91930231271756,0.0,18.91930231271756,138.42021904331767,0.08793200319254645,0.39851972774255473,0.03709188590514105,0.09215888454185987,0.10150403294536475,114.68891637838811,98.82105464426508,1.3486884739541967,1.3302241779690218,1.53915281947765,0.9858435563232129,0.7977052294613594,27.134930955136046,94.55694054906813,3.3198497596427443,81.94980283075729,795.2914612807056,1.311410870565842,1.1961850589341767,1.4682462832142436,0.9508220301870587,0.7497780850300708,2.707901195772911,96.86841551300405,3.750689594541253,78.84984233338716,0.005148067476247753,0.0010329303655135641,0.0009857011091603787,100.20933888615353,0.01393064091562871,0.014536304524332954,0.013343534564157539,0.0,0.0015442949263041435,0.0016114363624831272,0.0014792106731625182,1
-3.9720000000000013,101.0,43.2507,101.0,9808.483333333332,-0.432915,30.0341,8.727076666666667,123.61833333333334,0.32869133333333334,372.24066666666664,133.53579666666667,-4.385796666666667,-3.4204399999999997,-11.99254,-6.094563333333333,-4.131071333333334,-603.957,6494.06,28.854333333333333,5769.366666666666,12264.233333333332,-0.5828363333333334,0.3825136666666666,-4.386648,-2.2916036666666666,-0.32811666666666656,0.4235831333333333,6975.133333333334,72.58833333333332,6250.446666666667,0.5761443333333333,0.9821033333333333,0.020955699999999997,12100.5,-0.0019266337355169222,-0.046705076099314936,0.03918184033426013,-298.64661654135347,-0.00021357888130381855,-0.005177537235340174,0.004343541521020258,-3.9720000000000013,21.0,0.0,21.0,626.2420014925015,0.04211543637432719,0.9736556013293416,0.06770231630700238,0.17729166177046207,0.284260374034675,77.04943328366102,202.02556084162478,0.9026371090495517,1.6775962634376602,2.729861062911444,1.9747140067952453,3.3076189148064405,52.44815395226031,442.2130721722279,8.308541584016616,104.0026683952547,2951.0194007043274,1.0105972694730248,1.9477027552299486,3.0660649126872705,2.263559021112622,2.988245131717499,0.39523689084099084,401.22032168539675,6.493194623090652,78.24342805203094,0.013313000050076329,0.0014916716573473647,0.0020268172611264215,422.5008047329615,0.057699469944380175,0.060208074494485904,0.05526772789560907,0.0,0.0063963315991856715,0.006674425428629335,0.006126758438069689,-3.9720000000000013,12.12435565298214,0.0,12.12435565298214,361.56098813954577,0.024315358527756358,0.5621403235254823,0.039087950544609014,0.10235938864825236,0.16411780346886334,44.4845110472298,116.63951193509719,0.5211377778903044,0.9685606542872435,1.5760860195222002,1.1401016633957595,1.9096546708401962,30.280955802836427,255.3118362578072,4.796938720105193,60.045968594439685,1703.7718453804516,0.5834686055725516,1.1245067100333865,1.7701934026928619,1.3068664101659782,1.7252641312016868,0.22819012532071678,231.64466072941204,3.7488476635420187,45.17386424815918,0.007686264162633069,0.0008612170329120362,0.0011701834913095193,243.93095334540885,0.033312804504486614,0.03476114801678048,0.031908837578028884,0.0,0.0036929237706159568,0.0038534813179052297,0.0035372856334793465,1
-3.9710000000000036,32.5,43.2517,32.5,9747.515,-0.2475354,29.705199999999998,8.734555,123.87899999999999,0.27495085,-35.62475,243.0806345,-5.061495,-4.66183,-5.649290000000001,-5.853095,-8.903665,-624.9945,6217.37,27.721600000000002,6099.625,9422.585,-1.126068,-0.7264055,2.221555,-1.91767,-4.968225,1.36252,6715.205,72.979,6597.455,0.553829,0.9813369999999999,0.019974,12125.1,0.035453643997821464,-0.007699612989118472,0.07498672763079686,-298.57142857142884,0.003930248642286395,-0.000853548185300023,0.008312727585309668,-3.9710000000000036,21.920310216782973,0.0,21.920310216782973,267.5055663906831,0.26204896478162243,0.7662209080937445,0.03410376005662734,0.002828427124754671,0.34130934170228183,109.95828645502347,343.74916486039814,0.8929697986214318,1.8584321844501082,1.441465457720025,1.2192005831896569,2.431082611194033,43.58111224487051,30.5894393541302,1.4030412752303472,83.71437182467496,1565.6970481066908,0.6185515563378691,1.5840104066326395,0.8926162452308385,0.9447795124789697,2.7054683265656614,0.2112127955404218,4.122432534317521,4.558858839665915,48.99542886841617,0.001986970055134184,0.001132785063460883,0.0013679687788834922,36.062445840513924,0.000592846770852501,0.0006186220181521657,0.0005678612653955149,0.0,6.572061298889548e-05,6.857795342787383e-05,6.295082016012035e-05,-3.9710000000000036,15.5,0.0,15.5,189.1550000000002,0.18529659999999998,0.5418000000000012,0.02411500000000011,0.002000000000005997,0.24134215,77.75224999999999,243.0673655,0.6314250000000001,1.3141100000000001,1.0192700000000003,0.8621049999999999,1.7190349999999999,30.81650000000002,21.63000000000011,0.9920999999999998,59.19499999999971,1107.1150000000011,0.437382,1.1200645,0.6311750000000002,0.6680599999999999,1.913055,0.14935000000000004,2.9149999999999636,3.2236000000000047,34.64500000000021,0.0014049999999999896,0.0008010000000000239,0.0009672999999999982,25.5,0.0004192059718743507,0.0004374318240267039,0.0004015385515343424,0.0,4.647149110818469e-05,4.8491935908744825e-05,4.451295181647592e-05,1
-3.970000000000006,85.0,43.2527,85.0,10171.77,-0.233583,30.3892,8.715116666666667,123.84166666666665,0.3426396666666667,-306.39733333333334,192.65882,-2.324364666666667,-2.3128180666666665,-7.246056666666667,-6.1917800000000005,-3.5279666666666665,-604.6323333333333,6508.889999999999,33.792,6025.563333333333,12047.909999999998,1.4828413333333332,1.4943886666666666,0.36835333333333314,-2.3845703333333335,0.27924066666666664,0.8073926666666668,6990.503333333334,77.5749,6507.176666666666,0.5671596666666666,0.9809763333333333,0.021458533333333335,12326.366666666667,-0.004136992496308958,-0.04901153480781939,0.037064637062533566,-298.4962406015042,-0.0004586103798742489,-0.005433221988313557,0.004108836865987931,-3.970000000000006,21.0,0.0,21.0,314.79492800869576,0.1477756590342266,0.35654951970238313,0.24247936104611714,0.14409140617445287,0.03777574145312482,252.95631516396926,198.22442651095554,1.953988379204271,2.0860903530018096,4.657794310876483,2.248647223487935,3.3133476371991715,13.151017235686915,205.40928021878702,6.536448482930162,244.70989157231293,3003.0769397902545,2.0367305458713316,2.1052049270582502,4.618027813323923,2.32460706561998,3.2348955636560097,4.740396295425239,215.73190059268785,7.445228163730112,253.20153758090245,0.004172218754252138,0.001246296246216467,0.0013033250643386472,412.93067618346436,0.03102439144159846,0.032373241432935955,0.029716869599910944,0.0,0.0034392394854699995,0.0035887675804502483,0.0032942928632449897,-3.970000000000006,12.12435565298214,0.0,12.12435565298214,181.74693642534936,0.08531831652308508,0.20585396117960267,0.1399955243729042,0.08319121214273206,0.021809834496799317,146.04439665313348,114.44492600605936,1.1281357167269863,1.204404826859476,2.689178799214445,1.2982570797932638,1.9129621502557521,7.592743341141248,118.59310322836394,3.7738202911638496,141.283321772639,1733.827279585061,1.1759069289255468,1.2154406313364072,2.6662196011477457,1.3421125150958015,1.8676678244771234,2.736869077229267,124.55287087997792,4.298504484507763,146.18597588156118,0.002408831620885477,0.0007195494732430973,0.0007524750767375042,238.40563705117734,0.017911940750251192,0.01869069965584632,0.01715704266298159,0.0,0.001985645842743694,0.002071975928631953,0.001901960871383958,1
-3.9680000000000035,29.5,43.2547,29.5,9980.445,6.471999999999988e-05,30.1787,8.69327,123.588,-0.023329194999999997,-47.270575,250.0000000000006,-3.730665,-3.161385,-11.01013,-7.4331949999999996,-5.176925,-638.1714999999999,6600.355,26.359499999999997,6015.835,8616.54,0.2877350000000001,0.8570115,-2.9733245,-3.4148,-1.1585299999999998,0.50973615,7108.68,72.571,6524.165,0.5707335,0.9824029999999999,0.02018705,12458.5,-0.02113197170827177,-0.0667454061139588,0.02078591062737371,-298.3458646616544,-0.002342605547694141,-0.007399127767356153,0.002304242605553938,-3.9680000000000035,21.920310216782973,0.0,21.920310216782973,1223.6553559111333,0.009106460539375328,1.3985157918307538,0.23795557400489709,0.11879393923933947,0.025785221532460215,79.4398052663855,353.5533905932729,1.3398047157888344,1.955864427829802,5.260266340196093,0.019042385617353497,2.674539475956562,97.34102660492124,317.5828686343145,2.8036783874046596,468.43702933265166,531.6170202316706,1.9527390158569577,1.3429350775091475,4.0343913760988155,0.6319696146176651,3.287466704956873,0.6680813458008276,240.04861007720916,9.852401624984646,390.895699707735,0.006412751398580795,0.0029245936469876202,0.003856206831200837,560.5942561246943,0.03452137594665684,0.03602226461789026,0.03306647382100747,0.0,0.0038269011487942766,0.003993283641457109,0.003665616539958456,-3.9680000000000035,15.5,0.0,15.5,865.2550000000006,0.00643924,0.9889000000000001,0.16826000000000008,0.08399999999999963,0.018232905,56.172425000000004,249.99999999999943,0.9473849999999998,1.3830049999999998,3.7195699999999996,0.013464999999999838,1.891185,68.83049999999994,224.56500000000028,1.982499999999999,331.2349999999997,375.9100000000003,1.380795,0.9495985,2.8527454999999997,0.4468700000000001,2.32459,0.47240485,169.74,6.966700000000003,276.40499999999975,0.004534499999999997,0.002068000000000042,0.00272675,396.39999999999964,0.024410299027771223,0.02547158758500644,0.02338152786876183,0.0,0.002706027753243022,0.0028236779420756316,0.0025919823126341933,1
-3.9650000000000034,34.5,43.2577,34.5,9589.055,-0.3425625,30.14865,8.744045,123.8835,0.46980435000000004,-43.4401,267.6509,-4.43272,-5.357615,-9.54016,-8.082645,-4.87837,-671.991,6366.639999999999,35.82035,5933.445,8994.62,-0.20137500000000008,-1.1262645,-1.077467,-3.8513,-0.647019,0.857569,6901.9,84.4808,6468.709999999999,0.5654525,0.9790325,0.02352045,12206.25,0.008605047456112111,-0.03571550814749467,0.04926966420757023,-298.12030075187994,0.000953921015376382,-0.003959277850645903,0.005461837177290106,-3.9650000000000034,21.920310216782973,0.0,21.920310216782973,343.6892509957209,0.21953190682108148,0.7220267342695815,0.014516902217760403,0.07000357133747588,0.6087986446369974,25.36080897132424,304.77730624838193,2.9536557356943285,1.7768815593758638,0.2728866489955115,2.727247215426207,0.3024861388559805,52.588945530405965,70.62582530491277,18.027333832960434,140.91931042266734,281.7820523028392,3.2848009123918,2.1080203721123048,0.9351671028955201,2.3961161808643587,0.6336256586992038,0.04126958017717168,28.736819587421845,21.835457403040586,99.02323363736441,0.0027386245635355093,0.00539168920654742,0.006280875983889506,109.95510447450815,0.004132640268858675,0.00431231540612428,0.003958470295999036,0.0,0.00045812790941145387,0.0004780459738094083,0.0004388201254386495,-3.9650000000000034,15.5,0.0,15.5,243.02499999999964,0.1552325,0.5105499999999985,0.010265000000000413,0.04950000000000543,0.43048565,17.9328,215.5101,2.0885500000000006,1.2564450000000003,0.19295999999999935,1.928455,0.21388999999999947,37.186000000000035,49.94000000000028,12.747249999999998,99.64500000000021,199.25,2.322705,1.4905955,0.6612630000000002,1.69431,0.44804099999999997,0.029182000000000013,20.32000000000039,15.439999999999998,70.02000000000021,0.0019365000000000077,0.0038124999999999964,0.004441249999999998,77.75,0.002922217958314566,0.003049267466285699,0.0027990611894264383,0.0,0.0003239453513956554,0.0003380295497995593,0.0003102926864188005,1
-3.9620000000000033,31.5,43.2607,31.5,9803.099999999999,-0.3785305,30.65665,8.69555,123.69800000000001,0.32616175000000003,399.6195,232.6095000115055,-5.08442,-2.430985,-6.559165,-5.541095,-5.0038,-680.2045,6458.88,37.99095,6102.175,13293.16,-0.80135045,1.852085,2.006974,-1.2580275,-0.7207335,0.216508,7000.6900000000005,87.2462,6643.985000000001,0.562261,0.978692,0.02361895,12448.75,-0.005601936407170051,-0.050540170204303805,0.03566143315917282,-297.8947368421055,-0.00062100818070514,-0.005602680371546405,0.0039532833145286385,-3.9620000000000033,21.920310216782973,0.0,21.920310216782973,653.7909298850827,0.21193757999113796,0.24317402205005595,0.1050194991418251,0.12303657992644886,0.3597225437057358,63.4960676302084,328.9595096205532,1.663977819623807,0.5384264585344966,2.791452511157946,1.1639048329008692,0.7460259384230551,68.04276423323793,318.15562512707555,15.829221692963937,31.81273408558262,5180.179426158905,1.2355270423711515,0.9668765993910493,3.6483542070846138,0.7354511565104103,1.1744711295321397,0.6083861892515312,263.94881928131394,10.902030930977952,22.379929624554936,0.010110212757405201,0.0018243354954613114,0.0029593125899438216,245.57818510608743,0.03795846357183939,0.039608786781448246,0.03635870551403806,0.0,0.004207922884476035,0.004390871090147007,0.00403058012853685,-3.9620000000000033,15.5,0.0,15.5,462.30000000000064,0.1498625,0.1719500000000016,0.07425999999999933,0.08699999999999264,0.25436225,44.8985,232.6094999884945,1.17661,0.380725,1.9738550000000004,0.823005,0.52752,48.113500000000016,224.97000000000025,11.192950000000003,22.49499999999989,3662.94,0.8736495500000001,0.6836849999999999,2.5797760000000003,0.5200425,0.8304765,0.43019399999999997,186.63999999999965,7.7089,15.8250000000005,0.007148999999999961,0.0012900000000000134,0.002092550000000001,173.64999999999964,0.026840686995070175,0.02800764172773414,0.02570948722414103,0.0,0.0029754508063230614,0.0031048147231589173,0.0028500505410041527,1
-3.959000000000003,23.5,43.2637,23.5,9765.535,-0.237890918,30.10465,8.65841,123.88900000000001,-0.48653484999999996,-778.461385,316.905,-4.25639,-2.3603199999999998,-10.247505,-4.72591,-7.450465,-676.042,6251.08,35.530499999999996,6163.775,32766.355,0.0004650000000000487,1.8965365,-1.733779,-0.469055,-3.193604,0.9783729999999999,6789.57,84.48435,6702.27,0.5524910000000001,0.978699,0.022687699999999998,12285.4,0.02475921789201141,-0.01885900152899709,0.06474301772175675,-297.66917293233104,0.002744707497771747,-0.002090633198628958,0.007177151028934972,-3.959000000000003,21.920310216782973,0.0,21.920310216782973,491.10687273749204,0.33619827772134325,0.7439470444863674,0.38728238405587134,0.17960512242138152,0.6650765662448535,1103.5230261695658,258.9354322027018,1.2408026953549065,1.5585199142776456,0.7164335196303973,3.52553541604676,3.834972414561805,38.946027294192646,367.6530998101339,8.730223163241591,75.96448150287068,34919.824921726766,1.4860343981382127,1.8037494957406088,1.206877126207138,3.7707671188300664,4.080198460490862,0.26856905498958733,336.63939638729147,5.910069187835273,44.94370701221692,0.01060518750423577,0.00042567828227429554,0.0014027584325178725,373.4938018227349,0.0484120910235783,0.05051690744457751,0.04637176521946861,0.0,0.005366770056904608,0.0056001015553932415,0.00514058772930193,-3.959000000000003,15.5,0.0,15.5,347.2649999999994,0.237728082,0.5260500000000006,0.2738499999999995,0.1269999999999989,0.47028015,780.3086149999999,183.095,0.8773800000000003,1.10204,0.5065949999999995,2.49293,2.711735,27.538999999999987,259.97000000000025,6.1732000000000005,53.71499999999992,24692.045,1.0507849999999999,1.2754435,0.853391,2.666335,2.8851359999999997,0.18990699999999996,238.03999999999996,4.179049999999993,31.779999999999973,0.00749899999999995,0.0003009999999999957,0.0009918999999999996,264.10000000000036,0.0342325178541926,0.03572084781863394,0.03278978964227675,0.0,0.0037948795003061617,0.003959869785151893,0.0036349444426737507,1
-3.956000000000003,37.5,43.2667,37.5,10187.0,-0.1293892,30.8418,8.70723,123.729,0.07169085,-39.113564999999994,250.0000000000957,-3.7601449999999996,-1.6718799999999998,-8.744575000000001,-5.890980000000001,-5.781855,-611.4549999999999,6497.795,33.8501,6272.75,8865.95,0.09002500000000002,2.17829,-1.0442550000000002,-2.04081,-1.931685,0.20694255,6984.84,78.127,6759.795,0.557532,0.980792,0.0208486,12527.85,-0.0033225488757091005,-0.0481616815556508,0.037844755986555186,-297.4436090225566,-0.0003683244297395294,-0.005339010668577749,0.0041953177180590545,-3.956000000000003,21.920310216782973,0.0,21.920310216782973,55.012907576312884,0.11234201412508145,0.33842130547588173,0.1756028980398683,0.0551543289325528,0.04481663992363774,45.99239586619129,353.55339059313843,1.47397115645117,0.01953028929637235,3.4015018155588277,0.8768689772138134,1.3098375304021486,50.61046075664588,60.309137367400936,8.911808184650296,10.818733752153664,244.77208337553517,1.7926500405963235,0.2991485948487807,4.038887868120382,1.1955478613589672,0.9911586462569956,0.3584528627694373,100.62129496284616,5.247015159116658,29.493423843291247,0.0024777021612776284,0.0015358359287372255,0.001459892660437746,124.80434687942564,0.014470342279984881,0.015099470528825808,0.013860490234268177,0.0,0.0016041240528850754,0.0016738666848690545,0.0015365183033936853,-3.956000000000003,15.5,0.0,15.5,38.899999999999636,0.0794378,0.23930000000000007,0.12417000000000078,0.03900000000000148,0.03169015,32.521535,249.9999999999043,1.042255,0.013809999999999933,2.405225,0.6200399999999997,0.9261949999999999,35.78699999999995,42.64500000000021,6.3016,7.649999999999636,173.07999999999993,1.267595,0.21152999999999994,2.855925,0.84538,0.700855,0.25346445,71.15000000000032,3.7102000000000004,20.855000000000246,0.0017519999999999758,0.0010860000000000314,0.0010322999999999999,88.25,0.010232077152267717,0.010676938003259154,0.009800846635220947,0.0,0.001134286995659485,0.0011836024836731542,0.0010864825117469239,1
-3.953000000000003,39.5,43.2697,39.5,10311.5,-0.045038400000000006,30.832349999999998,8.675284999999999,123.92099999999999,0.021158745,8.322950000000002,250.00057724,-0.57982755,-1.360801,-6.75022,-6.905165,-6.22528,-696.764,6751.695,29.6869,6159.424999999999,8743.68,3.80751,3.026535,2.024451,-2.51783,-1.837943,0.505567,7306.6900000000005,80.14125,6714.42,0.570172,0.9811435,0.0215145,12812.5,-0.04960777770856031,-0.0964592570489601,-0.006489783571362756,-297.21804511278214,-0.005499319082627866,-0.010693085993527918,-0.0007194313529985332,-3.953000000000003,21.920310216782973,0.0,21.920310216782973,371.5139028354131,0.031054291352082083,0.6837015467292733,0.05828681197320806,0.2757716446627489,0.02668756049593237,62.78309186273801,353.55257425263704,0.881949468725961,2.3318811866478106,2.995954863344907,1.278385420774971,1.1316819768821984,63.69617884928415,354.918106680964,2.8033955446921857,118.94243166338886,298.2717824401093,0.4808750376137236,2.7329606382181946,2.1937973744177013,0.8773073834181495,1.5327628426661446,0.565590672640559,304.18319513082827,1.8089912783095465,169.6773432135243,0.016396392042153655,0.0011872322856123212,5.685138520739812e-05,165.03872272894122,0.043744566704173427,0.04564645279051487,0.04190095354165474,0.0,0.004849347048981728,0.005060182505249247,0.004644971495108178,-3.953000000000003,15.5,0.0,15.5,262.7000000000007,0.0219587,0.4834500000000004,0.04121500000000067,0.19499999999999673,0.018870955000000002,44.39435,249.99942276000002,0.62363245,1.648889,2.11846,0.9039549999999998,0.8002200000000002,45.039999999999964,250.96500000000015,1.9822999999999995,84.10499999999979,210.90999999999985,0.34003000000000005,1.9324950000000003,1.5512489999999999,0.6203500000000001,1.083827,0.399933,215.08999999999946,1.2791500000000013,119.98000000000025,0.011593999999999993,0.0008395000000000763,4.0199999999999785e-05,116.70000000000073,0.030932079756588293,0.032276916305284675,0.02962844838748655,0.0,0.003429006182661953,0.0035780893635032752,0.0032844908426092087,1
-3.950000000000003,44.5,43.2727,44.5,9723.244999999999,-0.4724355,30.04375,8.813055,123.735,0.6021315,-134.8,324.065,-2.52968,-3.232785,-8.24209,-7.970610000000001,-4.8172049999999995,-634.4455,6260.485,30.36415,6119.625,11166.150000000001,1.465254,0.7621485,-0.25221950000000004,-3.975675,-0.822273,0.8628795,6765.844999999999,76.30590000000001,6624.98,0.554642,0.980653,0.020798999999999998,12198.349999999999,0.028171108692258074,-0.015298771674783145,0.06801111450911608,-296.9924812030077,0.003122936014595656,-0.0016959604098004911,0.007539439118762037,-3.950000000000003,21.920310216782973,0.0,21.920310216782973,388.0672725829894,0.0607100669123334,0.1001970308941339,0.022012234098337927,0.28991378028648207,0.3339149139593798,17.57443193961045,220.82237669674694,1.2484535907273446,1.226455498764631,0.7875189643430819,0.45051187242957375,2.7733647196951936,50.40327846975838,213.07248637494232,7.967184235663186,145.6710679922408,1070.4889560383147,1.5658257415408652,0.9090868834850167,1.422261144649779,0.13314113582961476,2.4559897404545485,0.5286337367218441,172.92296333917065,4.3174525845688185,185.81351996020044,0.013241281584499304,0.0005883128419471679,0.0017223706976141925,20.576807332529434,0.024868040791077305,0.02594923062420484,0.023819978122208582,0.0,0.0027567711674845044,0.002876627531867372,0.002640587147539884,-3.950000000000003,15.5,0.0,15.5,274.4050000000002,0.042928499999999994,0.07085000000000008,0.015565000000000495,0.2049999999999983,0.2361135,12.426999999999996,156.145,0.88279,0.867235,0.5568600000000001,0.3185600000000004,1.9610649999999998,35.64050000000006,150.66499999999996,5.633649999999999,103.00500000000011,756.9500000000003,1.1072060000000001,0.6428215,1.0056905,0.09414499999999981,1.736647,0.37380050000000004,122.27500000000032,3.0528999999999975,131.38999999999965,0.00936300000000001,0.00041599999999997195,0.0012179,14.550000000000637,0.01758436027819444,0.01834887694094887,0.016843268057928892,0.0,0.0019493315867078489,0.00203408283473134,0.0018671770783394946,1
