detuning,cyc,freq,VVA,cyc.1,ROIsum,fBg,fA1,fWidth1,fCtr1,fA2,fWidth2,fCtr2,box1,box2,box3,box4,box5,box6,box7,box8,box9,Nfit,BZ-2,BZ-1,BZ0,BZ1,BZ2,Excited,c5,c7,c9,fraction95,fraction75,fraction97,sum95,two2D_bg,two2D_a1,two2D_sh1,two2D_sv1,two2D_ch1,two2D_cv1,two2D_a2,two2D_sh2,two2D_sv2,two2D_ch2,two2D_cv2,two2D_chd,two2D_cvd,Rab,transfer,Delta,ScaledTransfer,e_detuning,e_cyc,e_freq,e_VVA,e_cyc.1,e_ROIsum,e_fBg,e_fA1,e_fWidth1,e_fCtr1,e_fA2,e_fWidth2,e_fCtr2,e_box1,e_box2,e_box3,e_box4,e_box5,e_box6,e_box7,e_box8,e_box9,e_Nfit,e_BZ-2,e_BZ-1,e_BZ0,e_BZ1,e_BZ2,e_Excited,e_c5,e_c7,e_c9,e_fraction95,e_fraction75,e_fraction97,e_sum95,e_two2D_bg,e_two2D_a1,e_two2D_sh1,e_two2D_sv1,e_two2D_ch1,e_two2D_cv1,e_two2D_a2,e_two2D_sh2,e_two2D_sv2,e_two2D_ch2,e_two2D_cv2,e_two2D_chd,e_two2D_cvd,e_Rab,e_transfer,e_Delta,e_ScaledTransfer,em_detuning,em_cyc,em_freq,em_VVA,em_cyc.1,em_ROIsum,em_fBg,em_fA1,em_fWidth1,em_fCtr1,em_fA2,em_fWidth2,em_fCtr2,em_box1,em_box2,em_box3,em_box4,em_box5,em_box6,em_box7,em_box8,em_box9,em_Nfit,em_BZ-2,em_BZ-1,em_BZ0,em_BZ1,em_BZ2,em_Excited,em_c5,em_c7,em_c9,em_fraction95,em_fraction75,em_fraction97,em_sum95,em_two2D_bg,em_two2D_a1,em_two2D_sh1,em_two2D_sv1,em_two2D_ch1,em_two2D_cv1,em_two2D_a2,em_two2D_sh2,em_two2D_sv2,em_two2D_ch2,em_two2D_cv2,em_two2D_chd,em_two2D_cvd,em_Rab,em_transfer,em_Delta,em_ScaledTransfer,filter
-5.0,109.87878787878788,42.2227,0.0,109.87878787878788,13922.575757575758,-0.20615095242424242,30.70387575757576,8.875724242424242,118.75021212121213,0.29890196787878787,-175.17242030303032,279.35107374592656,-4.783150303030303,-4.735758454545455,-5.748633666666667,-2.4066422121212123,-3.2537213636363638,-174.72503333333333,8516.682424242425,-6.317494757575758,6679.731515151516,93707.17303030303,-3.6829532424242424,-3.635560696969697,-3.5482372727272726,-1.3064449393939392,-2.153524566666667,0.8170830909090909,8655.856666666665,6.334776303030303,6818.905454545455,0.5603358181818181,0.9987533333333334,0.0016949100393939393,15474.763636363637,-0.0012963739393939393,1.0491998484848486,11.070309090909092,6.3750678787878785,118.298,87.95177878787878,0.7569643636363637,10.790278787878789,9.994815151515152,118.062,137.20921212121212,0.2359184,-49.25741515151515,0.7863214297466118,-0.025638827408502932,-287.35632183908046,-0.002449248132380278,-5.0,66.02071529819143,0.0,0.0,66.02071529819143,1314.710853198885,0.11171632301981606,2.1825071583545697,6.320048527702848,0.16486618770531594,1.650428917183526,1556.5599829581472,207.2817596306695,1.7606762087307621,1.9166405697238382,2.832562873981184,1.8973484768774482,1.6103571570167636,32.9080627183395,578.2503079713306,10.212290659809815,788.4027425478731,470792.9130964195,1.7913175102419556,1.9760862549715454,2.8299245078498587,1.9440669670609658,1.6141152187752783,0.3817584862793134,576.8516293135239,9.573076272023355,785.481172005777,0.01728252014040221,0.0019048855882090481,0.002626985192659767,1298.1101640505542,0.00011435939270397171,0.048711978737986814,0.24795112719500276,6.713879531440707,0.14507842706618784,0.6443985304906241,0.06885781156930308,0.26335884710502006,0.18619287620840222,0.16669751797792956,0.812653283909262,0.10079463677736343,0.20278509887503576,0.056118121675277834,0.12107296116213784,0.0,0.011565962798664163,-5.0,11.492731363627646,0.0,0.0,11.492731363627646,228.86178358437743,0.019447315643279145,0.37992573023289455,1.1001792332287712,0.028699519502093488,0.2873027972248088,270.96231318779525,36.08312283887934,0.3064943873128161,0.333644297687119,0.49308590544977926,0.3302859753859398,0.28032719914495985,5.72855842005163,100.66045816730961,1.7777316199979596,137.24330137177728,81954.52675237926,0.3118283532553164,0.34399246323172006,0.4926266248580853,0.3384186206468758,0.28098139372681885,0.06645562243269831,100.41697946512335,1.6664586777189359,136.73472122009997,0.0030085005950483542,0.00033159801805922177,0.0004572994245685396,225.97197453018688,1.9907415018424528e-05,0.008479667075672536,0.04316275101367917,1.1687364112021372,0.02525491251342165,0.11217538568910412,0.011986606432223412,0.04584489077923691,0.032412019446008085,0.029018313183230778,0.14146477876762453,0.0175460941031094,0.03530035467491065,0.009768911077869005,0.021076097278720198,0.0,0.00201337569286226,1
-4.410000000000004,117.0,42.8127,4.0,117.0,13419.179999999998,-0.16339709600000002,29.733800000000002,10.778319999999999,118.74960000000002,0.038438700000000006,27.37709,311.81660000000335,-4.123816,-4.72464,-3.651938,-2.2054618,-3.0367325999999997,-172.9566,8332.432,-4.34012,6350.01,10578.174,-3.034752,-3.6355780199999996,-1.4738114,-1.1163992,-1.94767,0.8798204000000001,8470.198,8.184090000000001,6487.778,0.5668502,0.9983468,0.0022638558,14957.98,-0.00126804,1.0302806,11.055200000000001,9.161586,118.2662,87.3956,0.7271926,10.753499999999999,9.918028000000001,118.0904,136.644,0.17617264000000002,-49.248419999999996,0.7649513707604906,-0.06719075185124337,-253.4482758620692,-0.0064186563941807705,-4.410000000000004,64.82669203345178,0.0,0.0,64.82669203345178,991.2962080024306,0.12688051599296513,1.7054124207944545,0.20415225200815199,0.15979142655349277,0.1078344535441943,77.09640215728618,245.74615316988664,1.3195451655892647,2.0758883368452166,1.0495114170984516,2.321389609225948,2.0741372003386855,36.26755007992683,422.5942109991577,6.033511792700002,603.1342147068096,642.024095949677,1.2552272686330554,2.100983423460928,1.0934025894243162,2.2126958855204664,2.2778372278655032,0.08800081426498284,420.97816097750166,7.360476011254301,603.7919893224814,0.013537092051101655,0.0014220800610373402,0.0019275893808908574,993.3239461525119,6.608200057504317e-05,0.032514808346352,0.18342910074467472,0.10974439703237691,0.13344174759048102,0.42743053236755063,0.060502117990199285,0.19266526671925077,0.10752901966446039,0.2221222636297443,0.45615512712232775,0.14043333196947227,0.09024082778875739,0.042731440381060325,0.10404604008472114,0.0,0.009939400320412186,-4.410000000000004,28.991378028648448,0.0,0.0,28.991378028648448,443.32114138624115,0.05674269175610385,0.7626836205137753,0.09129966264997916,0.07146089839905495,0.048225033688272315,34.478559208870664,109.90102073938839,0.5901185379277625,0.9283654869769771,0.4693557743588546,1.0381569936981785,0.9275823549236801,16.21934147121886,188.9898765384012,2.698268502304765,269.729820728076,287.121904347265,0.5613546999749802,0.9395883508917723,0.48898450334541277,0.989547682711571,1.0186797766373887,0.03935516055436696,188.2671569977086,3.2917049415842246,270.02398647897917,0.006053971608787071,0.0006359735371853085,0.0008620441776757383,444.22797345507144,2.9552769074995343e-05,0.014541064347564121,0.08203198766335,0.04907918638282419,0.05967696372973687,0.19115274520655348,0.027057369721759712,0.08616252665747452,0.04808843950472902,0.09933609615844748,0.2039987745061166,0.06280369531810688,0.04035692505630271,0.01911008109370608,0.046530803683820884,0.0,0.004445034954404968,1
-4.380000000000003,108.5,42.8427,4.0,108.5,13949.433333333334,-0.077612645,30.2872,7.192583333333332,118.78666666666668,0.036677803333333335,-13.400948333333332,320.4943392112668,-5.091335,-3.622446666666667,-6.628856666666667,-2.9297183333333336,-3.165498,-177.56083333333333,8428.908333333333,-1.7186249999999996,6732.913333333333,10819.443333333335,-3.9732800000000004,-2.504391333333333,-4.392746833333334,-1.8116675000000002,-2.0474468333333333,0.6681448333333333,8570.343333333332,11.138988333333335,6874.346666666667,0.5569205,0.9977969999999999,0.0027961183333333334,15444.683333333334,-0.001251865,1.0268203333333334,11.171750000000001,6.04579,118.29383333333334,87.99246666666666,0.7540181666666667,10.86245,10.018245,118.1035,137.2985,0.19013193333333334,-49.306099999999994,0.7981085737728782,-0.006628420741750909,-251.72413793103465,-0.0006332055231582078,-4.380000000000003,76.7039764288658,0.0,0.0,76.7039764288658,1767.3495666298345,0.1174992304910928,2.6960788208062447,8.939743833335868,0.19003333040986697,0.03754311413499135,51.4045950150297,250.04020011078302,1.8694686639229876,1.5499169490997464,2.241767523635461,1.4529402030836185,2.3145616572387957,17.333763243066024,648.0025372609799,8.805245426682326,1125.4425864639502,1399.8830975001683,1.921208233888248,1.5703221247255823,2.251419755923841,1.4594244458333223,2.3944060610849127,0.23514490912066685,658.9055635116968,9.392034618457105,1136.7294415940269,0.022496622508723373,0.0017140337219552586,0.0019228457850947558,1770.4355321972791,0.0001036315026910254,0.03970478097996085,0.37699074657078774,7.620931998730864,0.1649623189297086,1.0412499386154388,0.09071790049911137,0.3020684674043282,0.2720813062119485,0.25186405063049117,1.2869722219224597,0.1993611179389468,0.27859686286819535,0.07489348299388839,0.13621082402426488,0.0,0.013012065685998131,-4.380000000000003,31.31426724886491,0.0,0.0,31.31426724886491,721.5174392286791,0.047968859978808044,1.100669569549977,3.64963513714423,0.07758078227098263,0.015326912164299909,20.98583803687309,102.07848424246937,0.7632073861223218,0.6327509448309377,0.9151977591415846,0.5931603540551053,0.944915839740944,7.07647921128705,264.54592805304077,3.5947263925578072,459.46001193913605,571.4998814037009,0.7843299771099748,0.6410813228968,0.9191382664724758,0.5958075350726245,0.9775121811142277,0.09599750715979267,268.9970698807785,3.834282076962533,464.0678512507031,0.009184207680397178,0.0006997513367856467,0.0007849985045905786,722.7772793960187,4.2307383811812336e-05,0.01620940895831112,0.15390582780821951,3.111232460223226,0.06734558469400809,0.4250885073853552,0.03703542779323304,0.1233189354208561,0.1110767281282028,0.10282306809920186,0.5254042094743235,0.08138883558353961,0.11373669299453604,0.03057513639913933,0.055607836050580214,0.0,0.0053121535717122305,1
-4.350000000000001,111.0,42.8727,4.0,111.0,14010.34,-0.1980596122,30.64538,10.93154,118.72559999999999,-0.008650040000000003,58.599419999999995,300.771106,-4.286386,-4.295296,-7.826671999999999,-4.0529779999999995,-4.834886,-166.9438,8650.898,0.9896139999999999,6678.2880000000005,12203.960000000001,-3.2351840000000003,-3.2440927999999998,-5.724268,-3.0017736,-3.7836804,0.7054121999999999,8783.880000000001,13.078436,6811.262,0.5638676,0.9974285999999999,0.0036134236,15595.14,-0.001308196,1.0413080000000001,11.17738,9.306202,118.23479999999999,87.61098,0.7446737999999999,10.81454,10.124759999999998,118.0622,136.8586,0.17251146,-49.247879999999995,0.7748343327855597,-0.052997093172073816,-250.00000000000009,-0.005062752262618575,-4.350000000000001,64.82669203345178,0.0,0.0,64.82669203345178,832.3753077788883,0.13931750341141436,1.5407901924012912,0.20353271972830284,0.19209060362235203,0.21726779490607437,223.33059037387153,185.43783217046402,1.4045843646360299,2.373339896081048,2.6370704280261457,1.6559858888046117,1.8734612110556226,24.894719092610796,282.9722525619789,10.351770882215275,617.8601630789933,2159.129572999268,1.4080588617419374,2.4354407236164053,2.77216707248499,1.7524912594603146,1.9553477769007743,0.09731718448814682,280.39421204796605,11.570043178663163,606.2130194246901,0.01760454067279234,0.002279257291312227,0.003230222273326141,827.0229186667071,5.974313625848582e-05,0.030627003118163403,0.10666356922586023,0.10165982426701366,0.18562785351342453,0.40518177649049913,0.07159450968265647,0.15562950555726907,0.05815365852635573,0.18497486315713274,0.42589881427400594,0.07836598488061004,0.08329367923197988,0.05481406112838526,0.1489955902555652,0.0,0.014233379918354406,-4.350000000000001,28.991378028648448,0.0,0.0,28.991378028648448,372.24955419718077,0.062304681616696264,0.6890623218548535,0.09102259939157954,0.0859055295077093,0.09716511174629297,99.87647630622737,82.93031966667098,0.6281492238919029,1.061389868269902,1.1793337477041856,0.7405794034295039,0.8378373242258905,11.133256834367925,126.54903849496476,4.629452676027265,276.31546504674697,965.5920994912915,0.62970306623519,1.089162202635512,1.2397508038126048,0.783737917225497,0.8744581097606449,0.04352156797887687,125.39610372734852,5.174280610019715,271.1067040558015,0.00787298993140471,0.0010193148483172362,0.0014445993171182314,369.8558930178074,2.6717942772601345e-05,0.013696812183862279,0.04770139830235562,0.045463655528345054,0.08301529979467809,0.18120279909537645,0.03201803809323736,0.06959963074614697,0.02600710672104833,0.08272327362961404,0.190467740050647,0.03504633386335296,0.037250065771753896,0.024513593361179652,0.0666328536318298,0.0,0.006365361009404171,1
-4.32,116.0,42.9027,4.0,116.0,13816.579999999998,-0.062144514000000005,30.38166,-2.17312,118.7136,0.061467136,-53.1056492,392.61580000000157,-4.36228,-4.2473934,-7.462719999999999,-3.813536,-2.340468,-171.7234,8577.104,-6.8383844,6511.728,11137.038,-3.280984,-3.1660967999999996,-5.30013,-2.73224,-1.2591705999999998,0.6501431999999999,8713.886,5.596512,6648.512,0.5676234,0.9988598,0.0015602772,15362.38,-0.001302368,1.0505900000000001,11.084999999999999,9.23749,118.21520000000001,87.66668,0.741994,10.7608,9.989197999999998,118.0874,136.8532,0.12790366,-49.18656,0.7621333206419687,-0.06809348703793257,-248.27586206896552,-0.0065048936637252894,-4.32,64.82669203345178,0.0,0.0,64.82669203345178,972.1212871859152,0.11037791397416416,1.6883515415931625,11.786235420056736,0.06775913222584587,0.12787986171371504,114.29405744606993,220.05872949782847,0.8432992890130999,2.2842282792680333,2.7241597451599637,2.5413670520174767,2.785892117153857,25.748975412625647,401.2868162299875,5.860604757816108,524.6810068698886,1626.2209481555692,0.8911905447938729,2.375672052262517,2.71833150779113,2.4671074612286352,2.8833944777972715,0.11149015234853703,401.8142153782021,7.51467606686875,530.3947078544428,0.009551531568287804,0.0015560228790091261,0.002182625608669453,919.9635085154184,0.00010406952661562369,0.05585388218825978,0.11750855288020531,0.16557834384363215,0.09728925942774777,0.36363725331709734,0.04382325978290526,0.2403429944891255,0.13006328467327052,0.0931681275973713,0.4223064053504252,0.10779375267726789,0.12911275304941994,0.029812720776355047,0.07627606256792449,0.0,0.007286565832876316,-4.32,28.991378028648448,0.0,0.0,28.991378028648448,434.74585610446036,0.049362503772171,0.755053763383775,5.270964719612531,0.030302805150677598,0.05718961274902791,51.113856374735676,98.41325563987652,0.37713490712210657,1.0215379417141393,1.2182812743492366,1.1365338968178644,1.2458888303873665,11.51529187472033,179.46091991294358,2.620942125547102,234.64447957282104,727.2681173020028,0.39855252781283423,1.0624328402210843,1.2156748073600934,1.1033239982208312,1.2894932116604414,0.04985991189462733,179.69677998228025,3.360665302881856,237.19972433373516,0.0042715747751853415,0.0006958745864018674,0.0009760998460833502,411.4201883719365,4.654130717975164e-05,0.02497861547604272,0.05255142243555356,0.07404888648723906,0.043509079512211266,0.1626235235136681,0.019598357574041766,0.10748465471870838,0.058166069181267877,0.04166605332881927,0.1888611659394263,0.04820683170723419,0.05774097851612925,0.013332654050030038,0.034111692191581264,0.0,0.003258651304967763,1
-4.290000000000006,100.4,42.9327,4.0,100.4,14043.820000000002,-0.15510410000000002,30.869259999999997,10.84432,118.75160000000001,0.1191544314,29.027359999999998,407.00264000000004,-4.791118,-4.5337292,-7.319800000000001,-3.4762180000000003,-3.817977,-157.1328,8428.344000000001,-2.9723216,6911.12,11256.634,-3.80169,-3.5443052,-5.3409468,-2.4867958000000003,-2.8285519999999997,0.715777,8553.506,8.406036,7036.282000000001,0.5505546,0.9983478,0.0019253808,15589.779999999999,-0.0013079699999999999,1.035065,11.0768,5.44677,118.3092,88.07480000000001,0.775713,10.804120000000001,10.045134000000001,118.0154,137.3998,0.29376452,-49.32508,0.8201691227440907,0.024204428042740388,-246.55172413793144,0.002312221586208503,-4.290000000000006,85.01940954864365,0.0,0.0,85.01940954864365,1482.7944638418357,0.13493245021046643,2.4458208260214027,0.26957977854431203,0.11682807881668825,0.21974423100391519,58.78615120896247,176.37071288495716,1.0920664969542835,2.2874237172861527,3.7196489125789816,2.2116833655996055,1.9670866577174477,4.194205133276159,426.6635004661178,10.418477679885594,1080.0756142742969,1063.4453849540182,1.0823177348172766,2.2708461390559247,3.7438108085159967,2.202405234024429,1.9726349330071187,0.15494724188251952,426.62812533868487,10.28418917969375,1078.8647135623632,0.028002622043301586,0.0019983929043108245,0.002380295877752008,1449.8214207273952,0.0001444870777959053,0.03794337557466384,0.21751091926613647,8.312127458854922,0.10778543500863216,0.8893795758842233,0.08513804529116224,0.3314703938513976,0.2384200389648485,0.18781719836053257,1.1827509036141137,0.15202653771217708,0.2949074973614638,0.09389151126420911,0.16898063442562888,0.0,0.016142528543959353,-4.290000000000006,38.021835831532385,0.0,0.0,38.021835831532385,663.1258435621398,0.060343626208241755,1.0938043255537087,0.12055974203688419,0.05224710518296362,0.09827260763763425,26.289966047764306,78.87538065017245,0.4883869846279689,1.0229669850394194,1.663477564191955,0.9890948700372477,0.8797078968578149,1.8757055579168116,190.80971811205052,4.659284862857696,483.02449887143393,475.58723422312335,0.4840272056610042,1.0155532666743976,1.6742830925480434,0.9849455634559912,0.8821891609989322,0.06929451315508323,190.79389787411995,4.599229219852605,482.4829676102567,0.012523153287411281,0.0008937084759584472,0.0010645006778432038,648.3798503963557,6.461658556438895e-05,0.016968793416150697,0.09727384026550996,3.7172964071284387,0.04820311193273743,0.3977426378954112,0.03807489134849893,0.14823806663607067,0.10662468286470997,0.08399440457554258,0.5289422841860919,0.06798833454167266,0.1318866422349146,0.04198956033939176,0.07557043709134946,0.0,0.007219158230604763,1
-4.260000000000005,115.0,42.9627,4.0,115.0,14365.74,-0.09576082,31.4598,2.02072,118.73679999999999,0.04212934,-28.197219999999998,221.69920000009589,-4.5324219999999995,-4.06048,-5.1177496,-3.8758160000000004,-3.30249794,-178.7356,8720.98,-2.3849102,6875.530000000001,11633.98,-3.4069720000000006,-2.9350286,-2.86685,-2.7503652,-2.177048,0.7862020000000001,8863.348,10.5577688,7017.9039999999995,0.5589158000000001,0.9979558000000001,0.0026555662,15881.24,-0.001231406,1.0853,11.02936,9.119463999999999,118.2618,87.90830000000001,0.780454,10.81118,9.922982000000001,118.0962,137.1172,0.16542268,-49.20886,0.7921159119329068,-0.025657611758830034,-244.82758620689688,-0.0024510425800835047,-4.260000000000005,64.82669203345178,0.0,0.0,64.82669203345178,1210.4620369924871,0.06991882387070023,1.9677104804823289,11.807923017491264,0.11064447568677116,0.12911447075910198,188.61369523855365,257.8690669722658,1.0461879116200874,2.045209706619348,2.5140825541956255,1.6282405636084614,2.6153120114185646,27.14302235013632,561.0159749508026,7.802194942393468,785.8821971835223,365.1817999298427,1.0743092601155404,2.067235909632667,2.736493332058384,1.712854101902786,2.5275150949638263,0.17824659776556742,550.8341887719025,8.647236860846197,786.2375926079852,0.02485872763638552,0.0016221860867359581,0.0021304392129399517,1147.6549646997566,0.00010874359765062041,0.05671166590746571,0.2352868100850529,0.13023843376668898,0.141330110026139,0.4715520702955329,0.06280640927086978,0.21570472178420202,0.2334102612782906,0.13997392614340318,0.5556030057514063,0.0632233261305667,0.10155130722940026,0.08258931129352809,0.1577178065688922,0.0,0.015066603360099951,-4.260000000000005,28.991378028648448,0.0,0.0,28.991378028648448,541.3350797796132,0.03126864861634414,0.8799868788794522,5.280663708038981,0.04948171379408861,0.05774174669925218,84.35060880816687,115.32255260888643,0.4678694575242115,0.9146455864486527,1.1243318984455435,0.728171316790218,1.1696030879807233,12.138728617940181,250.8939712906628,3.48924765297937,351.45720304184994,163.31426575777127,0.4804457068951704,0.9244960038934511,1.2237970220914904,0.7660116414787963,1.1303391132991905,0.07971430187237417,246.3405380849851,3.8671618876787974,351.6161407074482,0.011117160965822138,0.0007254636724191945,0.0009527613804129763,513.2469031567555,4.863161529293473e-05,0.025362228017270127,0.10522346031185227,0.05824439823708411,0.06320474665719426,0.2108844968223142,0.028087880110467568,0.09646608419543108,0.10438424217284895,0.0625982427868369,0.2484732178726702,0.02827433099831718,0.04541512523378096,0.03693506285344398,0.07053354735004115,0.0,0.006737989860642047,1
-4.230000000000004,109.5,42.99269999999999,4.0,109.5,13870.683333333334,-0.1731535333333333,30.427366666666668,3.501633333333333,118.68950000000001,0.023272835000000002,86.73413333333333,252.17716666666698,-5.278860000000001,-3.3544983333333334,-6.469368333333333,-2.336264266666667,-3.246176833333333,-166.37466666666668,8416.960000000001,-0.35105433333333336,6754.31,11350.205,-4.231245,-2.3068813333333336,-4.374134000000001,-1.2886481666666667,-2.1985601666666668,0.6836661666666667,8549.485,11.696536666666667,6886.833333333333,0.5552361666666666,0.9976656666666667,0.002957384,15436.316666666666,-0.0013150883333333332,1.0299488333333333,11.103066666666665,6.165176666666667,118.25566666666667,87.8286,0.7562774999999999,10.888183333333332,10.021265,117.9425,137.04783333333333,0.3132568333333334,-49.2192,0.8031766990447657,0.006714937379592376,-243.1034482758623,0.0006414703595439298,-4.230000000000004,76.7039764288658,0.0,0.0,76.7039764288658,1390.473350218072,0.15712192655944196,2.304736718730939,11.319473146161293,0.06630460014207186,0.15817379907099832,129.47129548692507,215.41769978756733,1.5090747489770016,1.8972835114385689,2.866319302264956,2.01701465683857,2.8292911658870614,33.32331648360749,560.7533133205718,7.9017064086214095,933.2798209111774,1865.5156022263654,1.6685330826177824,1.9217019867384915,3.1790155652893555,1.9704505556316216,2.936671556367202,0.19835833078488704,567.1589546767294,8.889588252459541,942.6692196028605,0.02080946576360552,0.0016855897088754231,0.001930392339240912,1460.631342148548,0.00012570484531897202,0.03928535984010672,0.2843187764933344,7.500229382726015,0.05801608972230286,0.6827727938340783,0.08030763973060098,0.27544776213769995,0.20703573109490078,0.12069589885327427,0.8153692210689961,0.11877583895122215,0.15589705577719845,0.06860142545792758,0.13607741064739284,0.0,0.012999320857268952,-4.230000000000004,31.31426724886491,0.0,0.0,31.31426724886491,567.6583681620882,0.06414475791228082,0.940904825391199,4.621155560871953,0.027068739657890844,0.06457418306690962,52.856435046678826,87.94390767393203,0.616077186452044,0.7745627500700708,1.170169955073241,0.8234427854949014,1.1550532816979027,13.604186987019025,228.9265815350704,3.225858133067041,381.0098914114084,761.5935554425776,0.6811757785611091,0.7845315508669983,1.2978276698873905,0.8044330707801784,1.1988911425407622,0.08097944944219558,231.54167366804637,3.629159206994247,384.84309737577166,0.008495428823458238,0.000688139117071872,0.0007880793724196398,596.3002484300825,5.131878820449465e-05,0.01603818099498127,0.11607265445018095,3.0619558235847304,0.023684969448528236,0.27874082585799803,0.03278545663120566,0.11245107800481279,0.0845219832844293,0.04927389437284854,0.33287309059826925,0.048490033200247556,0.06364470650939076,0.028006414666583067,0.0555533702675472,0.0,0.005306950517171288,1
-4.200000000000003,113.0,43.0227,4.0,113.0,13289.38,-0.1865865272,29.497659999999996,6.46888,118.7334,0.029641688,125.946878,292.5219838,-3.78272,-4.027951,-7.8860079999999995,-3.4234999999999998,-2.3137920000000003,-172.904,8256.434,-3.431242,6364.35,11199.774,-2.6939859999999998,-2.9392172,-5.708544,-2.3347676,-1.2250576,0.5893592,8394.158,9.089194,6502.072,0.564434,0.9981028000000001,0.0025879514,14896.24,-0.0013446699999999998,1.0082208,11.091660000000001,9.260589999999999,118.26700000000001,87.85698,0.7205568,10.79914,10.008828,118.056,137.03220000000002,0.21057951999999996,-49.1751,0.773134338608753,-0.05800795764807652,-241.37931034482776,-0.005541434468474452,-4.200000000000003,64.82669203345178,0.0,0.0,64.82669203345178,968.0725990337713,0.15161118365618712,1.749352632547252,9.712888165576704,0.13165219329734765,0.1641553602072187,142.81306746005077,258.40885711554716,1.2843043319634173,2.333641624442365,1.94058790641393,2.0669807038528445,1.0526410964664072,28.27891419414826,317.37089647603216,9.558828775881487,689.6210801229903,1554.874403892482,1.1758727107259526,2.366355311513721,1.8278371033628789,1.9881965985272432,0.9348640197035608,0.2017865538228452,334.7456022414638,9.517995088508924,708.126721088817,0.018071981241690085,0.001961806998662196,0.0026216297855987977,1024.9048067991484,9.37989922653757e-05,0.029304742716836835,0.18241781163033444,0.1519018517003661,0.08509700347250947,0.4252121729207645,0.06923744782413634,0.16411420718511854,0.14318863055424466,0.18005138155537512,0.5449047623209067,0.1411848267493784,0.12346714137777602,0.05656624811294879,0.149789643141693,0.0,0.01430923489086827,-4.200000000000003,28.991378028648448,0.0,0.0,28.991378028648448,432.93522771888195,0.0678025825608879,0.7823342805987732,4.343735639216549,0.05887665071996231,0.073412508858861,63.86794538318736,115.56395409967872,0.5743583580135314,1.0436362614752326,0.8678572950111095,0.9243818723990644,0.4707554095217601,12.64671489359984,141.93257972009127,4.274838185630422,308.4079227743671,695.3609727156107,0.5258662628140351,1.058266267092474,0.8174336029831414,0.8891485493881548,0.41808389955517294,0.09024169025866038,149.7027843562038,4.256576805483016,316.68389700772576,0.008082035708904018,0.0008773467615487018,0.0011724284824874223,458.35136369383684,4.194818458527141e-05,0.013105479355597806,0.0815797254224359,0.06793257326202212,0.03805653688921337,0.19016066470224496,0.030963927984672755,0.0733941046678819,0.06403590230487889,0.08052142572011411,0.24368881796258268,0.06313977400062816,0.05521618422165685,0.02529719520253454,0.06698796487805214,0.0,0.006399284384398648,1
-4.18,112.0,43.0427,4.0,112.0,13823.86,-0.10903934,30.335859999999997,6.506620000000001,118.69380000000001,0.05501842,39.715214,201.10187600000603,-5.544432,-4.7771419999999996,-5.823868,-2.524956,-4.206304,-181.0152,8511.923999999999,1.4130220000000002,6596.232000000001,10886.782000000001,-4.404628,-3.637336,-3.5442614,-1.3851532,-3.0664984,0.8355509999999999,8656.114,14.5207806,6740.42,0.5627712,0.9971686,0.0039364522,15396.52,-0.001297558,1.0399478,11.14226,5.468042,118.2182,87.9437,0.7489086,10.817359999999999,9.937088,117.9728,137.0564,0.2452152,-49.11252,0.7791608858344917,-0.050411800449678856,-240.22988505747125,-0.004815782178102065,-4.18,64.82669203345178,0.0,0.0,64.82669203345178,1458.3970440178493,0.12441859870934892,2.6496176956308246,9.706812421541894,0.07898227649289265,0.10280722891014035,35.98000906710531,272.8646782813669,0.7820554408224523,1.142556358881259,3.736088654156912,1.2783233894754487,3.2673048092472183,28.218516203018183,810.869489332285,10.689082198777404,805.7799371230336,825.0028321890777,0.8534389648182235,1.2551120773580342,3.859397717738326,1.2251574670480934,3.311764507876851,0.17828287280470884,830.8369420229218,11.63149317629477,825.6732266762684,0.02207802988719788,0.0020989085973429173,0.00295926026247679,1514.130668733712,0.00014270026023101702,0.07435473474634953,0.20795015748972154,8.277663690122353,0.07329188222443532,0.817836355880572,0.07783285323242366,0.14166214384937215,0.2298087619521938,0.05678644204385332,0.9185305111970868,0.09459083811976718,0.17584489472259246,0.07138118521309111,0.15287329812364742,0.0,0.014603812957373456,-4.18,28.991378028648448,0.0,0.0,28.991378028648448,652.2149857217328,0.05564168887587436,1.1849450563633743,4.341018483881403,0.03532194785115833,0.0459767904842911,16.09074922102125,122.02879385914936,0.3497458255705134,0.5109667373166281,1.6708296401321114,0.5716835992190086,1.4611831313377528,12.619704090825584,362.631859805506,4.780302882709838,360.3557428625219,368.9524828809259,0.3816695079961198,0.5613031848707078,1.7259751298140886,0.5479070758921991,1.4810661130167553,0.0797305245630555,371.56157611626094,5.20176188440401,369.2522924099458,0.009873595127409296,0.0009386604604434995,0.0013234214220023944,677.1398204211591,6.381749645669279e-05,0.03325244826836063,0.09299813761576087,3.701883741199067,0.032777126170549176,0.3657475372439338,0.0348079101420927,0.06335323669710997,0.10277360271003452,0.025395668922081626,0.4107793324888636,0.04230230881689556,0.07864022761920215,0.03192263649019491,0.06836701730981333,0.0,0.006531023700675857,1
-4.160000000000004,116.5,43.0627,4.0,116.5,13438.35,-0.17545769166666667,29.619200000000003,3.5855666666666663,118.76350000000001,0.17154845833333332,-8.92290833333333,138.7579712750228,-5.05892,-3.17871,-6.5349233333333325,-3.7352833333333333,-2.6987133333333335,-153.0198333333333,8143.485,3.120176666666666,6549.313333333333,12276.068333333335,-4.0953911666666665,-2.2151868333333335,-4.6078725,-2.7717571666666667,-1.7351896666666666,0.6965218333333333,8265.373333333333,14.200716666666667,6671.2,0.5545405,0.9970398333333333,0.003932341666666666,14936.566666666666,-0.0012468483333333334,0.9940046666666666,11.053566666666667,9.276038333333334,118.29849999999999,87.67971666666666,0.7353668333333333,10.808166666666667,10.047555000000001,118.09433333333334,136.8675,0.20430276666666666,-49.18765,0.8062133173123219,0.007784142326396538,-239.0804597701152,0.0007436102966544457,-4.160000000000004,76.7039764288658,0.0,0.0,76.7039764288658,1076.2244612533204,0.09872664484692276,2.044926482786116,11.227931128158325,0.26208529146062337,0.2588364498955014,245.19910182784736,199.3159755471337,3.7996452609105495,1.6201876046927401,2.174958586379673,1.199120573848463,1.311125197693442,18.743564692092768,414.7420741497057,4.802889160551873,843.4893622486692,3549.3326031828396,3.756066619944881,1.6388489366552876,2.3222718939257523,1.2725388265700057,1.2902127124702603,0.15176860968779632,425.8252388323953,5.870234490517962,850.2512078674154,0.02395183811526793,0.0011609069586606153,0.0016565185393881553,1164.6035491387897,0.00013411923238919405,0.03345617734689166,0.2207223746398773,0.10073677410293948,0.23778204305623754,0.6284596515820762,0.07827503549770298,0.22807212601864899,0.10584697326801604,0.3001597352521969,0.7374330478084182,0.1211456784292641,0.12203453199811862,0.08114088138759577,0.13743397812440925,0.0,0.013128912211295867,-4.160000000000004,31.31426724886491,0.0,0.0,31.31426724886491,439.3667964620601,0.040304983981989166,0.8348377407217121,4.583783688516629,0.10699587219452276,0.1056695381795738,100.10211414449334,81.37040627925445,1.5511986821358508,0.6614388198465523,0.8879231247192017,0.4895389243336814,0.5352646205424421,7.652028242745695,169.31774275505404,1.96077128908272,344.3530901624733,1449.008967537047,1.5334077764608778,0.6690572767180409,0.9480635306874657,0.5195118004960951,0.5267271342007274,0.06195927545112012,173.84242578969156,2.396513195375964,347.11360207670697,0.009778296964025327,0.00047393828126079864,0.0006762708618269097,475.4474080040584,5.4753947341214036e-05,0.013658427207324339,0.09010953211385421,0.04112561581436939,0.09707411258071365,0.2565675783838976,0.03195564942793543,0.09311005554957218,0.04321184588744176,0.12253969878279511,0.3010557810993429,0.049457516115831955,0.04982038906578951,0.03312562611321705,0.05610718662093803,0.0,0.005359855965911674,1
-4.140000000000001,109.0,43.0827,4.0,109.0,13497.320000000002,-0.19838742,29.9553,10.8543,118.75540000000001,-0.24941027999999998,444.06167400000004,349.4126,-4.084845199999999,-4.725928000000001,-7.981162,-3.588214,-3.6974760000000004,-178.034,8330.117999999999,-5.218742000000001,6503.178,24967.059999999998,-2.9638136,-3.6048922000000005,-5.7390874,-2.46718,-2.576444,0.6692528,8471.928,7.673148,6644.988,0.5611908,0.9984080000000001,0.0021660786,15116.920000000002,-0.001353994,1.02445,11.0372,5.49126,118.2606,88.09036,0.7385648,10.735679999999999,10.043332000000001,118.124,137.3974,0.13643,-49.30706,0.7837794191870187,-0.031086150857912043,-237.9310344827587,-0.0029696247694378612,-4.140000000000001,64.82669203345178,0.0,0.0,64.82669203345178,777.4361176328251,0.14854973522033624,0.9451452084203786,0.22805422600776407,0.10167988985045377,0.5720931547143104,712.4669151722618,201.5639138357856,2.3145159433940394,2.0535993098873986,2.642400113981605,1.2458058330373958,1.2642506195885372,47.35805478479875,151.42248964404183,5.765503147329815,648.356923052419,30948.83433447857,2.311092706386916,1.810919677370921,3.1208510192395917,1.090553777559823,1.0579156034769504,0.184808106704495,121.7453016341897,8.011258147240046,639.6043422069614,0.019809307400815414,0.0016652387216252284,0.0023324030297527483,742.4284861183595,6.217075260924541e-05,0.02764133137169777,0.18199734888179017,8.309942022267665,0.10723945169572456,0.6124716915907248,0.05216979100207322,0.17315734751953146,0.19465128401836945,0.19467280241471968,0.7612596797414035,0.14525836288317445,0.15534003991244644,0.06569156467933521,0.12105814189267916,0.0,0.01156454713064368,-4.140000000000001,28.991378028648448,0.0,0.0,28.991378028648448,347.68000143810394,0.06643346119845331,0.4226817869272347,0.10198895038189218,0.045472629130061115,0.2558478366807005,318.62489080895074,90.1421226295454,1.0350829968872255,0.9183975310909759,1.181717255723212,0.557141305887474,0.5653900651992393,21.179165956193838,67.71819603326709,2.57841139238369,289.9540307255619,13840.73947925471,1.0335520787570214,0.8098679000786734,1.3956870053338464,0.48771047594858985,0.47311424076643477,0.08264869787685708,54.44615407905288,3.582743560505552,286.0397575757607,0.008858991587082587,0.0007447173960637719,0.001043082345090722,332.0241126785821,2.7803605809319032e-05,0.012361579187142745,0.08139168876488563,3.716319050174514,0.04795894077228904,0.2739056673382294,0.023331039810518515,0.07743831997144539,0.08705070059453851,0.08706032391393968,0.3404456784862996,0.06496151474142209,0.06947017777435215,0.029378160834263537,0.05413884690036913,0.0,0.005171822702623881,1
-4.1200000000000045,110.5,43.1027,4.0,110.5,13601.616666666667,-0.19910611666666667,29.814233333333334,7.306233333333334,118.6585,0.11975926666666666,9.272300000000001,398.13832155349996,-4.13954,-3.9737899999999997,-3.46664,-2.6200988333333335,-3.9173566666666666,-182.81033333333335,8307.745,-4.7694,6539.329999999999,11731.47,-2.9884283333333332,-2.8226798333333334,-1.1644228333333333,-1.4689915000000002,-2.7662483333333334,0.8907783333333333,8453.358333333334,8.468338333333334,6684.946666666667,0.5603846666666666,0.9982701666666666,0.002283858,15138.300000000001,-0.0012508983333333332,1.0191255000000001,11.075316666666666,0.00862500000000003,118.21233333333333,88.25796666666668,0.732023,10.835966666666666,10.060748333333335,117.93933333333332,137.641,0.2729918333333334,-49.383316666666666,0.786556253888456,-0.030658054086299888,-236.78160919540258,-0.0029287291698988065,-4.1200000000000045,76.7039764288658,0.0,0.0,76.7039764288658,1993.1519283954922,0.11551938667597603,3.5581682291126513,8.87644841761989,0.2497556806160775,0.15673496443432994,211.68602095797445,199.47660663107072,0.9571391197730871,1.2978895175784417,1.7828810812838862,1.0123421932292294,2.777022782093562,28.95792544134794,791.5439963198511,5.405778937574121,1142.5437786273224,2893.8653455750145,0.9372878058188244,1.4097844660160526,1.8854930147458426,0.9517262578943065,2.7870586588905275,0.24115353713405627,795.4213714859981,5.748235650212738,1144.9036708591104,0.020742122829321596,0.0010679096247654535,0.001299727120960396,1916.5000767023203,8.527997031347209e-05,0.08791089953754304,0.21180473475979333,10.087441791466754,0.24159856511715022,0.45174864545083804,0.11294469094915442,0.2173621647542801,0.13967259107164376,0.2422136797678158,0.5955743446455606,0.10172739072917711,0.15874954383136863,0.06701457719392567,0.14504848631507186,0.0,0.013856317551166819,-4.1200000000000045,31.31426724886491,0.0,0.0,31.31426724886491,813.7008674022115,0.04716059212590117,1.4526160967180708,3.6237948918839824,0.10196232964515221,0.06398678128622956,86.42045617119055,81.4359836446671,0.39075040938344946,0.5298611767623668,0.7278581535345101,0.41328696975027057,1.1337148033688973,11.822023556810302,323.1464833245135,2.2069000098901927,466.44154440472676,1181.415580163616,0.38264614439816025,0.5755420981735635,0.7697492999515455,0.38854061777492027,1.1378119329145646,0.09845051927429219,324.72941510758005,2.3467073773827827,467.4049663740331,0.008467936185662007,0.0004359722786804018,0.0005306113752016002,782.4078799875846,3.4815402091283966e-05,0.03588947444934235,0.08646892087783757,4.11818086652003,0.09863220118759887,0.1844256122246704,0.04610947699696164,0.0887377321724594,0.057021096529656784,0.09888332069217237,0.24314220804568568,0.04153003335853598,0.06480922988107433,0.02735858657557874,0.05921579657249912,0.0,0.005656817952388275,1
-4.100000000000001,119.0,43.1227,4.0,119.0,13443.36,-0.16879406,29.98046,1.9716,118.71079999999999,0.027419359999999997,-10.9868544,383.8693,-3.3792699999999996,-5.968192,-5.88808,-2.972772,-3.6311799999999996,-184.89780000000002,8302.764,-11.239909599999999,6398.814,10502.882000000001,-2.215014,-4.803946,-3.559574,-1.8085206,-2.4669284,0.7646446,8450.044,2.149,6546.092,0.5641274000000001,0.9995429999999998,0.0006254119999999999,14996.12,-0.00126968,1.0333394,10.97898,9.169382,118.2354,88.10817999999999,0.737745,10.6286,9.954152,118.0584,137.3492,0.17674340000000002,-49.240959999999994,0.773079328146815,-0.040599743136737775,-235.6321839080461,-0.0038784474605026526,-4.100000000000001,64.82669203345178,0.0,0.0,64.82669203345178,1414.9460159313498,0.14695123882556418,1.9190456672523453,11.755894477452577,0.11924848007416385,0.06919387139330331,36.1472535512312,190.00603457179986,0.5931669551652382,2.8879304519101563,1.7673725493935906,1.2663598664360776,1.3959315840326845,24.701392343347774,592.8047213712108,8.366271541901494,710.5786174168207,921.0570946580893,0.7420228877399944,2.8535064621058766,1.7194553176311387,1.2556634755247122,1.3594104721984452,0.09122576932972394,578.3748263712729,8.391675010199096,695.0802932179855,0.009844384302738318,0.0018255859333375663,0.0025468330057877766,1271.0375907108337,0.00010963564155875583,0.04751972918483444,0.30873358579850035,0.1392252012747693,0.10274142299968969,0.25882528276811967,0.05551067834660285,0.33032089700774314,0.16859661879764948,0.13184574320015388,0.3635645747319171,0.06019217119194158,0.12266043779474968,0.030861177817869876,0.07705693198734986,0.0,0.007361161403753562,-4.100000000000001,28.991378028648448,0.0,0.0,28.991378028648448,632.7830952229997,0.06571859187835358,0.8582233127805372,5.257395837579666,0.0533295415318719,0.03094444001236086,16.16554322809473,84.97328188754393,0.26527232675120854,1.2915217609525595,0.7903930324022347,0.5663333490657247,0.6242795827672085,11.04679848372369,265.11033087376995,3.7415103771827436,317.7804183803654,411.90925496278925,0.33184272356946454,1.2761268847007337,0.7689637948993437,0.56154977762738,0.6079468450321623,0.04079740430419563,258.65708564816083,3.7528711535782837,310.8493570911803,0.004402542499510951,0.0008164268491420395,0.0011389783456563166,568.4252909573959,4.903054945643581e-05,0.021251468945934097,0.1380698569565421,0.06226340284629491,0.0459473611864733,0.1157501853130241,0.024825130052025923,0.14772399601960412,0.07539870008163262,0.058963208867904945,0.16259102066227382,0.026918757299697182,0.054855415411788934,0.013801538293293133,0.03446090761225845,0.0,0.003292011458428148,1
-4.080000000000005,103.5,43.1427,4.0,103.5,13897.083333333334,-0.1251004166666667,30.496733333333335,7.1568000000000005,118.74433333333333,-0.08071199999999999,-247.95664999999997,204.34763833349805,-5.082315,-5.129439666666666,-6.146833333333333,-4.021835,-5.489311666666667,-183.95399999999998,8412.373333333335,-1.9249799999999997,6743.974999999999,15908.711666666668,-3.9240066666666666,-3.9711308333333335,-3.8302133333333335,-2.8635246666666667,-4.3309983333333335,0.8111505,8558.9,11.3955945,6890.501666666667,0.5549776666666667,0.9976871666666667,0.0030044489999999997,15449.4,-0.0012505683333333335,1.0357375,11.04945,6.072183333333332,118.27883333333334,87.99653333333333,0.760282,10.7994,10.007291666666667,118.05799999999999,137.30016666666666,0.22069228333333335,-49.303733333333334,0.8069604335179655,-0.012495883422492152,-234.48275862069,-0.0011937175849481509,-4.080000000000005,76.7039764288658,0.0,0.0,76.7039764288658,844.5232416379471,0.1187008267331684,1.5071073414547034,8.903368103139396,0.23037071573155385,0.2275052460902561,740.7342978191134,228.6517794650635,1.3873863796469967,2.592354690148836,3.5853505886407633,1.954217502835854,1.878237265357246,23.12695365152964,414.5586009078413,8.498640030073048,813.3892598442644,12339.021898644021,1.291410813562697,2.4643720626934904,3.684433579358796,1.934929535236533,1.9636025144964209,0.17521289325018294,422.1901888012088,8.580177456071027,812.437691971924,0.031463834741917045,0.0017537995799596655,0.002135810433175379,889.5308403872228,0.00014997015615337165,0.05063700047889876,0.16964955349189614,7.577023389222622,0.19772649459965114,0.9664847700127835,0.0697465492422385,0.16070985035149526,0.21847371076783284,0.2686842012474833,1.212213416303692,0.15998227522235603,0.25541007549951217,0.10773728760659085,0.18034947289121092,0.0,0.01722858080116692,-4.080000000000005,31.31426724886491,0.0,0.0,31.31426724886491,344.7751696556918,0.04845940959046321,0.6152739956944201,3.634784807477145,0.09404845087034341,0.09287862778790751,302.403510772603,93.34669807813239,0.5663981177037345,1.0583243705292396,1.4637132485261966,0.7978059547272967,0.7667871526676168,9.44153929187397,169.24284011771707,3.4695552635450753,332.0647748130878,5037.384596117591,0.5272162569235176,1.0060756816615213,1.5041637101008802,0.7899316749283517,0.8016373696937066,0.07153036413661451,172.35842282870905,3.502842778317574,331.6762988559445,0.012845056744825134,0.0007159856803347744,0.0008719409580987312,363.1494449029671,6.122505987021256e-05,0.02067246887972823,0.06925914019102428,3.093306845454841,0.08072150339971981,0.3945657551170787,0.02847390949389751,0.0656095216667012,0.08919151893226422,0.10968986583393359,0.4948840548833413,0.06531249036404607,0.10427072668992203,0.04398356348460425,0.07362736399389566,0.0,0.007033538659194927,1
-4.060000000000002,105.0,43.1627,4.0,105.0,13238.64,-0.18553172,29.7757,6.303579999999999,118.72200000000001,0.05251584,54.71962,307.09760000000006,-3.7203609999999996,-4.402902,-7.594326,-3.118756,-4.7223939999999995,-149.145,8177.295999999999,-5.7977508,6427.216,10629.126,-2.7812354,-3.463774,-5.716072,-2.179629,-3.7832679999999996,0.6725011999999999,8296.096,5.002216,6546.014,0.5603148,0.9989323999999999,0.0014500867999999998,14842.12,-0.00138682,1.0325504,10.888639999999999,9.122532000000001,118.25619999999999,87.35968,0.7417026,10.75702,9.851887999999999,118.08340000000001,136.5076,0.1728666,-49.14772000000001,0.7861182749748243,-0.02247288186965047,-233.33333333333348,-0.0021468089422135525,-4.060000000000002,64.82669203345178,0.0,0.0,64.82669203345178,1436.811368273511,0.09938714269709134,2.477299736608391,9.6624019563978,0.18412903084522564,0.1639053535734968,70.43757307081924,260.4293445606696,2.9212875789546975,1.2837162314429151,0.9921683198580776,2.0455452284122195,1.6910697272229787,28.52023654354922,567.6083658914837,8.081409399074099,922.4022572229537,1052.7758271256037,3.007246397068388,1.3590029327525384,0.8481167997215947,1.953233526855404,1.7034345546630196,0.05345213224184793,558.8451923654703,8.323449621261608,910.7840479663656,0.017462170002608475,0.0017690344258945523,0.0023822067174737796,1465.597977618691,9.765773164476013e-05,0.040144797929495116,0.261490885118392,0.13731370987632668,0.17189444435467435,0.4183981022901575,0.08450160932668674,0.24458711535974323,0.08737364001802798,0.19704136621532833,0.5541821000357062,0.06179062045165106,0.1392678247119534,0.056460774684401596,0.12087344543394772,0.0,0.011546903287210529,-4.060000000000002,28.991378028648448,0.0,0.0,28.991378028648448,642.5615780608111,0.04444728143203361,1.1078821223397373,4.321157520086487,0.08234500592021601,0.07330070249329539,31.500640311292084,116.46754355467446,1.3064395216736975,0.5740953514652423,0.44371116166488317,0.9147956363560114,0.7562693729525214,12.754637529149939,253.8421781461861,3.6141161540670828,412.5108299499542,470.8156629042834,1.3448814737872479,0.6077645878512502,0.3792893634074121,0.8735125883960689,0.7617990918897187,0.02390452024701604,249.92316780562763,3.7223598320871667,407.3150088150445,0.007809319832098045,0.0007911362461675066,0.0010653552313456013,655.4353411283216,4.36738652972232e-05,0.017953299422668777,0.11694227892426255,0.061408557905230136,0.07687353250632137,0.1871133196755405,0.037790268532520356,0.10938268327299376,0.039074679704381304,0.08811957784738092,0.24783776951868552,0.027633605540356106,0.06228246462689057,0.025250026051324242,0.054056248132983736,0.0,0.005163932135963703,1
-4.040000000000006,113.5,43.18269999999999,4.0,113.5,13509.283333333333,-0.11940536666666667,30.216633333333334,10.679216666666667,118.807,0.07658892433333334,37.24655166666667,362.46701666666667,-4.8775450000000005,-4.569616666666667,-5.6140083333333335,-2.5134925000000004,-3.6762433333333333,-203.08783333333335,8346.550000000001,-7.633421666666667,6499.421666666666,10996.533333333333,-3.5987575,-3.290831666666667,-3.0564291666666663,-1.2347044833333334,-2.3974550000000003,0.7950784999999999,8508.315,7.072626333333333,6661.186666666667,0.561873,0.9985416666666667,0.0019815808333333335,15169.516666666668,-0.0013421433333333334,1.0428338333333333,10.963616666666667,6.056103333333333,118.34116666666667,87.86555,0.7483166666666667,10.707233333333333,9.925925,118.13133333333333,137.13116666666667,0.20993483333333332,-49.26579999999999,0.7818229474100936,-0.04392581612074261,-232.1839080459774,-0.004196183444073127,-4.040000000000006,76.7039764288658,0.0,0.0,76.7039764288658,836.8241760768307,0.10008461919745044,1.871270918564887,0.14244110946867372,0.0708604261912085,0.12098468367397269,131.99014642404038,217.87206697656694,1.7312743509074464,1.7503845352226655,2.6951907758406763,2.029697182073597,1.9999808318848125,31.777129898193547,333.67559683021426,6.5950194050553534,736.0568744986125,912.8160223542673,1.6378129416320717,1.6749262793975936,2.7312977472049007,1.9461629534598488,1.9463182847905427,0.2010539741609203,346.01794408671947,6.479154875688237,745.4589126348056,0.020887592115895075,0.0013329197525232173,0.0018935346060512774,1025.8605605376727,0.00022252999812759328,0.04433261539957541,0.12861191883595718,7.5030967936943656,0.10499793648766477,0.6541105892737024,0.06756808543585253,0.17879690899639852,0.11824110786862532,0.07982146745498284,0.8187701549682115,0.07993194478659121,0.19244103512504965,0.06653685180936703,0.15779172040295153,0.0,0.015073664264919918,-4.040000000000006,31.31426724886491,0.0,0.0,31.31426724886491,341.6320393021968,0.04085937468908587,0.7639431534988578,0.05815133943236202,0.028928647854101614,0.049391790282210586,53.88475163568945,88.94589888301172,0.706789794081899,0.7145914941590366,1.1003070267109287,0.8286204047408661,0.8164887555774694,12.972958956785625,136.22249197544414,2.692405397689851,300.49396069823274,372.655580634153,0.6686343335208839,0.6837857902170662,1.115047636044201,0.794517698714086,0.7945811124642971,0.0820799412421614,141.26123414322376,2.6451039016503257,304.3323266942096,0.008527323773220628,0.0005441622102931188,0.0007730322658545983,418.8058200938051,9.084749131251661e-05,0.01809871444866859,0.05250559599805662,3.0631264392106163,0.04286522807332241,0.267039529845299,0.027584555369103037,0.07299353243800258,0.048271730149919506,0.03258697763081362,0.33426151604860455,0.03263207981257775,0.07856372360489773,0.027163556004021483,0.06441820010385681,0.0,0.006153797667179779,1
-4.020000000000003,117.5,43.2027,4.0,117.5,13349.933333333334,-0.17918016666666667,29.39465,7.1620833333333325,118.77783333333333,0.0005885666666666697,24.748965000000002,195.95322000000002,-5.6246849999999995,-3.74376,-5.232905,-2.156098666666667,-3.6265966666666665,-184.42100000000002,8115.580000000001,-0.8654238333333334,6526.458333333333,10605.658333333333,-4.463433333333334,-2.5825081666666665,-2.9104016666666666,-0.9948454999999999,-2.4653443333333334,0.8730588333333333,8262.48,12.488981666666668,6673.355,0.5539465,0.9973778333333333,0.0034225243333333333,14935.85,-0.0012804533333333333,0.9859779999999999,11.117183333333335,6.123313333333333,118.32099999999998,88.06760000000001,0.7293398333333334,10.842550000000001,10.07044,118.06099999999999,137.40666666666667,0.26017494999999996,-49.33906666666667,0.8062656737582228,0.027204708740493355,-231.0344827586209,0.0025988350018107714,-4.020000000000003,76.7039764288658,0.0,0.0,76.7039764288658,1035.9470848777291,0.13071320593332056,1.870222226100418,9.015998719923749,0.06207871347463844,0.1295435104659846,63.51760388110173,237.14482571292672,1.8784438540318416,1.6094681276123488,3.5930087662111263,1.0619291723851767,1.1400429820610565,19.471984880848698,465.30005084891195,7.113650989666007,698.4974629994497,910.4621021528939,1.8079115171453126,1.5858086340804702,3.4395723846281627,1.1012207174000588,1.138278557605592,0.36235612636875164,468.2731815938213,7.657024788118207,706.3269723506244,0.014328736633074164,0.0015424519981725897,0.002041717677605958,1142.2018136038837,0.00018480546698262655,0.04430486965560336,0.21898018555720064,7.61484260987886,0.08538618155182151,0.6377829505403849,0.0601430462960322,0.26758152215726716,0.11415451984043365,0.06864400920692088,0.8141060536973526,0.12362902993591351,0.19269195797091657,0.0481758352895348,0.08102823392552475,0.0,0.007740535378242239,-4.020000000000003,31.31426724886491,0.0,0.0,31.31426724886491,422.92362641235536,0.053363442863328996,0.7635150265930158,3.680766064233248,0.02534352865021712,0.052885916688425766,25.93095319882061,96.81396968965308,0.7668714921408495,0.657062611653816,1.466839686427366,0.4335307692199533,0.46542059848175077,7.949404539544668,189.95795031181686,2.9041358554877146,285.16039516287077,371.69459673605394,0.7380767861845029,0.6474036638661856,1.4041995459511603,0.4495714753019628,0.4647002752141548,0.1479312691291504,191.17172585575162,3.125967279788681,288.35677897065864,0.0058496822349594566,0.0006297033913765294,0.000833527751492481,466.3019377685094,7.544651596403317e-05,0.01808738729612435,0.08939828639918666,3.1087464776344254,0.034858762647768174,0.26037379924511067,0.02455329583364411,0.1092396989804226,0.04660338757358017,0.028023799409311118,0.33235740467822605,0.05047134012304244,0.07866616242776123,0.019667702398621225,0.033079637979401465,0.0,0.003160060335442445,1
-4.0,102.0,43.2227,4.0,102.0,13183.84,-0.13195168399999999,29.10232,10.83704,118.7748,0.03366329,62.697964,219.62723800000077,-4.979112,-3.0084288,-4.303828,-1.9733636,-4.084496,-164.63119999999998,8049.082,-5.526539999999999,6412.582,10873.16,-3.942474,-1.971792,-2.2305506,-0.9367248,-3.0478568,0.8523778,8180.216,6.394802799999999,6543.716,0.5557658,0.9986772,0.0019823864,14723.920000000002,-0.001291694,0.9828925999999999,11.1697,9.195478,118.2882,88.03852,0.7274238000000001,10.7296,10.070648,118.1104,137.3716,0.17768062,-49.33302,0.8020881675697534,-0.002687747048733985,-229.88505747126436,-0.00025675743022627944,-4.0,64.82669203345178,0.0,0.0,64.82669203345178,450.3716720665283,0.13541031519109348,0.9781771194420753,0.13173704110841522,0.04239339571206744,0.12468176266214918,218.57038380078052,258.81735420555714,1.455084962938591,1.96467338312433,3.3500518508106705,0.9770227579513182,1.6573339599127273,26.362225109045713,350.25502097757226,14.028148186911555,474.0719579030167,726.8481670885604,1.4238062084005672,1.8361222643032247,3.537143021788036,0.9505695029852894,1.7822486425976596,0.2430518524311222,357.18466201672226,15.388919979676261,462.9964611959791,0.02410506408827822,0.0033491053581516427,0.004224236277583772,418.2980719534813,7.2126434682438e-05,0.04359057996631846,0.15810475957414988,0.1669773652924253,0.04873089369178508,0.3831890355947048,0.06094249331706082,0.05807099103683346,0.1305257130606841,0.10016636161906217,0.5331029919255711,0.11308704569587978,0.15969416708195916,0.0798611251503042,0.1572159813113893,0.0,0.015018664561841475,-4.0,28.991378028648448,0.0,0.0,28.991378028648448,201.41233477620008,0.06055733392439149,0.4374541066214823,0.05891459581462014,0.018958902921846182,0.055759379373412146,97.7476472093528,115.74663955205335,0.6507337780336903,0.878628647650098,1.4981887333123287,0.4369378604686941,0.7411822791567539,11.789545476395602,156.63880727329328,6.2735785888749325,212.0114248195128,325.0563821862293,0.63674549375398,0.8211388395965692,1.5818584485714138,0.4251076052026593,0.7970458235310189,0.10869609281864735,159.73783695793563,6.882134234972161,207.05831211521058,0.010780112380675819,0.0014977654489271707,0.001889135893939597,187.0685847490165,3.2255922184925965e-05,0.019494299996665715,0.07070659799481196,0.0746745478995354,0.021793118179829422,0.1713673463644693,0.02725431155505493,0.025970136695828122,0.05837287344306436,0.04479575872780978,0.2384109057908197,0.05057406431012244,0.07141740264109397,0.03571498091913966,0.07030912427232061,0.0,0.006716550978308926,1
-3.980000000000004,101.0,43.2427,4.0,101.0,13319.66,-0.1281504,29.506619999999998,6.38608,118.7664,0.008545526000000001,-6.975299999999999,18.29985638000021,-4.970338,-4.042859999999999,-8.006409999999999,-3.6392816000000003,-3.92433,-193.658,8244.68,-3.47119,6439.812,10509.684,-3.750926252,-2.8234459999999997,-5.56759,-2.419867,-2.704918,0.6897906,8398.934,10.552065200000001,6594.067999999999,0.5607618000000001,0.9977575999999999,0.00303815578,14993.0,-0.00137543,1.011055,11.0589,9.231258,118.258,87.67312000000001,0.7268816,10.85484,9.994378000000001,118.1192,136.86419999999998,0.13855951,-49.191140000000004,0.7840720198526234,-0.01906993991415999,-228.7356321839083,-0.0018217297528930836,-3.980000000000004,64.82669203345178,0.0,0.0,64.82669203345178,1316.2814528055924,0.140341787165174,2.324900764979013,9.771507785751389,0.2550299982355021,0.049228848727264386,125.78648921986812,32.87171132235222,2.145271981619114,2.0700290792522695,4.095679894663401,2.5067346475729733,1.2006922975725294,7.897360033580832,657.2853769482476,10.295710927099693,756.0739729153493,976.8115582240008,2.183916626592837,2.050401957892647,4.11353899642996,2.546952244358932,1.23008328867195,0.24773280897733355,652.0387179684956,10.160404609803452,751.3270683730224,0.01309936953444708,0.002208817398518945,0.0030654330014060886,1367.0871351161195,0.0001618979067190186,0.056011759470668374,0.23091950978641895,0.17260524490872226,0.30034563422830335,0.5814307843587143,0.07097984597264217,0.20668151344520388,0.16779989696063574,0.25472671630592764,0.7859374657057783,0.15318707060517706,0.23113992082719173,0.04190486543439982,0.09288357234052178,0.0,0.00887306242439092,-3.980000000000004,28.991378028648448,0.0,0.0,28.991378028648448,588.6589611990972,0.06276275523702732,1.0397272302868672,4.369951130321711,0.11405288247124681,0.022015810441643434,56.25342810933392,14.700676210705815,0.9593947962252036,0.925745147321875,1.8316437317093086,1.1210458147054294,0.5369659194865163,3.5318067755753524,293.946956694571,4.604381901936459,338.12655989141115,436.8434090792719,0.9766772068507218,0.916967631809324,1.8396305648227311,1.1390316707664454,0.5501099702913954,0.11078948022605759,291.60057946787396,4.543871077284549,336.00367964354206,0.0058582161482826885,0.0009878131705945209,0.0013709033143230445,611.3799530570166,7.240294496772911e-05,0.025049220343156424,0.10327034424267215,0.07719141217778049,0.13431865097595477,0.26002375160742136,0.031743152125458515,0.09243078275120253,0.07504239524428838,0.11391725066907167,0.351481919876406,0.06850734062944716,0.10336891505670402,0.018740425539859853,0.04153879634928519,0.0,0.003968154149907437,1
-3.960000000000001,111.5,43.2627,4.0,111.5,13187.35,-0.11095643166666667,29.285749999999997,10.713533333333332,118.76516666666667,0.03153066166666666,59.884023333333325,277.3217791966667,-3.430168333333333,-5.248541666666667,-7.888393333333333,-2.8546394999999998,-4.907100833333334,-188.707,7941.139999999999,-4.366867833333333,6543.275000000001,10372.873333333333,-2.241929,-4.060303333333334,-5.511914999999999,-1.6664031666666668,-3.7188645,0.6678736666666666,8091.453333333334,9.29786,6693.585,0.5481743333333333,0.9979746666666666,0.0026415009999999997,14785.033333333333,-0.0012992083333333334,0.9866911666666667,10.999566666666666,6.074168333333334,118.34083333333332,87.79058333333334,0.739499,10.8133,10.00658,118.0385,136.95600000000002,0.3024713333333333,-49.16521666666667,0.8257881717926088,0.057345968456309404,-227.58620689655177,0.00547819539104871,-3.960000000000001,76.7039764288658,0.0,0.0,76.7039764288658,1004.0003122509474,0.11336788178077252,1.933366534054006,0.12074557824892287,0.13893943524667887,0.057230907282785036,152.93052289463913,249.75816512811252,1.5524964612187258,1.195551774427468,2.2460497009253086,1.5722494562357143,2.49204433739935,17.93898688332205,375.45976588710533,8.37195813712086,705.9327715228975,731.1671228567835,1.5283257610542327,1.2344624389371541,2.2356896029704125,1.5809985019525372,2.581808486232373,0.11643229446105866,387.003428494718,8.550269907798233,717.2432775216514,0.01750855194088494,0.0018227278092645982,0.0023178340344377547,1067.219534428913,0.0001049912477145913,0.03848628769531642,0.10373563836342187,7.521356751079998,0.13769301604172338,0.7476060283776974,0.07112895955656881,0.14171124161477094,0.09501241245226892,0.17963156738168384,0.9336965245731679,0.1386741118387519,0.2081920883863411,0.058334859911516906,0.10654822320704188,0.0,0.010178431039000551,-3.960000000000001,31.31426724886491,0.0,0.0,31.31426724886491,409.88141110163394,0.0462822439305097,0.789293582367592,0.049294175901193366,0.05672178691747125,0.023364420059892838,62.433624531481094,101.96334394294315,0.6338040262437418,0.4880819680710518,0.916945950699628,0.6418681526909686,1.017372840503435,7.323560727769889,153.28080756137297,3.4178375973146182,288.1958471566397,298.49772794966316,0.6239363792222729,0.5039671803379441,0.9127164584205035,0.6454399356480517,1.0540189008094605,0.0475332851685123,157.99348808662248,3.49063307286324,292.81334189491224,0.007147836398364028,0.0007441255121132145,0.000946251782138172,435.69055048024353,4.286249739314986e-05,0.015711961157913335,0.0423498970220445,3.0705810355972445,0.05621293840784684,0.3052088830256732,0.029038276141442467,0.05785337212874168,0.038788654956486236,0.07333428029691666,0.3811800099690461,0.05661346908976501,0.08499406417182523,0.023815106833325713,0.04349812997623694,0.0,0.004155327071276296,1
-3.940000000000005,108.0,43.2827,4.0,108.0,13283.920000000002,-0.19201652,29.17772,10.898520000000001,118.8202,0.269896368,-288.16384,304.07261,-3.870928,-3.120494,-6.11436,-1.8527996000000002,-3.815708,-183.1414,8207.422,-1.6547919999999998,6342.754,17075.834,-2.7177379999999998,-1.967304,-3.807974,-0.6996062000000001,-2.662518,0.6709189999999999,8353.3,11.606910000000001,6488.634,0.5647016,0.9976648000000001,0.003095614,14841.939999999999,-0.001299774,0.994309,11.14064,9.306066,118.40540000000001,87.78864,0.7018748,10.87084,10.149822,118.12280000000001,136.9608,0.28284600000000004,-49.17214,0.7727673857298079,-0.06448081057749469,-226.43678160919572,-0.0061597787747859,-3.940000000000005,64.82669203345178,0.0,0.0,64.82669203345178,1813.0775512922776,0.11730892229089823,3.110845414352824,0.2600779152484882,0.21211718459380566,0.36433185275762825,462.36501720258093,205.64294512913762,1.087664180374623,1.1089447536644914,1.2995543908778884,0.7612503292878106,0.9451663230458437,48.65151681396994,692.8741851663981,9.859339310281902,1099.0963512267704,9283.820841748295,1.3486940385498856,1.1364410422586821,1.6136270062440081,1.0132656220346172,1.1655217879430655,0.053240914018262336,683.1675809053007,8.884371567637748,1088.862649111448,0.02060781870553016,0.0016738811785787192,0.002132652339864611,1764.6440981115702,4.686623656749057e-05,0.059572855437690836,0.2840359361066836,0.11950683193859696,0.24524742608231465,0.6483946969246401,0.10374255608813579,0.24065875841115808,0.2616444035709532,0.2450677457357468,0.8694715061461203,0.11161782613901777,0.24523564789809604,0.06581966238076999,0.16052768773087916,0.0,0.015335028123781805,-3.940000000000005,28.991378028648448,0.0,0.0,28.991378028648448,810.8329306336789,0.052462144921937764,1.3912123627972828,0.11631037958840974,0.09486168878952411,0.1629341578269002,206.77592177656612,91.9663208804022,0.4864182088018499,0.4959351704971124,0.5811783916922583,0.34044149683632874,0.4226912296748065,21.757619760902156,309.8627555773685,4.409230582205245,491.5308310330086,4151.850898615701,0.6031543102092531,0.5082318845822249,0.721635935258216,0.4531461620266026,0.5212371894195579,0.02381006058581121,305.52183018566797,3.9732117525208754,486.9541803147398,0.00921609669871143,0.0007485824203118962,0.000953751120862251,789.1728318942559,2.0959218162899062e-05,0.026641790874488938,0.1270247322374663,0.053445079998069155,0.1096779832053821,0.28997092371477384,0.046395081514531256,0.10762586863760974,0.11701093446340802,0.1095976277115528,0.38883947844837025,0.04991700934951933,0.10967271584126924,0.029435447867897466,0.07179016440742095,0.0,0.006858033064329435,1
-3.9200000000000017,120.0,43.3027,4.0,120.0,13386.02,-0.126895396,29.495260000000002,1.9376399999999996,118.8376,0.081191044,35.651974,329.7400000000053,-4.74759,-3.260026,-6.1588639999999995,-4.337992,-3.7914499999999998,-156.96052,8219.392,1.5806102000000002,6431.426,10821.234,-3.759254,-2.2716892,-4.182184,-3.34965586,-2.803112,0.7282341999999999,8344.418000000001,12.946512000000002,6556.452,0.5619568,0.9973892,0.003325522,14900.88,-0.001275702,1.0069426,11.06898,5.406105999999999,118.37840000000001,87.93852000000001,0.7178709999999999,10.85632,10.06635,118.1614,137.1862,0.2168958,-49.247820000000004,0.7826971384198386,-0.05340608777154714,-225.2873563218392,-0.005101823053296836,-3.9200000000000017,64.82669203345178,0.0,0.0,64.82669203345178,1394.25224833959,0.14320910912727752,2.329468423911343,11.916398853806463,0.09627980058142789,0.14553497869228527,130.60941808290616,238.29433852799704,1.1779286198025753,1.8068543681021998,2.0555982425756256,2.5109580372180655,1.841612131028138,49.43665098337467,400.7337331944981,10.483573713831566,1017.1414596947667,1342.9225416903241,1.4864218500580513,1.831847721966321,1.9327482334049617,2.468441912530898,1.8127365594371398,0.12305255639441219,438.60740118014445,13.558568818415903,1049.6634941589612,0.02619341310711527,0.0028158191880872274,0.003680085884149988,1463.652881321252,6.469099527755004e-05,0.03297875064795508,0.32300871040886875,8.376303131771795,0.07818759492400629,1.0868652524577262,0.0801785797298755,0.22044371617263211,0.2963899257734652,0.05470191952756313,1.3772464194907292,0.08354972904623928,0.3177769532234875,0.08586979185756884,0.1760145689502827,0.0,0.016814472339332774,-3.9200000000000017,28.991378028648448,0.0,0.0,28.991378028648448,623.5285610138483,0.06404506060115563,1.0417699494610118,5.329175576822366,0.043057635792039306,0.06508522109198667,58.410307467013695,106.56846792038971,0.5267856933042127,0.8080498385037893,0.9192914809656403,1.1229345719738082,0.8235939826334333,22.108742435751516,179.21357366003232,4.688396694251462,454.87948932217216,600.5732183472719,0.6647480599941605,0.8192272061489656,0.8643512866572248,1.1039207829857356,0.8106804344401065,0.055030776180606415,196.1511928946649,6.063576311117393,469.42378528787816,0.011714050454048745,0.0012592726233822615,0.0016457844399993579,654.5654676195503,2.8930692594543954e-05,0.014748545652368559,0.1444538867597549,3.7459966405572227,0.03496655544945911,0.48606091737558926,0.03585695092307766,0.09858542691493503,0.132549604375117,0.024463442112670868,0.6159233231498924,0.03736457472981594,0.1421141738180978,0.038402138361456374,0.07871610824063117,0.0,0.007519660631307598,1
-3.9000000000000057,114.0,43.3227,4.0,114.0,13358.5,-0.0941826,29.249579999999998,6.37172,118.7112,0.026209536,13.68672,406.26346,-4.05915,-4.33319,-6.173332,-3.334438,-3.5586737999999998,-171.7836,8220.452000000001,-2.983914,6377.156,10448.192,-2.977474,-3.2515119999999995,-4.009982,-2.25276,-2.47699756,0.7216966,8357.284,9.455352,6513.986,0.5626312,0.9980247999999999,0.002636192,14871.279999999999,-0.001255092,1.000677,11.11948,5.54718,118.28220000000002,88.11562,0.720659,10.79526,10.032982,118.0266,137.3768,0.25532952,-49.261199999999995,0.7782022002849314,-0.034902773803116065,-224.1379310344831,-0.0033342224349863455,-3.9000000000000057,64.82669203345178,0.0,0.0,64.82669203345178,1255.4183744871668,0.10634652879431468,1.9954354692647944,9.792488435122097,0.19276981091447015,0.0811542733145426,55.69659354351934,209.3542556366075,1.3509373757136192,0.7209852421166473,0.8165407212258309,1.1348447820825542,2.551583721824977,10.343514673456026,559.7772464739879,3.9650356859718174,705.0879237584479,1079.7703794418512,1.3791590042050987,0.7255997242075,0.9326068357941627,1.190864798518287,2.5529247666069925,0.09172871165725592,563.206535278134,4.437609796035473,708.6112790733719,0.013715059595204056,0.0009614625317712248,0.001200331982898898,1241.5901968846247,7.791414069345821e-05,0.038738746004485076,0.26344626966423357,8.264754900685197,0.18483695517942267,0.31266831787055194,0.06334229790195486,0.19900053517515998,0.12389619816604475,0.21867853118219008,0.34586081015345616,0.13896563912979354,0.06594528034666694,0.04301929779193957,0.1087618397069413,0.0,0.010389895315108075,-3.9000000000000057,28.991378028648448,0.0,0.0,28.991378028648448,561.4401651111185,0.04755961351104527,0.8923858707980546,4.379333961962709,0.08620928024290724,0.03629329435918288,24.908273855697026,93.62606939646457,0.6041575610881652,0.32243440242939353,0.36516811181153264,0.5075180153295054,1.1411029304565123,4.625760387222843,250.3399950746983,1.7732178654090986,315.3249055276157,482.8879937045442,0.6167786570367039,0.3244980615566139,0.4170744562233463,0.5325709282996961,1.1417026639152041,0.04102232695082032,251.8736196508082,1.984559432310859,316.90059792622674,0.006133561114067404,0.000429979115771902,0.0005368047818658103,555.2560160862737,3.484426299981104e-05,0.017324493885825402,0.11781675347759339,3.696110755061325,0.08266159930705418,0.1398295226338133,0.028327536791962676,0.08899574484209914,0.05540806425061217,0.0977960121886369,0.1546736564512555,0.06214732312618461,0.029491625930085634,0.019238814841416697,0.04863977338853131,0.0,0.004646502440737651,1
-3.8800000000000026,115.5,43.3427,4.0,115.5,13830.166666666666,-0.05328595,30.461699999999997,7.1575,118.77183333333333,0.046137695,24.24523333333333,166.4122417500018,-6.042921666666667,-3.0428521666666666,-5.994898333333334,-1.8901551666666665,-2.9510736666666664,-159.74166666666667,8509.146666666666,-2.982306666666666,6606.743333333333,10803.333333333334,-5.03707,-2.0369983333333335,-3.9832,-0.8843026666666667,-1.94522,0.7263461666666666,8636.386666666667,8.585009166666667,6733.986666666667,0.5626221666666668,0.9982848333333334,0.0023525903333333335,15370.4,-0.0013188766666666666,1.05245,11.038566666666668,6.096743333333333,118.34033333333333,87.74691666666666,0.7492845,10.8333,9.960248333333334,118.05466666666666,136.9946666666667,0.2855815333333333,-49.247866666666674,0.7792639598464234,-0.04457203010098102,-222.98850574712662,-0.004257915533415562,-3.8800000000000026,76.7039764288658,0.0,0.0,76.7039764288658,793.1392252730075,0.05271604386244286,1.5776176266763728,8.808925329913974,0.127166688510261,0.10443407779492893,36.94645046896693,257.7721463187284,1.9653308993390057,2.5459931977442847,2.8855156570111813,2.3429145340546604,1.631139782623386,23.518120126121183,278.54434064734966,9.748281483144947,640.5068049495391,546.6583271721622,1.933163397315395,2.5265210634579454,2.9648077286596513,2.314281771863285,1.6693997870252653,0.06994523858967576,283.64806275852925,9.894891552297285,652.7373527435568,0.0197535389782861,0.0019661833502160175,0.0027467031522660523,843.9483775682024,0.00011786092289926574,0.026727263234382945,0.09088037558607845,7.544812788955513,0.12539484306248486,0.7658953646985165,0.06261751991495668,0.11351655385889767,0.10382462317131988,0.1329280507141612,0.8539357509008934,0.11073533134906251,0.131712773361836,0.06398613658595222,0.1341301311106226,0.0,0.012813299449477303,-3.8800000000000026,31.31426724886491,0.0,0.0,31.31426724886491,323.797732817538,0.021521234786860317,0.6440596990962861,3.5962287067612,0.05191558318826463,0.04263503372594982,15.08332524266354,105.23503806382162,0.8023429798509556,1.039397370511728,1.1780068340815253,0.9564908532307533,0.6659100277635944,9.601232336412743,113.7152508876644,3.9797192504544556,261.4858081511203,223.17232753587035,0.7892106521413236,1.0314479049776473,1.2103776867793514,0.9448015770148659,0.6815296091538016,0.028555024080322147,115.7988367145561,4.0395725605506865,266.4789083794646,0.008064348518496583,0.0008026909914642,0.0011213368663243195,344.54048238196947,4.8116520286118406e-05,0.010911359524214494,0.037101757969730316,3.080156922960979,0.05119223031324383,0.3126754733123662,0.02556349545836796,0.046342939052244,0.04238622491774612,0.05426764945874999,0.3486178104712649,0.045207509717204185,0.05377151455722378,0.02612223087460223,0.05475839672560549,0.0,0.0052310075954506655,1
-3.8600000000000065,118.5,43.3627,4.0,118.5,13807.9,-0.16577661666666668,30.541633333333333,7.32645,118.70783333333333,0.19526238666666665,4.300100000000005,157.53460180201984,-4.063263333333333,-5.004256666666667,-7.552135,-3.121266,-3.7837783333333337,-166.57783333333333,8454.363333333333,-5.501368333333333,6645.75,13375.783333333333,-3.0143671666666663,-3.9553616666666667,-5.454345,-2.0723695,-2.7348816666666664,0.6512083333333334,8587.050000000001,6.5609399999999996,6778.436666666667,0.5595485,0.9986811666666666,0.0016505275000000001,15365.483333333335,-0.00129994,1.0422605,11.067083333333334,6.124680000000001,118.25216666666667,87.95075000000001,0.7520676666666667,10.801283333333332,9.989351666666666,118.02266666666667,137.19483333333332,0.22931733333333335,-49.244049999999994,0.7897622556311283,-0.02772302940076317,-221.83908045977049,-0.0026483495872055367,-3.8600000000000065,76.7039764288658,0.0,0.0,76.7039764288658,697.1302747693578,0.13893194379837082,1.5066058458225444,8.73358638401201,0.17720769358768212,0.3336876210419144,251.0855365080354,197.32097791566733,2.2132844967574017,2.260401341245989,2.5557538547500998,2.159898130640517,1.5185131691811786,30.42366550182056,275.05052246208703,7.053710151091884,645.8884463125194,5482.213163099979,2.1548579670707224,2.2712398963950653,2.342602284398699,2.1293018441021228,1.6830373711170727,0.20881086531180956,294.3831980259739,7.790872827289635,658.0116329265514,0.023065916714928098,0.0015429649920417953,0.0017291290796344558,765.7138040199271,0.00017254944079886196,0.06515139615925362,0.21287390085838737,7.5250465647648985,0.19288381649756614,0.5426265889172844,0.05231513387793885,0.21195875463558175,0.18271339813124438,0.17282322374804415,0.7235035360429616,0.07343467393450225,0.1871103711716713,0.07591142454518249,0.1477290529034325,0.0,0.01411238904014942,-3.8600000000000065,31.31426724886491,0.0,0.0,31.31426724886491,284.6022429051934,0.05671872854650638,0.6150692609599162,3.5654717108913747,0.0723447379642153,0.13622740083931492,102.50524103960733,80.55595190672886,0.9035696121113806,0.9228049833258981,1.0433821420481564,0.8817747194100846,0.619930405365079,12.42040943076265,112.2889055863394,2.8796651106108584,263.6828540374466,2238.1041517940535,0.8797170812490577,0.9272298049366068,0.9563633778425092,0.8692838377362425,0.6870971295453391,0.0852466787938262,120.18143733538871,3.1806105129623568,268.63212424759956,0.00941662106685124,0.0006299128202466509,0.0007059139907521194,312.6013514757167,7.044301422663094e-05,0.026597946103349184,0.08690540610981051,3.072087395726235,0.07874448834327684,0.2215263772857187,0.02135756397105666,0.08653179922882565,0.0745924324319237,0.07055478564759271,0.295369081734099,0.029979580094531746,0.07638748915889369,0.03099070929724728,0.0603101332996719,0.0,0.005761358700001957,1
-3.8400000000000034,107.0,43.3827,4.0,107.0,13814.2,-0.16079612000000001,30.43524,6.528739999999999,118.73859999999999,0.0807445,-11.547820000000002,126.64884880836037,-5.266162,-2.4760788000000002,-6.82676,-4.4969868,-3.058906,-170.24679999999998,8531.006,0.5244079999999999,6636.044,12133.420000000002,-4.1941679999999995,-1.4040786,-4.682766,-3.424988,-1.9869080000000001,0.34446579999999993,8666.614,12.8524,6771.652,0.561981,0.9974888,0.0034071288,15438.26,-0.0013700239999999999,1.0391166,11.15502,9.230892,118.2832,87.66966,0.7494678,10.85496,9.980357999999999,118.02539999999999,136.9164,0.2579116,-49.24664,0.7817249850570632,-0.04283864562714208,-220.689655172414,-0.004092327278632935,-3.8400000000000034,64.82669203345178,0.0,0.0,64.82669203345178,1061.4179878822483,0.14489974349941756,1.6802603646459076,9.746699982199104,0.1283814628363433,0.22121355479970028,246.30867353906157,177.26764367308928,2.065141688545849,1.7667900234909637,3.0090265496336186,3.0996549593432494,2.969261916811988,24.432288517451664,521.3977003017943,10.279130383309184,690.4651044622021,1514.0182518714896,2.1935543147754513,1.6613654607980748,2.925195469029377,3.158108885546855,3.0407508318620917,0.8399877378814528,534.98371370538,11.19901505543233,707.2735855169481,0.02218246403130181,0.0021395519858137947,0.0029629119315881126,1067.8668025554502,6.72621162319474e-05,0.057566579130603146,0.19365815758702185,0.08061191053436238,0.10280418279428148,0.657223811193723,0.06268031726307707,0.18512824743944395,0.10729211257124231,0.15414700775558654,0.6203662627835251,0.08549668201924564,0.1007010079393476,0.07301437174151573,0.14381208720247823,0.0,0.013738205744837004,-3.8400000000000034,28.991378028648448,0.0,0.0,28.991378028648448,474.68055468915105,0.06480113527739619,0.7514352790493667,4.358856743298637,0.057413935590585316,0.09892970921530093,110.15258749622907,79.27650029284763,0.9235594397514434,0.7901325188988491,1.345677582216483,1.3862078391771706,1.3278942977985861,10.926451594181895,233.17614023737494,4.596966857332561,308.7853819337955,677.0895460720099,0.9809873120351761,0.7429852211629515,1.3081871832448138,1.4123492296857743,1.359865112536534,0.3756539364338407,239.2519901401031,5.008351788998053,316.3023631811813,0.009920299496486974,0.0009568367363348621,0.001325054498075245,477.5645522858666,3.008053284102528e-05,0.025744556833629875,0.08660656095238949,0.03605074235019314,0.04597542821986554,0.29391942365213036,0.028031490050298778,0.08279186916599961,0.047982491431771516,0.06893663757393576,0.277436226906292,0.038235278569143445,0.045034859831025446,0.032653019709693774,0.06431472059417379,0.0,0.0061439123868667345,1
-3.8200000000000003,104.0,43.4027,4.0,104.0,13546.36,-0.22717117999999997,30.074900000000003,2.14468,118.7062,0.06149428600000001,72.87783999999999,420.57079999999996,-4.722186,-4.725987999999999,-6.539596,-4.032532,-4.55219,-170.1534,8391.376,0.2378139999999999,6517.168,10898.380000000001,-3.6507760000000005,-3.654576,-4.396774,-2.96112,-3.48078,0.7590306,8526.908,12.559044,6652.7,0.5625956000000001,0.9974464,0.0035341640000000002,15179.62,-0.0013552899999999999,1.031025,11.03046,5.519802,118.2642,87.98614,0.7318768,10.82012,10.065554,117.99359999999999,137.32260000000002,0.27066118,-49.33628,0.779844236426805,-0.050084953255447665,-219.54022988505753,-0.004784558835969852,-3.8200000000000003,64.82669203345178,0.0,0.0,64.82669203345178,809.5165736413313,0.1196272619615278,1.5767968369450789,11.896980128040898,0.0713561489992281,0.12786944391184502,88.4964600514224,174.6716208223305,2.2215434964073966,1.439979381178772,1.6373398945790085,0.766436011497372,1.619753119043146,38.38896862771909,230.39125619258982,9.138798307558275,667.9000194041023,854.816575061575,2.14815525374215,1.3062704655736497,1.7217981084552276,0.7162638347704009,1.6468146534142813,0.0876899298283446,257.1355847019234,8.82339137322379,692.3812088726846,0.02261889844355825,0.0017428626738788097,0.0024678071793659243,843.0469245540253,4.730673207906037e-05,0.03560484587805434,0.10840065959208922,8.282629979189581,0.09106426302342804,0.7894292830900052,0.06660515568032253,0.12265148592658849,0.15698300729696762,0.08084429478942948,0.9196946775968659,0.11989804954944847,0.1387028730776701,0.07368212647134642,0.15691518340316812,0.0,0.014989929678486776,-3.8200000000000003,28.991378028648448,0.0,0.0,28.991378028648448,362.0268175149463,0.0534989379416302,0.7051649828231696,5.320491258652719,0.03191143995497552,0.057184953766396415,39.576820088615,78.11552357975975,0.9935044545878996,0.6439783565027631,0.7322406613102005,0.34276060442238676,0.7243756161895568,17.16806868753734,103.03410205364004,4.086994849672067,298.69396911220025,382.28559402624666,0.9606842347181515,0.5841819116045959,0.7700115228072889,0.3203229248742588,0.7364779022754178,0.039216128807672994,114.99452936553114,3.9459405805227226,309.6422898765607,0.010115478899192088,0.0007794318828480131,0.0011036369216848446,377.0220463049874,2.1156213744429788e-05,0.01592297114234654,0.04847824873074522,3.7041047331891144,0.04072517648826113,0.3530435080836353,0.029786731150631487,0.05485141201464212,0.07020493512567302,0.03615466774843927,0.411299963530269,0.05362003783244096,0.062029810575239167,0.03295164870333346,0.07017460335826614,0.0,0.0067037003478076,1
-3.8000000000000043,102.5,43.4227,4.0,102.5,13659.199999999999,-0.18693571666666667,29.9209,10.94515,118.77116666666666,0.05340825,66.15378333333334,333.55773337569195,-4.882111666666667,-4.973036666666666,-7.867218333333334,-3.929082101166667,-5.173385,-163.97116666666668,8365.855000000001,-1.1316531666666665,6583.401666666666,10947.449999999999,-3.8496283333333334,-3.9405516666666665,-5.80225,-2.896599,-4.140899999999999,0.719109,8496.463333333333,10.74189,6714.008333333334,0.5598631666666667,0.9978196666666667,0.0029190433333333332,15210.483333333332,-0.0013098516666666664,1.0122333333333333,11.234549999999999,9.228945000000001,118.29833333333333,87.81830000000001,0.7429391666666666,10.778766666666668,10.032396666666667,118.11433333333333,137.06816666666666,0.18381233333333333,-49.24978333333333,0.7880793742266065,-0.026374531995295214,-218.3908045977014,-0.002519529157969888,-3.8000000000000043,76.7039764288658,0.0,0.0,76.7039764288658,1217.6862617275438,0.14637358703365053,2.0532046610116583,0.3673204799626619,0.1743931382442136,0.11500343002094762,54.47922428751778,228.174720404599,1.5895963701948577,1.6723743866451277,3.2614903488338993,2.8297291091504606,1.1777663546858517,24.113002014819013,458.06440677048954,5.0840145543234,842.0683599427464,1239.959455046818,1.6222370416855445,1.6858594333860302,3.0332860650522235,2.8349466343361738,1.2739708419269258,0.13828172183481077,468.4261720129083,4.807146803333554,858.4630710616898,0.020099447379633734,0.0008891885439357911,0.0011758154944491366,1294.0693125434448,0.00017885404937173393,0.03531332649109489,0.3025598568878562,0.16662833009425426,0.1718588568176421,0.44861958940733787,0.07176492895395815,0.359437080261158,0.21392718187894405,0.13761492167155062,0.6220332520586652,0.09453739993603943,0.2011236079297144,0.06450389416153632,0.14699090233998255,0.0,0.014041874353181103,-3.8000000000000043,31.31426724886491,0.0,0.0,31.31426724886491,497.11833467160176,0.0597567666755513,0.838217292830445,0.1499579579971224,0.07119570055682833,0.04694995370353237,22.2410501811765,93.15193953224745,0.6489500006596125,0.6827439843634248,1.3314978592758275,1.1552320712865056,0.4808211008663547,9.844091850501547,187.0040109863959,2.075540250495927,343.77296840033506,506.2113277673666,0.662275498995278,0.6882492316422235,1.2383338505454282,1.1573621170240251,0.5200964183174757,0.056453276541460935,191.23418393280124,1.9625094644697474,350.4660811872926,0.008205565032003842,0.0003630097029618383,0.00048002466550978173,528.3015845876079,7.301685989854974e-05,0.014416605170581737,0.12351954433745833,0.06802573090382756,0.07016108449687619,0.18314818044414582,0.029297909560714003,0.14673957354594008,0.08733540628583081,0.05618105651472896,0.2539440117646273,0.03859473190878661,0.08210836910923015,0.026333604519709158,0.06000878459403852,0.0,0.005732571199594548,1
-3.770000000000003,105.5,43.4527,4.0,105.5,13862.616666666667,-0.26828444999999995,30.651983333333334,7.224066666666666,118.74716666666666,0.007411816666666668,438.4907666666666,191.0541500000004,-4.250066666666666,-5.2127783333333335,-4.765875,-2.2890091666666668,-3.5119095,-175.832,8479.516666666666,-4.675431166666666,6706.926666666666,15978.613333333335,-3.1429033333333334,-4.105611666666666,-2.551544,-1.1818425,-2.404745166666667,0.7833886666666667,8619.573333333334,8.057008333333334,6846.983333333334,0.5584966666666666,0.9983861666666667,0.00216573,15466.566666666666,-0.0013393333333333332,1.0409178333333333,11.072899999999999,6.134248333333333,118.29933333333334,87.90568333333333,0.761251,10.7911,9.983653333333333,118.03150000000001,137.20383333333334,0.2677125,-49.2981,0.7920393365575528,-0.012219462121747007,-216.66666666666686,-0.0011673113712858355,-3.770000000000003,76.7039764288658,0.0,0.0,76.7039764288658,1157.8366299554816,0.09583671655026062,2.1252042446943005,8.943201952470192,0.1159369081296693,0.21992946376663056,795.447010979911,182.79375404639745,2.897669916400463,0.791796955523742,2.061916626275175,3.4949020624509877,2.4682372644163486,35.784326909975555,430.0761826312481,10.579779054726245,821.1770911969392,11325.35394807009,2.939570031324014,0.7308649958895739,2.2318019727329754,3.3350835323957777,2.294204025833833,0.1567826410055229,443.6347342878674,12.65757582242416,831.407069699715,0.017869089172833287,0.0025677063240695445,0.003439147545732808,1269.8930374904282,0.00016973248783502421,0.03839602275453365,0.2607184074820951,7.539319021934054,0.12093083422629396,0.6563577847993155,0.07671315917363848,0.19280734425845986,0.12734587416428758,0.09279385755533853,0.8229000951917937,0.07697242960112408,0.1705269597453692,0.05698202954580257,0.1325376063533774,0.0,0.012661167363820431,-3.770000000000003,31.31426724886491,0.0,0.0,31.31426724886491,472.68482481576575,0.03912517569531371,0.8676109997829935,3.651046908369038,0.04733104454560343,0.08978582760536102,324.7398823871383,74.62523759691359,1.182968789699054,0.32324975348705903,0.8417739377558562,1.4267877923342447,1.0076536436571761,14.608890286397529,175.57786632843118,4.319176712577375,335.24414364923814,4623.556388197775,1.200074439986833,0.2983743851317968,0.9111293400221142,1.3615421506547578,0.9366048715219745,0.06400624516491427,181.11312186341198,5.1674336909213885,339.42051488447845,0.007295025106955513,0.0010482617172146416,0.001404026106198409,518.4316616274297,6.929299799482706e-05,0.01567511065014995,0.10643784414702619,3.077914101966261,0.049369806337253325,0.26795694357696864,0.03131801608872012,0.07871326868239376,0.05198873542519663,0.03788293371251417,0.33594755708459995,0.03142386279750895,0.06961733979404697,0.023262816149235234,0.05410825121593876,0.0,0.0051688999315565465,1
-3.740000000000002,121.0,43.4827,4.0,121.0,13728.24,0.025678999999999987,29.95018,10.8045,118.6904,-0.09317092,-245.45788000000002,280.6714000024347,-3.9954860000000005,-4.285514,-6.485584,-3.840476,-2.6167502,-174.6168,8550.278,-4.2642638,6541.876,14319.02,-2.8959698,-3.185994,-4.286556,-2.740961498,-1.5172356,0.7081486,8689.366,8.3801686,6680.966,0.56592,0.9983679999999999,0.0022063374,15370.34,-0.00137441,1.0598292,11.048919999999999,5.5195680000000005,118.18879999999999,87.94086,0.7420524000000001,10.80702,9.97505,118.03479999999999,137.1596,0.1539407518,-49.21886,0.7673838169225821,-0.05320799520616178,-214.94252873563227,-0.005082899494973431,-3.740000000000002,64.82669203345178,0.0,0.0,64.82669203345178,1418.8533091902061,0.6547956616143695,1.6634964042642213,0.20583269905435317,0.15834550830383556,0.6356477404333567,599.6791025034739,194.9196338124808,1.7874591935565975,1.7171969718497642,1.676831577240243,2.3263678271782386,1.6399826483579636,14.53899452163043,615.7498276248243,7.127407316423498,715.7001727189954,4484.916147711126,1.8745507657756828,1.6854138501359242,1.7265651878020707,2.2508839934270983,1.652027733138521,0.09049936884199801,604.6439943718947,6.308723019909797,704.8815626259492,0.0088441120809271,0.0012156350192389152,0.0016382547641770493,1306.8418278429865,0.00012304035354305512,0.05618046246872663,0.2512545163773182,8.162107437382211,0.15495870417630542,0.4976515477721329,0.07090069137392103,0.1505131456052926,0.07555513814427196,0.17647152744847666,0.5731006019888634,0.18641675407449476,0.10418175464063072,0.027951013873204714,0.06630030665958306,0.0,0.006333593173936237,-3.740000000000002,28.991378028648448,0.0,0.0,28.991378028648448,634.5304898899656,0.29283352214833597,0.743938208052254,0.09205118141555808,0.07081426409982675,0.2842703114706254,268.1846475767664,87.17071027081472,0.7993760527599012,0.7679538319625732,0.7499018787054744,1.0403833204478048,0.733422536729708,6.502036014972536,275.371694340577,3.1874734525704587,320.0708475416028,2005.7154759337132,0.8383245879097426,0.753739987824714,0.7721434255020242,1.0066259237538362,0.738809262402523,0.0404725481303068,270.40501472051136,2.821346704747213,315.2326180235795,0.003955207162716023,0.0005436485077694958,0.0007326498034325539,584.437432579399,5.5025318899575674e-05,0.025124666617489678,0.11236443565470355,3.650205413928646,0.06929963924869989,0.22255653798529462,0.031707753112764074,0.0673115250161516,0.03378928498799588,0.07892046629360276,0.2562983807986299,0.08336810685108624,0.04659149707833089,0.012500073412105085,0.029650398523981943,0.0,0.002832468975750015,1
-3.710000000000001,119.5,43.5127,4.0,119.5,13461.216666666667,-0.15051386666666666,29.771516666666667,3.5126833333333334,118.75833333333333,0.16391498333333335,-112.81898333333332,256.0003883410973,-4.011398333333333,-5.517219999999999,-6.634521666666667,-1.9677021666666665,-3.115236833333333,-174.61983333333333,8266.28,-3.1802608333333335,6477.998333333333,13570.49,-2.911865,-4.417685,-4.435447,-0.8681681666666666,-2.015701,0.6997385,8405.375,9.464364999999999,6617.091666666667,0.5605378333333334,0.9980313333333334,0.002723686666666667,15022.466666666667,-0.0013005333333333334,1.0201088333333332,11.061283333333334,6.136875,118.32833333333333,87.82799999999999,0.7343383333333334,10.760516666666666,10.01423,118.048,136.98766666666668,0.28025133333333335,-49.159616666666665,0.7855775395463077,-0.026490529443213257,-213.21839080459776,-0.0025306102627391308,-3.710000000000001,76.7039764288658,0.0,0.0,76.7039764288658,1097.9772409602438,0.13474564521600935,2.0169359220527214,11.191081325844552,0.15330840377052007,0.28310184594857324,323.70080504744755,264.4499178027164,0.9636818210471055,1.8076332386078766,2.813613639698363,1.9877879315993865,2.9573560947928077,20.318553614041203,379.80590916940673,6.9629913992028865,731.3872099624562,7777.866745772904,0.9608639524251079,1.8472564137742222,2.8770760210126527,1.9996840824474666,3.0071541394761923,0.14094419340114728,392.25063583122443,7.095584805902189,742.2068032945178,0.01815531908192933,0.00145966717667648,0.0019345779448310338,1106.7707362713686,6.267127624890585e-05,0.03564040011232571,0.1739578157676929,7.501695449650699,0.1645486756758167,0.6048528680596679,0.07304851269852565,0.2006615400784784,0.17144810048524908,0.15777959310380243,0.6798463551911338,0.08121227014599867,0.11745444081288126,0.05842900090361722,0.12835790165717353,0.0,0.012261884909987017,-3.710000000000001,31.31426724886491,0.0,0.0,31.31426724886491,448.2473315902485,0.05500967930688602,0.8234106421531788,4.5687398197180995,0.06258789375305847,0.11557584463566892,132.15030028239667,107.96122685626806,0.3934214559935832,0.7379631794473218,1.148652958432664,0.8115110248801478,1.2073355699920496,8.295014777630668,155.05511312648352,2.84262933523916,298.5875781343072,3175.300802417518,0.3922710659459009,0.7541392729717326,1.1745613671129886,0.8163676081269768,1.2276655366024847,0.057540226006826456,160.13565151146068,2.89676036685093,303.00465861563555,0.0074118779780236,0.0005959066295243865,0.000789788138746363,451.83726101821725,2.5585441389804315e-05,0.014550132417305043,0.07101798089998826,3.062554342900438,0.06717671554274482,0.2469301493675239,0.029821930430100885,0.08191973069888474,0.06999339392637954,0.06441324915471126,0.2775461122848686,0.033154770451793374,0.04795057466924775,0.023853539732413238,0.05240189391906975,0.0,0.005005893552366838,1
-3.6799999999999997,106.0,43.5427,4.0,106.0,13688.820000000002,-0.075272828,30.45938,6.45502,118.81379999999999,-0.018825122,46.134154,400.0000000000092,-4.4510559999999995,-5.002966,-7.862868000000001,-2.8508679999999997,-4.5035532599999994,-179.9796,8465.58,-1.2680479999999996,6541.8240000000005,10639.126,-3.317772,-3.869682,-5.5963,-1.7175847999999998,-3.37027,0.6889466,8608.939999999999,11.76473,6685.183999999999,0.5635764,0.9976836,0.0030752218000000002,15294.1,-0.001317,1.057492,11.0019,9.098812,118.3732,87.64750000000001,0.754695,10.67686,9.923283999999999,118.1256,136.80540000000002,0.2474116,-49.15796,0.7750491164066373,-0.0392171502340081,-211.4942528735632,-0.0037463699270453366,-3.6799999999999997,64.82669203345178,0.0,0.0,64.82669203345178,1169.3634815573812,0.1096741163323303,1.9940605650280554,9.50931467362396,0.11899873948912004,0.02450640760953388,47.72648019671659,223.60679774995842,1.3542927365344615,1.6702173151209994,2.269443574749105,1.2566919063636877,2.5715925786577545,28.251332690689132,460.52636428330476,10.203018280566296,679.448889564182,959.6542077123412,1.25096067337067,1.5903836013427703,2.1635208699363173,1.3071671966767295,2.7214529341603537,0.06960316856149584,468.9160770329812,10.080803409088979,688.9345076856,0.012184041234335998,0.001825914099841502,0.0022672084424499215,1151.5349560477953,0.00010312235766311778,0.035416910085438,0.18340227643080073,0.1564033620802309,0.10911095270411654,0.5614755292975867,0.051553979046238485,0.21330727366876195,0.19458099529501868,0.11611976575932649,0.5901527768298666,0.12944885260132669,0.06424724118590774,0.03854870199637984,0.09256547157209102,0.0,0.008842674618405323,-3.6799999999999997,28.991378028648448,0.0,0.0,28.991378028648448,522.9552470336253,0.049047755898262095,0.8917709949308743,4.25269480593188,0.05321785414689221,0.010959598659847176,21.343930809331166,99.9999999999908,0.6056581240650537,0.7469438907615484,1.0149260208478248,0.5620097058806013,1.1500511632625428,12.634380070268588,205.95365119366014,4.562928490203852,303.85878086045165,429.1704086676996,0.5594466205671458,0.7112411685806721,0.9675559471834173,0.584582941945401,1.217070751669762,0.03112748327057619,209.7056447976548,4.5082723381069165,308.10087824607064,0.005448868888127147,0.0008165736096641872,0.0010139264392958888,514.9820880380206,4.611772034695554e-05,0.01583892370080745,0.08201999146549559,0.06994570990418184,0.04879590146723382,0.25109949024241573,0.023055640331597807,0.09539391280370053,0.0870192665218457,0.051930337953841305,0.2639243452203689,0.057891286805183385,0.02873223973170279,0.017239503621657434,0.04139653736090397,0.0,0.003954564309933263,1
-3.6500000000000057,122.0,43.5727,4.0,122.0,13299.48,-0.2260132,29.414179999999998,10.828140000000001,118.80720000000001,0.04142968,142.76397839999998,213.505046,-4.007518,-3.24994,-5.52867,-3.3197454,-2.8304364,-168.0654,8290.95,-4.698638000000001,6244.647999999999,10967.82,-2.949256,-2.191676,-3.4121432599999997,-2.2614852,-1.77217494,0.7462641999999999,8424.82,7.471366000000001,6378.518,0.5700282,0.9984674,0.0021668058,14803.36,-0.00124285,1.0205282,11.06082,5.467181999999999,118.35060000000001,87.80426,0.7101324,10.74598,9.982058,118.16720000000001,137.0326,0.18314718,-49.2284,0.75526733035681,-0.09723826402269406,-209.77011494252906,-0.009289061186725704,-3.6500000000000057,64.82669203345178,0.0,0.0,64.82669203345178,1326.7468511362672,0.10395876359499474,2.151197348455043,0.2571774056949803,0.1588716463060699,0.11910848136298881,148.7292237171937,262.23602867586726,1.823109399575352,1.1867122127752798,2.4658365036940304,2.768919066428414,1.1618408179414252,29.07166711421964,534.0893047047472,11.53572894390814,752.5684991879475,1219.5737070796506,1.8318608277868709,1.1290926960307552,2.441859018419089,2.7847532686155874,1.0528532984734948,0.17998475862889057,535.8518485551758,10.313792631965217,751.5890972266694,0.014861019251720268,0.002251121675965113,0.0032974128348537434,1268.4548998683406,5.851773662745337e-05,0.05119566257213589,0.227072657975371,8.280827229321357,0.1757492531989801,0.8250035260530741,0.06851873021152678,0.17401079564210872,0.20561605024900118,0.1716848857645885,1.0069986593834162,0.11574241532973986,0.1845559400290334,0.04642983836008509,0.12225586037079458,0.0,0.0116789638197887,-3.6500000000000057,28.991378028648448,0.0,0.0,28.991378028648448,593.3392296148975,0.046491772451047735,0.9620447008325556,0.11501323228220352,0.07104956016753512,0.053266932204881955,66.51373089448381,117.27551725376469,0.8153193095738627,0.530713835498944,1.1027556087320527,1.2382982513458378,0.5195910095901968,13.001244777328052,238.85199827508256,5.158934817718092,336.55886438184916,545.409942520303,0.8192330672500957,0.5049456042446552,1.0920325513311988,1.245379521837837,0.470850309144322,0.08049163104161823,239.64023184765912,4.612468286182139,336.1208625093063,0.006646049852355916,0.0010067322186162494,0.0014746478497226516,567.2702764996596,2.6169927397683008e-05,0.022895396332887518,0.10154997981289787,3.7032985189387584,0.07859745542954838,0.3689527931863385,0.030642507696988487,0.07781999357491586,0.09195429312435584,0.07677981505578117,0.45034349112649497,0.05176158171146241,0.08253592551125863,0.020764054951495522,0.054674482887363866,0.0,0.005222991401561627,1
-3.6200000000000045,112.5,43.6027,4.0,112.5,13291.616666666667,-0.22651351666666666,29.90363333333333,10.718416666666664,118.65016666666666,0.04111143333333333,-52.86884466666667,359.33396666666664,-4.404441666666666,-4.084461666666667,-7.497063333333333,-3.8031216666666663,-3.2071609999999997,-198.53066666666666,8278.253333333334,-3.197813333333333,6382.759999999999,10877.601666666667,-3.1543468333333333,-2.8343665000000002,-4.996866666666667,-2.5530266666666668,-1.9570664999999998,0.6859541666666668,8436.388333333334,11.178291666666667,6540.8983333333335,0.5647,0.9976988333333333,0.0030755283333333337,14977.300000000001,-0.00136778,1.0359201666666666,10.958466666666666,9.137551666666667,118.17516666666667,87.9196,0.7385088333333334,10.671216666666666,9.900963333333333,117.96933333333334,137.16183333333333,0.20581433333333332,-49.242266666666666,0.7727084270272702,-0.062374551140212696,-208.04597701149453,-0.005958570197229798,-3.6200000000000045,76.7039764288658,0.0,0.0,76.7039764288658,1398.4622260421143,0.12574386800986226,2.786029061346395,0.06442628086942968,0.11373199491201545,0.22009173917343347,49.90646530407188,173.54303883661444,1.8722250449175886,1.4818061038532222,3.238998667283867,1.0870495379957008,2.8414008852729666,44.27364285742329,557.0335113318296,5.824281427656691,906.3716144275484,1504.560773334419,2.0563854873860996,1.4640945078598921,3.320912256351659,1.0313232791645242,2.722089784396815,0.16281085627981526,554.6809240785797,7.5279592052997115,916.1980826528003,0.019817689996566246,0.0015682361323048947,0.0021067930170420314,1440.3024224099597,8.809257380733065e-05,0.0647660128475319,0.16575850707178374,0.07069669791911534,0.12840625633771485,0.2994329440793044,0.09623105865242611,0.08195502221747467,0.11105092969744462,0.10276315811937026,0.4279838392587627,0.051012828804788565,0.148192087058205,0.06351253886767277,0.14513287900254182,0.0,0.013864379488980082,-3.6200000000000045,31.31426724886491,0.0,0.0,31.31426724886491,570.9198130599815,0.05133471915133991,1.1373916014773067,0.02630191902588935,0.046430892493875074,0.08985207626277264,20.37422914348144,70.84864892695164,0.7643326739512347,0.6049448086969954,1.3223156687333693,0.4437861155362769,1.1599970539351956,18.074639009150676,227.40797873230227,2.3777529360212717,370.0246621150182,614.2343636127644,0.8395158597600729,0.5977140799113319,1.3557567514360547,0.42103596563450235,1.1112885009691453,0.06646725374519227,226.4475390079959,3.073276476245308,374.03630096927475,0.00809053806204097,0.0006402297200571338,0.0008600946475686137,588.0010016998267,3.596364265940441e-05,0.026440614025165485,0.06767062714189785,0.02886180606691898,0.05242163463473667,0.12224298752893752,0.03928616518438069,0.03345799771521194,0.0453363522034044,0.04195288362490055,0.1747236707235506,0.02082590015128064,0.06049916620178415,0.025928885415747064,0.059250249742886375,0.0,0.005660109224718365,1
-3.5900000000000034,120.5,43.6327,4.0,120.5,13395.133333333333,-0.18716424833333334,29.716083333333334,-0.035983333333333256,118.7445,0.05524331466666666,33.119088,245.63335456500056,-4.71332,-4.994879999999999,-6.696072833333333,-2.5979381666666668,-3.0181488333333335,-167.249,8276.508333333333,-3.6873083333333327,6392.826666666667,10666.488333333333,-3.6601983333333337,-3.941758333333333,-4.5898243333333335,-1.5448158333333335,-1.9650261666666669,0.8174533333333334,8409.731666666667,8.423598333333333,6526.05,0.5636796666666667,0.9983046666666667,0.0022115655,14935.766666666668,-0.0012695933333333332,1.01878,11.060833333333333,2.976595,118.27833333333332,87.85366666666665,0.7282848333333334,10.7074,10.003555,118.07566666666666,137.114,0.20252016666666664,-49.260133333333336,0.7751946135933211,-0.04519149526705326,-206.32183908046,-0.00431709233884832,-3.5900000000000034,76.7039764288658,0.0,0.0,76.7039764288658,993.7623914531418,0.12506263403696893,1.8305621206795097,11.822606411687174,0.10983578651787365,0.09613164663630647,72.89727065132838,267.08752575207825,1.7333219228983408,1.056221683473692,4.8632412135163685,1.8750082747945853,2.203405060667731,18.20175321225953,447.7359177647763,9.443814613350723,637.3021385706053,858.69229227743,1.7285621825831627,0.9651963040214496,4.729335518365415,1.8173906668805602,2.2007330758536274,0.2946368065369068,452.31226591445295,10.096712589056732,639.7610890949843,0.015491477149280045,0.0020584389878416723,0.002753612850952272,1034.8001771678755,6.745821778454175e-05,0.03805559913600097,0.11622641122682344,9.531504628275119,0.1217746552722176,0.7296114107294843,0.055482147378834126,0.17412519633872775,0.21679812736737364,0.12160208331548703,0.8389169207972862,0.0929819177376261,0.16836578829045376,0.04965848645104167,0.11179849896795323,0.0,0.010679983933639909,-3.5900000000000034,31.31426724886491,0.0,0.0,31.31426724886491,405.7017974380254,0.05105660654650029,0.7473238563553136,4.826558856398394,0.04484027207767573,0.03924558039874828,29.76018612288635,109.03802579250893,0.7076257118467834,0.4312006966289982,1.98540991153146,0.7654689227904866,0.8995363492170255,7.43083463235008,182.78742300673866,3.8554211713580804,260.17750858041353,350.55966035675664,0.7056825560000601,0.3940397410787958,1.9307431404027082,0.7419466328589687,0.8984455159845224,0.12028497257642415,184.65570931541163,4.121965653787375,261.18137092832654,0.006324369062953576,0.0008403541978105272,0.0011241577390005892,422.4554033004878,2.7539702088278128e-05,0.015536133289850458,0.04744923369010061,3.8912204700417155,0.04971429483670908,0.29786261113323936,0.02265049181867313,0.07108631373197011,0.08850746487349712,0.049643842630391816,0.34248639875670006,0.0379597089604374,0.06873504524217844,0.020272992200660665,0.04564154608009286,0.0,0.004360085183090016,1
