detuning_Hz,cyc,freq,pulsetime,waittime,VVA,cyc.1,ROIsum,fBg,fA1,fWidth1,fCtr1,fA2,fWidth2,fCtr2,box1,box2,box3,box4,box5,box6,box7,box8,box9,Nfit,BZ-2,BZ-1,BZ0,BZ1,BZ2,Excited,c5,c7,c9,fraction95,fraction75,fraction97,sum95,ROIsqsum,c5cwc,c9cwc,two2D_bg,two2D_a1,two2D_sh1,two2D_sv1,two2D_ch1,two2D_cv1,two2D_a2,two2D_sh2,two2D_sv2,two2D_ch2,two2D_cv2,two2D_chd,two2D_cvd,detuning,detuning_EF,ratio95,f5,f9,c5_alpha,c5_transfer,c5_scaledtransfer,e_detuning_Hz,e_cyc,e_freq,e_pulsetime,e_waittime,e_VVA,e_cyc.1,e_ROIsum,e_fBg,e_fA1,e_fWidth1,e_fCtr1,e_fA2,e_fWidth2,e_fCtr2,e_box1,e_box2,e_box3,e_box4,e_box5,e_box6,e_box7,e_box8,e_box9,e_Nfit,e_BZ-2,e_BZ-1,e_BZ0,e_BZ1,e_BZ2,e_Excited,e_c5,e_c7,e_c9,e_fraction95,e_fraction75,e_fraction97,e_sum95,e_ROIsqsum,e_c5cwc,e_c9cwc,e_two2D_bg,e_two2D_a1,e_two2D_sh1,e_two2D_sv1,e_two2D_ch1,e_two2D_cv1,e_two2D_a2,e_two2D_sh2,e_two2D_sv2,e_two2D_ch2,e_two2D_cv2,e_two2D_chd,e_two2D_cvd,e_detuning,e_detuning_EF,e_ratio95,e_f5,e_f9,e_c5_alpha,e_c5_transfer,e_c5_scaledtransfer,em_detuning_Hz,em_cyc,em_freq,em_pulsetime,em_waittime,em_VVA,em_cyc.1,em_ROIsum,em_fBg,em_fA1,em_fWidth1,em_fCtr1,em_fA2,em_fWidth2,em_fCtr2,em_box1,em_box2,em_box3,em_box4,em_box5,em_box6,em_box7,em_box8,em_box9,em_Nfit,em_BZ-2,em_BZ-1,em_BZ0,em_BZ1,em_BZ2,em_Excited,em_c5,em_c7,em_c9,em_fraction95,em_fraction75,em_fraction97,em_sum95,em_ROIsqsum,em_c5cwc,em_c9cwc,em_two2D_bg,em_two2D_a1,em_two2D_sh1,em_two2D_sv1,em_two2D_ch1,em_two2D_cv1,em_two2D_a2,em_two2D_sh2,em_two2D_sv2,em_two2D_ch2,em_two2D_cv2,em_two2D_chd,em_two2D_cvd,em_detuning,em_detuning_EF,em_ratio95,em_f5,em_f9,em_c5_alpha,em_c5_transfer,em_c5_scaledtransfer
-4334700.000000005,71.5,42.888,0.01,0.64,5.0,71.5,14275.325,-0.164679735,26.4777,13.129775,90.528625,0.18832595000000002,-158.48479824999998,402.28625,1.0756887499999999,0.572586,1.33266525,2.7695175,1.6356165999999999,57.45675,7430.965,20.031575,8449.92,13581.3,0.71389675,0.21079649999999994,0.60908375,2.4077279999999996,1.2738265,0.87587375,559.3366073753912,18.5392,572.3972781045456,0.4996195,0.99561275,0.0040586575,1131.7338854799368,5118.2175,57718.3,71852.425,-0.0014709075,0.6078002499999999,12.995275,11.2696,91.364675,68.09722500000001,0.65331875,12.847925,12.331150000000001,90.01079999999999,118.84649999999999,1.353845,-50.749224999999996,-4.334700000000005,-217.82412060301533,1.022968883016142,0.49435034259452926,0.5056496574054706,0.03925170816999929,3.7220557508908257e-07,0.0011788433067236037,-4334700.000000005,37.43883901333837,0.0,0.0,0.0,0.0,37.43883901333837,584.1305012580668,0.18006393113979147,0.9079920006989785,0.28102118988906527,0.4985725849863727,0.25300780977796583,214.73350198287147,195.42750000000004,0.6780319039078594,1.0580334972038141,1.3131509189948112,1.2114851156982216,1.2332240639390069,68.5401342723371,226.42887823773717,2.6953954532065714,380.032155569324,3013.2684945089113,0.7124614473796109,1.4065280791787746,2.081542482492951,1.2829913080879907,1.324482107772317,0.31187165649817666,16.363870245619903,3.390676883258955,26.60804470045554,0.0037018735346668174,0.0007599703393334889,0.000702438871901558,42.96861774658913,345.6340805317089,2907.3273626018326,6006.504584961756,7.465293313058775e-05,0.013494663571822229,0.09292697401723603,0.09579488504090489,0.44304516229536745,0.9415959231538715,0.02470123135088612,0.051615332024506314,0.20255709483172013,0.5180857264970784,1.314691472044561,0.10738246365212532,0.37303663247282554,0.0,0.0,0.017416695259584163,0.004238167218988512,0.004238167218988474,0.022387992995753416,2.1229485789471327e-07,0.0006723767429360084,-4334700.000000005,18.719419506669183,0.0,0.0,0.0,0.0,18.719419506669183,292.0652506290334,0.09003196556989573,0.4539960003494892,0.14051059494453264,0.24928629249318635,0.12650390488898292,107.36675099143574,97.71375000000002,0.3390159519539297,0.5290167486019071,0.6565754594974056,0.6057425578491108,0.6166120319695034,34.27006713616855,113.21443911886858,1.3476977266032857,190.016077784662,1506.6342472544557,0.35623072368980546,0.7032640395893873,1.0407712412464756,0.6414956540439953,0.6622410538861585,0.15593582824908833,8.181935122809952,1.6953384416294774,13.30402235022777,0.0018509367673334087,0.00037998516966674447,0.000351219435950779,21.484308873294566,172.81704026585444,1453.6636813009163,3003.252292480878,3.7326466565293874e-05,0.0067473317859111145,0.046463487008618014,0.04789744252045244,0.22152258114768372,0.47079796157693576,0.01235061567544306,0.025807666012253157,0.10127854741586007,0.2590428632485392,0.6573457360222805,0.05369123182606266,0.18651831623641277,0.0,0.0,0.008708347629792081,0.002119083609494256,0.002119083609494237,0.011193996497876708,1.0614742894735664e-07,0.0003361883714680042
-4284700.000000001,51.5,42.938,0.01,0.64,5.0,51.5,14801.975,-0.10746485425,27.240425000000002,13.127749999999999,90.80905,0.06792949499999999,70.62876250000001,373.875760085025,-0.70006925,0.69643925,3.52567,1.06798075,0.027881600000000006,89.002075,7722.8575,21.435025,8696.585,12384.35,-1.2604924999999998,0.13601675000000005,2.4048239999999996,0.507558225,-0.53254125,0.5186818750000001,579.748054148326,19.12325,589.9064033209816,0.50171975,0.99563625,0.004082325,1169.6544574693075,5377.3,61088.025,75045.3,-0.001467735,0.6201875,13.0877,11.3631,91.63419999999999,67.5457,0.662813,12.867625,12.505875,90.33850000000001,118.48025,1.2956725,-50.934925,-4.284700000000001,-215.31155778894475,1.0182016399334115,0.495547815031543,0.504452184968457,0.01132608174259753,1.0739993149474059e-07,0.00034015527670386606,-4284700.000000001,37.43883901333837,0.0,0.0,0.0,0.0,37.43883901333837,766.4845611621936,0.1753803827191005,1.15598778936746,0.12178545342801286,0.5736908023200908,0.1294693731462185,350.36733986008977,249.259482676441,2.2766413622019863,1.4723536818636966,2.8873622349011447,0.5948213734012227,1.2099295679161826,25.84552537950235,380.27705683926416,2.856939173748715,321.51858220015833,959.4225155442894,2.237738775927983,1.4785511218314085,3.083217478354714,0.6203331569943169,1.3660218700087674,0.472234594632508,30.975011820907955,3.4120491638701034,23.962936980172977,0.00621182272632867,0.0005858312470327922,0.0006442439445582706,53.52893401502063,375.5647792325578,5178.195689861481,4772.32360805509,0.00020600452495030296,0.021365293671435182,0.14194301673559084,0.23747395646680977,0.48669390791338574,1.331704334052169,0.01647911492364399,0.06804221116336504,0.2082014629311397,0.5745965657166218,1.5311046937859363,0.161856781831964,0.22917917844632468,0.0,0.0,0.025062561144568653,0.006140074416285351,0.006140074416285285,0.04237801554772687,4.0185088454651195e-07,0.0012727354377624156,-4284700.000000001,18.719419506669183,0.0,0.0,0.0,0.0,18.719419506669183,383.2422805810968,0.08769019135955025,0.57799389468373,0.06089272671400643,0.2868454011600454,0.06473468657310925,175.18366993004489,124.6297413382205,1.1383206811009932,0.7361768409318483,1.4436811174505724,0.2974106867006113,0.6049647839580913,12.922762689751176,190.13852841963208,1.4284695868743575,160.75929110007917,479.7112577721447,1.1188693879639915,0.7392755609157042,1.541608739177357,0.31016657849715845,0.6830109350043837,0.236117297316254,15.487505910453978,1.7060245819350517,11.981468490086488,0.003105911363164335,0.0002929156235163961,0.0003221219722791353,26.764467007510316,187.7823896162789,2589.0978449307404,2386.161804027545,0.00010300226247515148,0.010682646835717591,0.07097150836779542,0.11873697823340489,0.24334695395669287,0.6658521670260845,0.008239557461821995,0.03402110558168252,0.10410073146556985,0.2872982828583109,0.7655523468929681,0.080928390915982,0.11458958922316234,0.0,0.0,0.012531280572284326,0.0030700372081426757,0.0030700372081426423,0.021189007773863434,2.0092544227325597e-07,0.0006363677188812078
-4234700.000000004,46.5,42.988,0.01,0.64,5.0,46.5,15202.425,-0.203818,27.933525,13.2637,90.717075,-0.18064957499999998,389.407675,216.50725003644143,0.008102750000000006,0.75922375,0.86421825,0.6257865,0.6081115,83.0517,7942.045,22.300525,8916.455,23616.875,-0.514851525,0.23627199999999995,-0.181691,0.10283224999999999,0.08515800000000001,0.9620765,598.1054742000222,20.143325,608.5435164901397,0.50270875,0.995521,0.0042016925000000005,1206.6489906901618,5657.595,64542.149999999994,78877.15,-0.00158347,0.63627775,13.179575,11.353674999999999,91.499225,67.68877499999999,0.676269,12.995725,12.52125,90.217925,118.54925,1.2812725,-50.860525,-4.234700000000004,-212.79899497487455,1.0173950420199485,0.4957638496786211,0.504236150321379,-0.013789357659489087,-1.3075802397007567e-07,-0.000414134638688945,-4234700.000000004,37.43883901333837,0.0,0.0,0.0,0.0,37.43883901333837,411.9870497560164,0.14989942129085532,0.5875234314476327,0.17736452106701936,0.5581335645106181,0.5146346443358847,741.26028505046,255.91383417577052,0.8379734568212269,1.9805248093934387,0.6079601223646033,1.1168564391900748,1.2899576027331288,11.616958441577266,105.31156995632846,2.211726208756409,251.8112023586983,18416.347143661074,0.8171317356674926,1.954226007818611,0.7234674000077681,1.1029747258459355,1.3043563958870035,0.18770642848252872,7.700294348617423,2.0519197781183673,20.180866545121987,0.005629923704337994,0.0004305384225981982,0.00047986063097355013,25.316749494887556,147.99927758832695,1735.4491531973297,2790.66022594415,0.00015329112672732677,0.01011769952031258,0.12899194742308592,0.2141534087984595,0.5249977738048072,0.8912929760559417,0.0036651316483859637,0.16973209036596437,0.28831973571019975,0.5512740720367694,1.1442398859796272,0.03648761193884855,0.2570786439334612,0.0,0.0,0.0286854068136105,0.007043549855009777,0.007043549855009801,0.010535046621274172,9.989891571798368e-08,0.00031639818429615106,-4234700.000000004,18.719419506669183,0.0,0.0,0.0,0.0,18.719419506669183,205.9935248780082,0.07494971064542766,0.2937617157238164,0.08868226053350968,0.27906678225530906,0.25731732216794234,370.63014252523,127.95691708788526,0.41898672841061346,0.9902624046967193,0.30398006118230164,0.5584282195950374,0.6449788013665644,5.808479220788633,52.65578497816423,1.1058631043782046,125.90560117934915,9208.173571830537,0.4085658678337463,0.9771130039093056,0.36173370000388405,0.5514873629229677,0.6521781979435017,0.09385321424126436,3.8501471743087117,1.0259598890591837,10.090433272560993,0.002814961852168997,0.0002152692112990991,0.00023993031548677507,12.658374747443778,73.99963879416347,867.7245765986648,1395.330112972075,7.664556336366339e-05,0.00505884976015629,0.06449597371154296,0.10707670439922976,0.2624988869024036,0.44564648802797086,0.0018325658241929819,0.08486604518298219,0.14415986785509988,0.2756370360183847,0.5721199429898136,0.018243805969424275,0.1285393219667306,0.0,0.0,0.01434270340680525,0.0035217749275048885,0.0035217749275049007,0.005267523310637086,4.994945785899184e-08,0.00015819909214807553
-4184700.0000000065,54.5,43.038,0.01,0.64,5.0,54.5,15063.425000000001,-0.265162525,27.61945,13.264575,90.663775,-0.10970437499999999,75.40682500000001,198.079752595,-0.015290000000000026,1.1805625000000002,1.558429475,1.452458325,1.62380875,71.4828,7825.4025,22.632475,8837.182499999999,12860.85,-0.465399,0.73045525,0.658215,1.00235025,1.17369975,1.0309495,590.0684998111064,20.775750000000002,601.4288307760148,0.5008790000000001,0.99530575,0.0043601175,1191.4973305871213,5572.395,62858.775,78300.475,-0.001511365,0.626263,13.135349999999999,11.40705,91.6018,67.619675,0.67783925,12.880275,12.4539,90.178725,118.36125,1.4231099999999999,-50.741475,-4.1847000000000065,-210.28643216080434,1.0208404452728286,0.4949174852430681,0.5050825147569319,-0.0027936870983482336,-2.6491227045614546e-08,-8.390257368429734e-05,-4184700.0000000065,37.43883901333837,0.0,0.0,0.0,0.0,37.43883901333837,908.7184396170247,0.17658556750813234,1.6232224667822532,0.28814034051713955,0.47577061962672507,0.1533936254911608,420.45129215849624,234.2775146853673,0.9849004987401858,2.3780926623574477,3.6597652201972966,1.303944118423494,1.5438512511019047,15.56120067411252,584.78843931659,2.2553463671536877,425.0469957839956,900.6055055720383,1.0324046883033158,2.286786872540505,3.603539262074718,1.4006158315070734,1.6230313362619497,1.4003207014465173,46.77248685388703,2.339805952780415,32.48216585502151,0.007276193464534406,0.0005551260367400048,0.0004592264825678792,78.90295641753853,554.4135239752603,8066.085995233376,6706.709618670448,0.00025493074883191325,0.035538970037598636,0.25726741599614483,0.24616826900855157,0.44688967318568007,1.0015342376407672,0.025164818952590696,0.2656705400177696,0.1334052722596322,0.4719144087296612,1.236279735065378,0.10383155140258027,0.23981689369183481,0.0,0.0,0.028473445128520798,0.006990150367132862,0.00699015036713282,0.06399110310466295,6.067976768934661e-07,0.001921839509712051,-4184700.0000000065,18.719419506669183,0.0,0.0,0.0,0.0,18.719419506669183,454.35921980851236,0.08829278375406617,0.8116112333911266,0.14407017025856977,0.23788530981336253,0.0766968127455804,210.22564607924812,117.13875734268365,0.4924502493700929,1.1890463311787238,1.8298826100986483,0.651972059211747,0.7719256255509523,7.78060033705626,292.394219658295,1.1276731835768439,212.5234978919978,450.30275278601914,0.5162023441516579,1.1433934362702525,1.801769631037359,0.7003079157535367,0.8115156681309749,0.7001603507232587,23.386243426943516,1.1699029763902076,16.241082927510757,0.003638096732267203,0.0002775630183700024,0.0002296132412839396,39.45147820876927,277.20676198763016,4033.042997616688,3353.354809335224,0.00012746537441595663,0.017769485018799318,0.12863370799807242,0.12308413450427579,0.22344483659284003,0.5007671188203836,0.012582409476295348,0.1328352700088848,0.0667026361298161,0.2359572043648306,0.618139867532689,0.051915775701290134,0.11990844684591741,0.0,0.0,0.014236722564260399,0.003495075183566431,0.00349507518356641,0.031995551552331476,3.0339883844673306e-07,0.0009609197548560255
-4134700.0000000023,61.5,43.088,0.01,0.64,5.0,61.5,14497.575,-0.21330985000000002,26.625799999999998,13.22275,90.52915,-0.73690875,472.5415,64.8135210225,0.427118,1.41787225,4.58494,2.2132435,2.2596965,26.849275000000002,7588.135,22.36795,8511.025,33903.475,0.25805612499999997,1.248811,4.24681175,2.04418175,2.090631375,0.514596525,572.1482905184711,21.6706,576.7656712821996,0.50312775,0.99502125,0.0046740975,1148.9139618006707,5251.6775,60396.325,72410.325,-0.00147978,0.62120475,13.085075,11.196325,91.287575,67.64125,0.65328725,12.94225,12.334975,89.9645,118.36025,1.32307,-50.718925,-4.134700000000002,-207.77386934673376,1.0092136589617324,0.4978857317014619,0.5021142682985381,0.02172358871134865,2.0599462306932697e-07,0.00065242274398552,-4134700.0000000023,37.43883901333837,0.0,0.0,0.0,0.0,37.43883901333837,624.9733187638226,0.13451526735984282,1.1384623987349476,0.23687861166991528,0.5564762139271185,0.7009727214784586,673.9573378726085,80.81103718470747,0.2966697849944727,1.2385606644516518,2.518061517636136,1.7482244323475749,1.2374048521464858,101.0437585224466,428.92906379338154,4.379143676184498,380.64263323139886,22090.14968281489,0.5218583412543382,1.7450359634700943,3.46316761187677,2.1983604584732954,1.6618539541029358,0.4163367327547528,33.20207945470435,4.667266141972193,27.385645120616164,0.010139086558955863,0.0009050272095357092,0.0008904169351629606,55.344513571467765,361.10043915555315,5406.792670567272,5487.4767773996045,0.00015078626153156884,0.022336068027221462,0.11109060491328676,0.27177975611390465,0.462875306283101,0.7282513004908813,0.021626290764946307,0.18739737636014678,0.2742782817383348,0.5556103610744958,0.8445023682619269,0.16557875286400722,0.1432452995156688,0.0,0.0,0.04411139792876949,0.010846737620134177,0.01084673762013422,0.04542494600110463,4.307434997861898e-07,0.00136424364819393,-4134700.0000000023,18.719419506669183,0.0,0.0,0.0,0.0,18.719419506669183,312.4866593819113,0.06725763367992141,0.5692311993674738,0.11843930583495764,0.2782381069635593,0.3504863607392293,336.97866893630425,40.40551859235374,0.14833489249723636,0.6192803322258259,1.259030758818068,0.8741122161737874,0.6187024260732429,50.5218792612233,214.46453189669077,2.189571838092249,190.32131661569943,11045.074841407444,0.2609291706271691,0.8725179817350471,1.731583805938385,1.0991802292366477,0.8309269770514679,0.2081683663773764,16.601039727352173,2.3336330709860964,13.692822560308082,0.005069543279477931,0.0004525136047678546,0.0004452084675814803,27.672256785733882,180.55021957777657,2703.396335283636,2743.7383886998023,7.539313076578442e-05,0.011168034013610731,0.05554530245664338,0.13588987805695232,0.2314376531415505,0.36412565024544064,0.010813145382473154,0.09369868818007339,0.1371391408691674,0.2778051805372479,0.42225118413096346,0.08278937643200361,0.0716226497578344,0.0,0.0,0.022055698964384744,0.0054233688100670885,0.00542336881006711,0.022712473000552316,2.153717498930949e-07,0.000682121824096965
-4084700.000000005,45.5,43.138,0.01,0.64,5.0,45.5,14513.074999999999,-0.16767477825,26.76725,13.253525,90.75675,-0.83574285,903.034475,305.1450000000146,-0.481610675,0.5080847500000001,1.4886633249999999,0.41785975,-0.808070325,82.36522500000001,7597.0825,21.171025,8526.6025,59404.899999999994,-1.00024175,-0.010549000000000086,0.4514012500000001,-0.10077200000000003,-1.326702,0.69853075,570.5938337015075,19.031725,578.154076381911,0.50274625,0.995571,0.0041453025,1148.7479100834184,5246.26,60011.125,72809.3,-0.0014642075,0.61960725,13.07425,11.210625,91.60759999999999,67.264725,0.65623275,12.92255,12.332625,90.29044999999999,118.019,1.3171675,-50.754625000000004,-4.084700000000005,-205.26130653266355,1.0133761884262127,0.49674764094555995,0.50325235905444,0.023850296379401517,2.26161196386485e-07,0.0007162939795756712,-4084700.000000005,37.43883901333837,0.0,0.0,0.0,0.0,37.43883901333837,245.44307384809272,0.21762410351604047,0.21509192608433025,0.2414539897509805,0.6648650915787404,0.9460363794026581,1026.5459473785393,226.48397168597785,1.3509803631461448,1.517627594390968,2.336458143344299,0.9890416818592209,1.07833376073194,20.56046709267974,49.86446923077236,2.217382965532416,184.17850985298702,64410.487313532,1.325632830794001,1.5328929882428193,2.341376576327037,0.9063496901465056,1.0156663393759455,0.4600316774182513,4.709751730224283,1.8092694738945512,12.551443879897503,0.006066953731761385,0.0004324835256977757,0.0003439460252592937,10.766383821767826,109.4906428269862,779.357433509597,3332.098985124345,0.00014891636475440384,0.004207736000511419,0.13135769232646102,0.04967503564836827,0.5548538065713103,0.89478251128416,0.017372619095864617,0.08133062153949122,0.18774094518777706,0.7232935987550384,1.1272113081997213,0.19161532165165363,0.2567360950470326,0.0,0.0,0.02753206065093682,0.006773923670919849,0.006773923670919833,0.006443578882338225,6.110144234093878e-08,0.00019351947191423622,-4084700.000000005,18.719419506669183,0.0,0.0,0.0,0.0,18.719419506669183,122.72153692404636,0.10881205175802024,0.10754596304216513,0.12072699487549025,0.3324325457893702,0.47301818970132903,513.2729736892696,113.24198584298892,0.6754901815730724,0.758813797195484,1.1682290716721495,0.49452084092961046,0.53916688036597,10.28023354633987,24.93223461538618,1.108691482766208,92.08925492649351,32205.243656766,0.6628164153970005,0.7664464941214096,1.1706882881635186,0.4531748450732528,0.5078331696879728,0.23001583870912565,2.3548758651121413,0.9046347369472756,6.275721939948752,0.0030334768658806925,0.00021624176284888784,0.00017197301262964686,5.383191910883913,54.7453214134931,389.6787167547985,1666.0494925621724,7.445818237720192e-05,0.0021038680002557096,0.06567884616323051,0.024837517824184134,0.27742690328565517,0.44739125564208,0.008686309547932309,0.04066531076974561,0.09387047259388853,0.3616467993775192,0.5636056540998606,0.09580766082582681,0.1283680475235163,0.0,0.0,0.01376603032546841,0.0033869618354599243,0.0033869618354599165,0.0032217894411691126,3.055072117046939e-08,9.675973595711811e-05
-4059700.0000000065,65.5,43.163,0.01,0.64,5.0,65.5,14605.15,-0.27807505,26.928224999999998,13.162825,90.4783,0.11689879999999998,311.92665,394.21975,0.89246825,1.9431574999999999,2.563671725,0.71251,-0.9329545,16.1496,7460.575,20.7928,8665.93,16536.625,0.790778,1.841469,2.360296,0.61082,-1.034645,0.25936349999999997,561.5303994238174,20.373325,587.0185200559567,0.49431325,0.9952385,0.004313465,1148.5489194797742,5237.1475,57840.175,74795.925,-0.0013833125,0.60467225,13.063475,11.3167,91.3292,68.009225,0.6628842500000001,12.80105,12.512699999999999,89.91515,118.88775,1.41404,-50.87875,-4.0597000000000065,-204.00502512562846,1.0455763209201816,0.48888343814926966,0.5111165618507303,0.03625030322868043,3.437446569700427e-07,0.0010887023602323838,-4059700.0000000065,37.43883901333837,0.0,0.0,0.0,0.0,37.43883901333837,971.0270730863621,0.1489058637730899,1.1563315567633137,0.3144490247507005,0.3698894699771752,0.5371958077734412,409.8012964707042,192.70334092134985,1.4312863899940673,0.5122809176207263,2.369024616324315,2.8507299329937705,1.0044023813331322,71.88650429090754,447.4235170767549,5.656357572973382,424.4431705972742,4705.174890391075,1.8800955266349277,0.8262292110974209,3.2400082272566326,3.171609766296394,1.4091959860028933,0.6081076425691425,29.54885553482023,4.5642754221416855,29.453722194743747,0.003960041950535361,0.0010037627541738515,0.00090053252217785,58.3560818175908,497.00530294789957,6121.794189818865,6797.964261147106,0.00019762327753835074,0.03256138300067532,0.19615735817620164,0.1678951061426954,0.33886794871551873,0.7250294861819881,0.02956805785951006,0.21466567028754327,0.26724252406132265,0.32953063084737083,0.9729865963448189,0.12530285365199523,0.24853622807685044,0.0,0.0,0.0164157678457797,0.003929993032270764,0.00392999303227076,0.04042684040000599,3.8334880395395196e-07,0.0012141359558449838,-4059700.0000000065,18.719419506669183,0.0,0.0,0.0,0.0,18.719419506669183,485.51353654318103,0.07445293188654495,0.5781657783816568,0.15722451237535026,0.1849447349885876,0.2685979038867206,204.9006482353521,96.35167046067492,0.7156431949970337,0.2561404588103631,1.1845123081621576,1.4253649664968853,0.5022011906665661,35.94325214545377,223.71175853837744,2.828178786486691,212.2215852986371,2352.5874451955374,0.9400477633174639,0.41311460554871043,1.6200041136283163,1.585804883148197,0.7045979930014467,0.30405382128457126,14.774427767410115,2.2821377110708427,14.726861097371874,0.0019800209752676803,0.0005018813770869257,0.000450266261088925,29.1780409087954,248.50265147394978,3060.8970949094323,3398.982130573553,9.881163876917537e-05,0.01628069150033766,0.09807867908810082,0.0839475530713477,0.16943397435775936,0.3625147430909941,0.01478402892975503,0.10733283514377163,0.13362126203066133,0.16476531542368542,0.48649329817240944,0.06265142682599761,0.12426811403842522,0.0,0.0,0.00820788392288985,0.001964996516135382,0.00196499651613538,0.020213420200002996,1.9167440197697598e-07,0.0006070679779224919
-4034700.000000001,66.5,43.188,0.01,0.64,5.0,66.5,14248.45,-0.210233225,26.164949999999997,13.274125,90.6138,0.035509049999999986,171.88425750000002,149.8648700000006,-0.9910464999999999,0.38872827499999996,1.22091325,0.2411496635,-0.166462225,35.830325,7314.7725,18.22935,8548.16,19981.25,-1.2166625,0.16311512499999997,0.7696835,0.01553525,-0.392076,0.9535887500000001,549.3605449228528,17.2987,580.0442123342116,0.4924385,0.99588025,0.003717435,1129.4047572570644,5061.3875,55088.95,72935.825,-0.0014813875,0.588436,13.11795,11.335975000000001,91.34632500000001,67.6824,0.654139,13.011775,12.32695,90.087725,118.51650000000001,1.2585975,-50.834,-4.034700000000001,-202.748743718593,1.0578329103649415,0.4860829445761223,0.5139170554238777,0.05290031409025277,5.016289162010243e-07,0.0015887507600633411,-4034700.000000001,37.43883901333837,0.0,0.0,0.0,0.0,37.43883901333837,842.9519420860632,0.19226070009963683,1.5101219961755856,0.34102547680977313,0.6159795505263619,0.6958382905128677,550.914343459707,232.71896413739475,1.423953643824241,0.8962630047964916,2.0141651574160737,0.4961225775355702,1.3286529440770463,46.4533120774235,564.8567212650773,5.8360403228559,366.61292694066276,10923.538328612512,1.687694067189015,1.1510137673875709,2.4425501146675237,0.7871431417302172,1.4419361800031234,0.48708161753130935,41.10029883120938,5.4326448113848445,26.16990940835668,0.010223088395066008,0.0011034568032626416,0.0010827952192512362,66.22768131917807,581.6857210656508,8648.57702457462,6729.256075463818,0.00018205040828938928,0.05040450090352383,0.24976871301265874,0.07128877307589666,0.5999562004846696,1.0106773998990277,0.031338788181208714,0.08987147767784799,0.1148258536509387,0.6551704784507146,1.1871898191387342,0.14949018727550872,0.23128892465197456,0.0,0.0,0.03985348553559983,0.00928381739979578,0.009283817399795797,0.0562307808938281,5.332101739279762e-07,0.001688774394261781,-4034700.000000001,18.719419506669183,0.0,0.0,0.0,0.0,18.719419506669183,421.4759710430316,0.09613035004981842,0.7550609980877928,0.17051273840488657,0.30798977526318094,0.34791914525643386,275.4571717298535,116.35948206869737,0.7119768219121205,0.4481315023982458,1.0070825787080369,0.2480612887677851,0.6643264720385231,23.22665603871175,282.42836063253867,2.91802016142795,183.30646347033138,5461.769164306256,0.8438470335945075,0.5755068836937854,1.2212750573337618,0.3935715708651086,0.7209680900015617,0.24354080876565468,20.55014941560469,2.7163224056924222,13.08495470417834,0.005111544197533004,0.0005517284016313208,0.0005413976096256181,33.11384065958904,290.8428605328254,4324.28851228731,3364.628037731909,9.102520414469464e-05,0.025202250451761915,0.12488435650632937,0.03564438653794833,0.2999781002423348,0.5053386999495139,0.015669394090604357,0.044935738838923996,0.05741292682546935,0.3275852392253573,0.5935949095693671,0.07474509363775436,0.11564446232598728,0.0,0.0,0.019926742767799915,0.00464190869989789,0.0046419086998978985,0.02811539044691405,2.666050869639881e-07,0.0008443871971308905
-4022200.000000005,49.5,43.2005,0.01,0.64,5.0,49.5,14372.0,-0.33467525,26.601399999999998,13.29635,90.992075,0.5455597,-110.27550000000001,194.028100000002,-0.27656919999999996,-0.08028125000000008,1.8228900000000001,0.47865775000000005,-0.18569950000000002,75.016525,7366.2,17.586275,8587.235,22939.1,-0.74892925,-0.55263975,0.8781725,0.006299799999999911,-0.658057,0.750463225,554.3968806843045,15.6378,581.7936904896899,0.49290625,0.99627825,0.0033663575,1136.1905711739946,5180.0650000000005,56722.3,74116.475,-0.0014482524999999999,0.601653,13.008975,11.270275,91.8206,67.169,0.66390325,12.91435,12.27035,90.505075,117.86775,1.3154925,-50.6988,-4.022200000000005,-202.12060301507563,1.0504427201258557,0.48776943170881865,0.5122305682911813,0.04600992397720328,4.362905721088833e-07,0.0013818122433928437,-4022200.000000005,37.43883901333837,0.0,0.0,0.0,0.0,37.43883901333837,600.0060388584993,0.08384253383327187,0.9752737154255712,0.11795494902716024,0.5213188555641044,0.908594025109836,546.4627931710752,210.8298876925161,1.0115130798539518,1.9974508272728309,3.783624274554756,1.9848468810482378,1.1357869898067743,35.15042336770877,401.94315792161467,5.877565992469445,227.8803128106214,13173.470442015907,1.0995946982209324,1.9569477216356383,3.586667099117461,1.9774348872921605,1.184944872646825,0.6659033258003766,28.975830000688436,5.830261842033054,16.91971732502003,0.007533087121714015,0.0012850334301747533,0.0012028492529926598,45.275082464472774,299.37531233108285,5384.834093389818,2656.1615743713105,0.00010891431934476444,0.025686444907771885,0.034843208329123056,0.15168327473170393,0.48080495699052966,0.3612801959698262,0.006606804188360136,0.1069884884773437,0.18645625939256322,0.5431990081912921,0.36384280030438054,0.1624880995386021,0.07599109596963761,0.0,0.0,0.028434118398190388,0.006719062781333182,0.006719062781333169,0.039642863782496214,3.7591472066481626e-07,0.00119059085089881,-4022200.000000005,18.719419506669183,0.0,0.0,0.0,0.0,18.719419506669183,300.00301942924966,0.04192126691663593,0.4876368577127856,0.05897747451358012,0.2606594277820522,0.454297012554918,273.2313965855376,105.41494384625805,0.5057565399269759,0.9987254136364154,1.891812137277378,0.9924234405241189,0.5678934949033871,17.575211683854384,200.97157896080734,2.9387829962347225,113.9401564053107,6586.735221007953,0.5497973491104662,0.9784738608178192,1.7933335495587306,0.9887174436460803,0.5924724363234125,0.3329516629001883,14.487915000344218,2.915130921016527,8.459858662510015,0.0037665435608570073,0.0006425167150873767,0.0006014246264963299,22.637541232236387,149.68765616554143,2692.417046694909,1328.0807871856553,5.445715967238222e-05,0.012843222453885942,0.017421604164561528,0.07584163736585196,0.24040247849526483,0.1806400979849131,0.003303402094180068,0.05349424423867185,0.09322812969628161,0.27159950409564604,0.18192140015219027,0.08124404976930105,0.03799554798481881,0.0,0.0,0.014217059199095194,0.003359531390666591,0.0033595313906665844,0.019821431891248107,1.8795736033240813e-07,0.000595295425449405
-4009700.0000000023,62.5,43.213,0.01,0.64,5.0,62.5,13726.8,-0.23285925,25.268250000000002,13.229600000000001,90.513975,0.690834925,156.8899,434.85725,0.04812049999999998,1.002137,2.8031525,0.70884825,0.725488,35.43900000000001,7051.985000000001,16.282775,8186.57,26098.699999999997,-0.17502849999999998,0.7789867500000001,2.3568525000000005,0.48569825000000005,0.5023335,0.10500607499999999,530.5818486008898,15.3623,557.2311505794701,0.49429449999999997,0.996182,0.0034636875,1087.8129991803598,4693.9925,51617.85,66802.7,-0.0014210149999999999,0.57161825,13.0902,11.28415,91.391075,68.00985,0.624148,12.912575,12.514524999999999,89.93385,118.88825,1.4571925000000001,-50.878375,-4.009700000000002,-201.4924623115579,1.051878523741324,0.4875163317913485,0.5124836682086515,0.07859211654377204,7.452522526905205e-07,0.0023603505393347255,-4009700.0000000023,37.43883901333837,0.0,0.0,0.0,0.0,37.43883901333837,595.538048042832,0.1642809461631202,1.4125952864615312,0.25038160209301924,0.5082644874144373,0.7928877906316604,612.6349140941173,122.40274429215222,1.0988412421165914,0.8092348463719704,3.1460516290569145,1.591354131882315,2.133101046808613,70.79681239396776,434.1226839270208,2.5494212210813636,308.0639486643423,20295.647220196417,0.9661433623883154,1.0597773625761766,3.467150451887688,1.818008125043885,2.291956704339984,0.47592519016377194,33.49054238331801,1.9337381294615184,20.24579323200903,0.010178484644909907,0.00036290770176450977,0.0003998691857241148,51.03720625102864,434.6320299882034,6028.967762671595,5694.293970282887,0.00013579808651081944,0.03177164163605652,0.25011571988448206,0.14396215937993312,0.4965771667122863,0.6002910710646945,0.03276142587454538,0.2826003700752471,0.15532824115401597,0.6024736647079824,0.8143931789989473,0.12894730845711094,0.23942148852320408,0.0,0.0,0.042698689623489515,0.0101271884363747,0.010127188436374742,0.04581960239524627,4.3448584163556553e-07,0.0013760963310548795,-4009700.0000000023,18.719419506669183,0.0,0.0,0.0,0.0,18.719419506669183,297.769024021416,0.0821404730815601,0.7062976432307656,0.12519080104650962,0.25413224370721865,0.3964438953158302,306.31745704705867,61.20137214607611,0.5494206210582957,0.4046174231859852,1.5730258145284572,0.7956770659411575,1.0665505234043064,35.39840619698388,217.0613419635104,1.2747106105406818,154.03197433217116,10147.823610098209,0.4830716811941577,0.5298886812880883,1.733575225943844,0.9090040625219425,1.145978352169992,0.23796259508188597,16.745271191659004,0.9668690647307592,10.122896616004516,0.005089242322454953,0.00018145385088225489,0.0001999345928620574,25.51860312551432,217.3160149941017,3014.4838813357974,2847.1469851414436,6.789904325540972e-05,0.01588582081802826,0.12505785994224103,0.07198107968996656,0.24828858335614315,0.30014553553234724,0.01638071293727269,0.14130018503762354,0.07766412057700799,0.3012368323539912,0.4071965894994736,0.06447365422855547,0.11971074426160204,0.0,0.0,0.021349344811744757,0.00506359421818735,0.005063594218187371,0.022909801197623134,2.1724292081778276e-07,0.0006880481655274398
-3997200.0000000065,52.5,43.2255,0.01,0.64,5.0,52.5,14046.974999999999,-0.2428567945,25.96,13.251025,90.6456,0.198888,-7.308829249999988,23.425066825003977,0.468972675,1.5500669999999999,1.975075,0.015404749999999984,0.409388925,92.01955000000001,7226.3675,19.107325,8376.615,13695.825,-0.11044999999999999,0.97064525,0.81622675,-0.56402025,-0.17003425,0.5563635,542.0894100185934,16.71725,567.0523319850349,0.49439500000000003,0.9959217499999999,0.0037018775,1109.1417420036282,4901.12,53677.5,70048.9,-0.001394595,0.582139,13.149175,11.273175,91.51814999999999,66.924525,0.64285275,12.814,12.44915,90.168925,117.574,1.3492600000000001,-50.64965,-3.9972000000000065,-200.8643216080405,1.0463021914867394,0.48871162006117386,0.5112883799388261,0.06284821240919171,5.959601794085296e-07,0.0018875151679321254,-3997200.0000000065,37.43883901333837,0.0,0.0,0.0,0.0,37.43883901333837,637.1980716386385,0.19032272412721396,1.2479419030280738,0.1948906937234305,0.4129527575885676,0.24542501967669664,486.0132486457949,46.82735821999351,0.9774926168803983,1.9384299049822085,3.1543014912602545,1.4446583610047454,1.857883628028199,20.3728987818785,300.3486138223377,3.865915305482864,296.3368388056628,3352.523635884864,1.051895877832022,1.8583479710117758,2.9864427694358353,1.424427770101003,1.764731776984135,0.19643923835204954,22.415805667841095,4.054562319576964,20.4517438641471,0.0031276613201133585,0.0008216777044559477,0.0007882506740614518,42.02239560289451,361.9718061764849,4699.802383788779,4608.779749564955,6.239653489310652e-05,0.025699520241955237,0.17182394817564528,0.10882200681234744,0.3571126666287128,1.1001623679408978,0.01958040139825197,0.10631039459996376,0.15640704374590508,0.463091894228355,1.5140896054505315,0.10999505837385008,0.4219169626044088,0.0,0.0,0.016993445370721446,0.0040532814479045986,0.004053281447904618,0.030667861132675674,2.9080897168098666e-07,0.0009210453382361508,-3997200.0000000065,18.719419506669183,0.0,0.0,0.0,0.0,18.719419506669183,318.5990358193192,0.09516136206360698,0.6239709515140369,0.09744534686171526,0.2064763787942838,0.12271250983834832,243.00662432289744,23.413679109996757,0.4887463084401992,0.9692149524911042,1.5771507456301272,0.7223291805023727,0.9289418140140995,10.18644939093925,150.17430691116886,1.932957652741432,148.1684194028314,1676.261817942432,0.525947938916011,0.9291739855058879,1.4932213847179177,0.7122138850505015,0.8823658884920675,0.09821961917602477,11.207902833920548,2.027281159788482,10.22587193207355,0.0015638306600566792,0.00041083885222797386,0.0003941253370307259,21.011197801447256,180.98590308824245,2349.9011918943893,2304.3898747824774,3.119826744655326e-05,0.012849760120977619,0.08591197408782264,0.05441100340617372,0.1785563333143564,0.5500811839704489,0.009790200699125985,0.05315519729998188,0.07820352187295254,0.2315459471141775,0.7570448027252658,0.05499752918692504,0.2109584813022044,0.0,0.0,0.008496722685360723,0.0020266407239522993,0.002026640723952309,0.015333930566337837,1.4540448584049333e-07,0.0004605226691180754
-3984700.0000000037,55.5,43.238,0.01,0.64,5.0,55.5,13838.275,-0.257716775,25.499875,13.410775000000001,90.656375,-0.6454147499999999,868.703625,485.88,1.44771,1.12472225,2.55811475,1.4786395,1.249462,55.665375,7098.1,19.8683,8342.3675,83437.975,1.097199,0.7742125,1.8570925,1.12813,0.89895,0.24963375000000002,533.3136846879559,18.422425,564.6804290463375,0.49078375,0.99545925,0.0040727,1097.9941137342935,4741.3475,51421.275,68141.2,-0.0014558,0.56610925,13.195225,11.355525,91.43289999999999,67.476,0.6287287500000001,12.943774999999999,12.54765,90.153375,118.14675,1.279515,-50.67075,-3.9847000000000037,-200.2361809045228,1.0612324975609513,0.4853180573654779,0.514681942634522,0.07485459441332411,7.098110798389704e-07,0.0022481018461535857,-3984700.0000000037,37.43883901333837,0.0,0.0,0.0,0.0,37.43883901333837,749.8760847633428,0.19668896832071991,1.190494805742554,0.26603180730882464,0.5793337689392327,1.2116756436090383,1835.0416119644888,25.72666488295753,0.6024139308371502,0.6748488001700207,4.156487831366395,1.7224429410000786,1.769959093794543,29.438706534920428,507.7848506339405,3.811215206029,241.3424949976002,142974.79515383998,0.5010950714358836,0.812434662737667,4.428424725094128,1.6797447281258742,1.6926386541925205,0.6933682438869815,38.95416360078054,3.634583018151233,17.553420764304835,0.010878078548928853,0.0005834480125368922,0.0006826038930936936,56.32668315067049,360.5859127748427,6648.7266727672495,2570.7521726789087,0.0001456481502342775,0.0325112369638048,0.10581072330660322,0.1581040453836234,0.45639072441641454,0.8744015896600419,0.00859810585245377,0.16982888201559446,0.20576906959015953,0.5631069251631173,0.9259763765885224,0.11552319406364547,0.11469764600897629,0.0,0.0,0.0446534604886412,0.01055183393551662,0.010551833935516638,0.05329457694050957,5.053675262579556e-07,0.0016005916236533297,-3984700.0000000037,18.719419506669183,0.0,0.0,0.0,0.0,18.719419506669183,374.9380423816714,0.09834448416035996,0.595247402871277,0.13301590365441232,0.28966688446961636,0.6058378218045192,917.5208059822444,12.863332441478764,0.3012069654185751,0.33742440008501035,2.0782439156831973,0.8612214705000393,0.8849795468972715,14.719353267460214,253.89242531697025,1.9056076030145,120.6712474988001,71487.39757691999,0.2505475357179418,0.4062173313688335,2.214212362547064,0.8398723640629371,0.8463193270962602,0.34668412194349074,19.47708180039027,1.8172915090756165,8.776710382152418,0.0054390392744644266,0.0002917240062684461,0.0003413019465468468,28.163341575335245,180.29295638742136,3324.3633363836248,1285.3760863394543,7.282407511713875e-05,0.0162556184819024,0.05290536165330161,0.0790520226918117,0.22819536220820727,0.43720079483002094,0.004299052926226885,0.08491444100779723,0.10288453479507977,0.28155346258155867,0.4629881882942612,0.05776159703182274,0.057348823004488146,0.0,0.0,0.0223267302443206,0.00527591696775831,0.005275916967758319,0.026647288470254785,2.526837631289778e-07,0.0008002958118266648
-3972200.000000001,56.5,43.2505,0.01,0.64,5.0,56.5,14319.925,-0.37548725,26.176025,13.534749999999999,90.774225,0.17779555000000002,129.0725,302.91828,0.27950174999999994,0.824066025,3.10035975,-0.40728742500000004,0.026446499999999984,86.92099999999999,7342.3225,21.162875,8531.025,13598.8,-0.26781675000000005,0.27674600000000005,2.0057195,-0.9546055,-0.520875,-0.10739874999999997,551.9249322984991,18.905175,577.5676485693574,0.49367475,0.99545225,0.00411103,1129.4925808678565,4986.07,54711.225,71324.4,-0.001404815,0.5820465,13.2326,11.404025,91.650275,67.9846,0.6423592499999999,12.982125,12.527525,90.27705,118.76875000000001,1.3732525,-50.7841,-3.972200000000001,-199.60804020100505,1.0477302890240958,0.48843235886590236,0.5115676411340977,0.04939188449855918,4.683601206576508e-07,0.001483382384160655,-3972200.000000001,37.43883901333837,0.0,0.0,0.0,0.0,37.43883901333837,825.5585922069164,0.026217318148824206,1.6588461318539065,0.24377460217722965,0.5220744479158788,0.2309292907528406,635.3026978590599,214.90082359083752,0.9635703881704317,1.5080228873407953,1.8094493401511917,1.3258226283254695,0.9392100614681467,22.261385388455356,486.6082227264561,2.409720298257318,406.47242780619996,2067.8592037821777,0.8826403259642344,1.369250855091937,1.7106547630116178,1.3159071755992773,0.9325098174414395,0.9727956127098761,38.35540459230357,2.480051263415066,29.678345296223256,0.00718305164374216,0.0003815323271580863,0.00037079137701228547,66.71761382118797,536.2305307110613,7082.898350428306,6879.210851543949,0.00015286172607948664,0.03792105317190792,0.15937735096305264,0.1751723223000721,0.4390819845617248,0.7565340838323206,0.03222648234371852,0.2571426500991224,0.06912994406671152,0.5018017769332215,0.8785903008038859,0.0635343950811946,0.13907482398574683,0.0,0.0,0.03141207081957731,0.00754475407573062,0.007544754075730716,0.05247539344133,4.975995925900735e-07,0.0015759891533403472,-3972200.000000001,18.719419506669183,0.0,0.0,0.0,0.0,18.719419506669183,412.7792961034582,0.013108659074412103,0.8294230659269533,0.12188730108861483,0.2610372239579394,0.1154646453764203,317.65134892952995,107.45041179541876,0.48178519408521586,0.7540114436703976,0.9047246700755959,0.6629113141627347,0.46960503073407334,11.130692694227678,243.30411136322806,1.204860149128659,203.23621390309998,1033.9296018910889,0.4413201629821172,0.6846254275459684,0.8553273815058089,0.6579535877996386,0.46625490872071973,0.48639780635493807,19.177702296151786,1.240025631707533,14.839172648111628,0.00359152582187108,0.00019076616357904314,0.00018539568850614273,33.358806910593984,268.11526535553065,3541.449175214153,3439.6054257719743,7.643086303974332e-05,0.01896052658595396,0.07968867548152632,0.08758616115003605,0.2195409922808624,0.3782670419161603,0.01611324117185926,0.1285713250495612,0.03456497203335576,0.25090088846661074,0.43929515040194295,0.0317671975405973,0.06953741199287342,0.0,0.0,0.015706035409788655,0.00377237703786531,0.003772377037865358,0.026237696720665,2.487997962950368e-07,0.0007879945766701736
-3959700.000000005,50.5,43.263,0.01,0.64,5.0,50.5,14402.35,-0.128398975,26.0726,13.40095,90.6857,-0.043233475,152.736435,249.22562175000002,0.21065575,1.16698825,2.468195,0.908296,0.5914925,97.56755,7354.9225,20.81675,8596.6025,12039.875,-0.40370125,0.5526307500000001,1.23948175,0.2939379999999999,-0.022863000000000022,30.056587,552.9391080343255,18.282525,583.5039293912589,0.49187749999999997,0.99562375,0.003924097499999999,1136.4430374255844,5022.9825,54884.700000000004,72197.1,-0.00142361,0.58228875,13.29945,11.3554,91.590575,67.517725,0.64395125,13.05865,12.5449,90.18315,118.41149999999999,1.40744,-50.893575,-3.959700000000005,-198.97989949748768,1.0574822269453854,0.4861782708486265,0.5138217291513736,0.048004354597054225,4.552028240960281e-07,0.0014417108133290407,-3959700.000000005,37.43883901333837,0.0,0.0,0.0,0.0,37.43883901333837,919.2154716568552,0.14970939714652462,1.8108914729123513,0.2159322347404386,0.4899167344219419,0.0708987699066011,276.709983079367,285.69151380489467,0.6372878983653437,1.1996307916278173,1.6683537202384071,1.986024594261276,0.9792286427719524,46.55100988704041,588.1146364655447,7.006289390968661,402.1463072378007,1517.4787738768102,0.7605711316795095,1.2278814809835068,1.5502765204630162,1.6978255148127954,1.0689828970936188,58.852340578821966,46.480982462544155,7.731332019936798,31.502922515922158,0.010210677173103314,0.0017546409651740277,0.001567175866356953,76.38829701347696,557.7724937866695,8323.523930403519,6479.2511640363655,0.00023439063263421317,0.039840463889325654,0.060193936571718246,0.21518001765963318,0.3792294852724387,0.9755324200148346,0.02485974116753165,0.1022733754861615,0.24341819981258575,0.4959148885309593,1.1404447962673756,0.15152582420168523,0.2141619694685931,0.0,0.0,0.04113212379790749,0.009827505536896862,0.00982750553689689,0.06359228557716742,6.030158769642968e-07,0.0019098618558770646,-3959700.000000005,18.719419506669183,0.0,0.0,0.0,0.0,18.719419506669183,459.6077358284276,0.07485469857326231,0.9054457364561757,0.1079661173702193,0.24495836721097095,0.03544938495330055,138.3549915396835,142.84575690244733,0.31864394918267186,0.5998153958139086,0.8341768601192036,0.993012297130638,0.4896143213859762,23.275504943520204,294.05731823277233,3.5031446954843304,201.07315361890036,758.7393869384051,0.38028556583975476,0.6139407404917534,0.7751382602315081,0.8489127574063977,0.5344914485468094,29.426170289410983,23.240491231272077,3.865666009968399,15.751461257961079,0.005105338586551657,0.0008773204825870139,0.0007835879331784765,38.19414850673848,278.88624689333477,4161.761965201759,3239.6255820181827,0.00011719531631710659,0.019920231944662827,0.030096968285859123,0.10759000882981659,0.18961474263621936,0.4877662100074173,0.012429870583765825,0.05113668774308075,0.12170909990629288,0.24795744426547964,0.5702223981336878,0.07576291210084261,0.10708098473429654,0.0,0.0,0.020566061898953745,0.004913752768448431,0.004913752768448445,0.03179614278858371,3.015079384821484e-07,0.0009549309279385323
-3947200.0000000023,67.5,43.2755,0.01,0.64,5.0,67.5,14655.925,-0.21451282500000002,26.864649999999997,13.197475,90.595875,2.12837451,5820.184525,495.67674999999997,0.8691767499999999,1.26198125,0.258353,0.62218025,0.576257875,40.272075,7512.205,19.600475,8608.4825,1698943.7,0.6155945,1.0083995,-0.24881124999999993,0.36860075,0.322677375,0.50549125,568.9365788353383,18.55445,584.0601802481627,0.497686,0.99567,0.0039688250000000005,1152.996759083501,5242.2325,58632.8,74066.325,-0.0013850874999999999,0.6066845,13.142075,11.361875000000001,91.36075,68.0051,0.6606405,12.87405,12.4193,90.20765,118.8315,1.1530575,-50.8265,-3.9472000000000023,-198.35175879396996,1.0276044277559118,0.4934035924995097,0.5065964075004903,0.026117645715412353,2.476614088073748e-07,0.000784389094753448,-3947200.0000000023,37.43883901333837,0.0,0.0,0.0,0.0,37.43883901333837,372.81626730423983,0.13633144043661574,0.9405509537854213,0.0816434269654744,0.29092934279648985,3.9185862045362674,13345.744783773518,8.641166910975262,1.7926111947553631,2.0274599585891333,1.5805562035296308,1.0431366226180139,0.7530615169743632,63.7797160379053,297.4136344666577,3.2524668610917455,242.9070751508347,3344833.5615144907,1.9695862250603973,2.2985857107954444,2.3069924364432253,1.3197908926193258,1.065231117764229,0.4468918072638873,22.80985482430492,3.4922782081806325,19.685008218700517,0.01204755164615062,0.0007508355345879658,0.0006534396844647053,33.07759950731873,281.5798225932863,5061.515907973292,4132.438570122163,0.00010622169218980967,0.030128250004494702,0.16580792853982163,0.13726051568701955,0.2648125689363463,0.4434742532924937,0.016692823717593987,0.08989525386062697,0.22744996519381322,0.29965823310342,0.5728533843838216,0.085639862359768,0.1312743437741443,0.0,0.0,0.048937147641710935,0.011642602211570945,0.01164260221157091,0.03120697380116289,2.9592112476087373e-07,0.00093723646444303,-3947200.0000000023,18.719419506669183,0.0,0.0,0.0,0.0,18.719419506669183,186.40813365211991,0.06816572021830787,0.47027547689271065,0.0408217134827372,0.14546467139824493,1.9592931022681337,6672.872391886759,4.320583455487631,0.8963055973776816,1.0137299792945667,0.7902781017648154,0.5215683113090069,0.3765307584871816,31.88985801895265,148.70681723332885,1.6262334305458728,121.45353757541734,1672416.7807572454,0.9847931125301986,1.1492928553977222,1.1534962182216126,0.6598954463096629,0.5326155588821145,0.22344590363194364,11.40492741215246,1.7461391040903163,9.842504109350259,0.00602377582307531,0.0003754177672939829,0.00032671984223235265,16.538799753659365,140.78991129664314,2530.757953986646,2066.2192850610813,5.3110846094904837e-05,0.015064125002247351,0.08290396426991081,0.06863025784350978,0.13240628446817315,0.22173712664624684,0.008346411858796993,0.04494762693031348,0.11372498259690661,0.14982911655171,0.2864266921919108,0.042819931179884,0.06563717188707215,0.0,0.0,0.024468573820855467,0.0058213011057854725,0.005821301105785455,0.015603486900581444,1.4796056238043686e-07,0.000468618232221515
-3934700.0000000065,47.5,43.288,0.01,0.64,5.0,47.5,14672.6,-0.244946425,26.8318,13.390925,90.750125,-0.232151275,460.11024999999995,232.9083525,1.13312875,0.705355,2.97224675,1.174539,-1.0635367500000001,91.56325000000001,7564.125,20.48065,8709.675,19348.575,0.556579275,0.12880549999999996,1.8191424999999999,0.597987,-1.6400853249999998,0.37361325,569.6394604983041,18.102375,588.3619483674946,0.4957685,0.9958015,0.003846955,1158.0014088657988,5321.6225,59442.149999999994,75187.25,-0.001442395,0.61141025,13.147325,11.261175,91.6213,67.428,0.6632905,12.941875,12.391375,90.315675,118.18975,1.3056725,-50.761799999999994,-3.9347000000000065,-197.7236180904526,1.0349380653093465,0.49153894112288193,0.5084610588771181,0.02515600830866669,2.385426514158555e-07,0.0007555083180104981,-3934700.0000000065,37.43883901333837,0.0,0.0,0.0,0.0,37.43883901333837,1319.3976529714864,0.15977529404444596,2.1771628081825516,0.19192817015748426,0.4027736947302616,0.49933628781207406,337.22776121821585,257.2151256605899,1.3384724812442912,1.4842829970617688,2.2916230974011085,2.557482058674899,1.471384322234762,31.071570709841282,736.1766292813157,4.798468984651945,627.5668039606087,13349.180084528289,1.2210617375445718,1.3658809389051205,2.1279040702277126,2.465075072699815,1.441224253595124,0.6429657333001892,57.72173472429125,4.971426476290951,45.88497869246851,0.010035616323873712,0.0007810772475668772,0.0008570717958841022,102.26834486418893,769.5293781862173,10348.264854393065,10482.233201787996,0.00019911660126669498,0.046112242563661955,0.09647688410529609,0.23381106867155235,0.383992699583384,0.8972151247053213,0.04532527160058359,0.09072656263006276,0.23569081971939462,0.5017235452251863,1.1108052259509729,0.13894895858431847,0.23919556852082083,0.0,0.0,0.03731405556901226,0.008980355645877444,0.008980355645877448,0.07897115861426897,7.488465312177438e-07,0.002371734278504413,-3934700.0000000065,18.719419506669183,0.0,0.0,0.0,0.0,18.719419506669183,659.6988264857432,0.07988764702222298,1.0885814040912758,0.09596408507874213,0.2013868473651308,0.24966814390603703,168.61388060910792,128.60756283029494,0.6692362406221456,0.7421414985308844,1.1458115487005542,1.2787410293374495,0.735692161117381,15.535785354920641,368.08831464065787,2.3992344923259723,313.78340198030435,6674.590042264144,0.6105308687722859,0.6829404694525603,1.0639520351138563,1.2325375363499076,0.720612126797562,0.3214828666500946,28.860867362145626,2.4857132381454754,22.942489346234254,0.005017808161936856,0.0003905386237834386,0.0004285358979420511,51.134172432094466,384.76468909310864,5174.132427196532,5241.116600893998,9.955830063334749e-05,0.023056121281830978,0.048238442052648045,0.11690553433577618,0.191996349791692,0.44860756235266064,0.022662635800291795,0.04536328131503138,0.11784540985969731,0.2508617726125931,0.5554026129754864,0.06947447929215923,0.11959778426041041,0.0,0.0,0.01865702778450613,0.004490177822938722,0.004490177822938724,0.039485579307134484,3.744232656088719e-07,0.0011858671392522065
-3909700.000000001,48.5,43.313,0.01,0.64,5.0,48.5,14991.5,-0.1464044225,27.34825,13.278425,90.816325,-0.009720727500000005,74.4157075,384.17515000000003,0.6871615,-0.0326825,1.885353,2.6101912499999997,0.7214232250000001,84.6713,7735.4025,20.3417,8879.4375,12221.775,0.15400827500000003,-0.5658355,0.81904625,2.0770375,0.18827,0.6964764999999999,580.2880518140604,18.142425,601.2150477394085,0.49695425,0.995854,0.0038022875000000003,1181.503099553469,5458.9175,60833.575,77309.2,-0.00145172,0.61754875,13.161725,11.36485,91.618325,67.79195,0.6699615,12.9743,12.507525000000001,90.348625,118.65825000000001,1.26968,-50.86625,-3.909700000000001,-196.46733668341713,1.0363296340383639,0.49111753165402483,0.5088824683459752,0.010587291726744053,1.0039433159753692e-07,0.00031796725722988166,-3909700.000000001,37.43883901333837,0.0,0.0,0.0,0.0,37.43883901333837,583.389012580799,0.17269043583584093,1.1148022021865582,0.21737991895910416,0.4935395450214714,0.10104223424465811,174.41626645333693,231.6497,2.020931800876929,1.572568610360663,1.6549925908704244,2.0331706303635504,1.0561631834139407,36.68218997597244,281.55391187420287,1.4653633701804702,288.66100953367504,1023.663725302406,2.1085586843786213,1.7819315149693604,1.7491246688841013,2.1653085894374655,1.1405894150771345,0.40056004479936175,21.476804643659023,2.4052447850132297,19.864664218377246,0.0058704110233724705,0.0005009637378759349,0.0005278355559183814,39.63768883201973,319.278779269257,4363.922594314278,4240.4707718208265,9.260915973415726e-05,0.024161902703429588,0.2250439568173298,0.10098628619768196,0.5025229439206432,1.0208975315867876,0.015274928837804751,0.1375991036792511,0.11696436423116183,0.522670669893263,1.4200421061832442,0.09134087693907912,0.44301883707129386,0.0,0.0,0.02063980579975453,0.0049862130764827895,0.00498621307648281,0.029383180428364852,2.786269459132692e-07,0.0008824626288418298,-3909700.000000001,18.719419506669183,0.0,0.0,0.0,0.0,18.719419506669183,291.6945062903995,0.08634521791792046,0.5574011010932791,0.10868995947955208,0.2467697725107357,0.050521117122329054,87.20813322666847,115.82485,1.0104659004384644,0.7862843051803315,0.8274962954352122,1.0165853151817752,0.5280815917069703,18.34109498798622,140.77695593710143,0.7326816850902351,144.33050476683752,511.831862651203,1.0542793421893106,0.8909657574846802,0.8745623344420507,1.0826542947187328,0.5702947075385673,0.20028002239968087,10.738402321829511,1.2026223925066148,9.932332109188623,0.0029352055116862352,0.00025048186893796747,0.0002639177779591907,19.818844416009863,159.6393896346285,2181.961297157139,2120.2353859104132,4.630457986707863e-05,0.012080951351714794,0.1125219784086649,0.05049314309884098,0.2512614719603216,0.5104487657933938,0.0076374644189023755,0.06879955183962555,0.058482182115580914,0.2613353349466315,0.7100210530916221,0.04567043846953956,0.22150941853564693,0.0,0.0,0.010319902899877265,0.0024931065382413947,0.002493106538241405,0.014691590214182426,1.393134729566346e-07,0.0004412313144209149
-3884700.0000000023,68.5,43.338,0.01,0.64,5.0,68.5,15302.075,-0.25686807500000003,27.914825,13.274075,90.5549,1.486192015,46.612225,143.02173679999999,-1.3771295000000001,-0.267142775,3.0519,0.59967725,1.0423125,46.623875,7933.47,18.5096,8852.535,54778.775,-1.670707,-0.5607195,2.4647435,0.30609949999999997,0.748735,0.710707425,598.3969710111485,17.2986,603.2889177479211,0.5042205,0.9961595,0.00361377,1201.6858887590697,5684.0725,65337.375,78801.6,-0.001405845,0.64191175,13.14995,11.2783,91.408675,68.147075,0.67946925,12.930125,12.415725,90.02702500000001,119.10300000000001,1.381645,-50.95615,-3.8847000000000023,-195.211055276382,1.008732129519204,0.49785084991217576,0.5021491500878242,-0.01418816481622086,-1.345397255581468e-07,-0.00042611198105964093,-3884700.0000000023,37.43883901333837,0.0,0.0,0.0,0.0,37.43883901333837,899.9979050901547,0.1396530778224711,1.6850168869084563,0.29677267815619535,0.5039416699050256,2.4444085270202174,766.223104063085,238.98939212720134,0.8154625682811363,0.47419732078801946,1.322174772562236,2.2767486527065115,1.6086425049582436,85.72410116979452,483.039810850686,1.6847470631126402,445.34102666757883,75497.50623565324,0.9940379604133167,0.8964319424550125,2.3917365533185992,2.7984203944703636,2.058170176580806,0.5452793129050368,39.96241543293392,2.5041402210472685,34.5602349670775,0.004669874266687101,0.00057419479853677,0.000492445620212696,74.17651109845876,576.9102819546555,7590.301283600892,7844.070563595579,0.00016660320935284122,0.03398538663773989,0.24278480869554692,0.18598994596482846,0.46484979204756216,0.858248780463252,0.030641141671234523,0.06514242729077035,0.2742006245434177,0.5914208054901939,1.1075868664202597,0.15942306117163021,0.27846489305955496,0.0,0.0,0.01629800941229468,0.004008508568556749,0.004008508568556818,0.05467400213866809,5.184479697115066e-07,0.0016420197865993163,-3884700.0000000023,18.719419506669183,0.0,0.0,0.0,0.0,18.719419506669183,449.9989525450774,0.06982653891123555,0.8425084434542282,0.14838633907809767,0.2519708349525128,1.2222042635101087,383.1115520315425,119.49469606360067,0.40773128414056814,0.23709866039400973,0.661087386281118,1.1383743263532557,0.8043212524791218,42.86205058489726,241.519905425343,0.8423735315563201,222.67051333378942,37748.75311782662,0.49701898020665836,0.4482159712275062,1.1958682766592996,1.3992101972351818,1.029085088290403,0.2726396564525184,19.98120771646696,1.2520701105236343,17.28011748353875,0.0023349371333435506,0.000287097399268385,0.000246222810106348,37.08825554922938,288.45514097732774,3795.150641800446,3922.0352817977896,8.330160467642061e-05,0.016992693318869944,0.12139240434777346,0.09299497298241423,0.23242489602378108,0.429124390231626,0.015320570835617262,0.03257121364538518,0.13710031227170885,0.29571040274509697,0.5537934332101299,0.07971153058581511,0.13923244652977748,0.0,0.0,0.00814900470614734,0.0020042542842783743,0.002004254284278409,0.027337001069334045,2.592239848557533e-07,0.0008210098932996581
-3834700.000000005,69.5,43.388,0.01,0.64,5.0,69.5,14402.55,-0.1971359375,26.310475,13.28895,90.518475,-0.050235225000000015,-93.89269999999996,374.09575000000314,-1.18072125,0.2709507500000001,2.3186355,2.0421179,1.845466,46.777649999999994,7442.7225,19.60105,8495.2325,15945.325,-1.47526825,-0.02359409999999995,1.72954075,1.7475705000000001,1.55092025,0.59122775,561.2646173672151,18.386074999999998,576.0018666023914,0.49814349999999996,0.99561225,0.0040170625,1137.2664839696063,5108.015,57208.55,72121.25,-0.0014207775,0.5980570000000001,13.1898,11.3247,91.33835,68.482275,0.65214225,12.95005,12.330625,90.016775,119.51075,1.3215405,-51.028525,-3.834700000000005,-192.6984924623118,1.0280635177632136,0.4931627027786729,0.5068372972213271,0.036613929114995544,3.4719275103889247e-07,0.0010996231064169188,-3834700.000000005,37.43883901333837,0.0,0.0,0.0,0.0,37.43883901333837,838.3844802157699,0.21669534568714735,1.7398676930061883,0.31488222666048815,0.4263855874284062,0.31221363477905506,643.4591096050523,249.4009027975778,1.236628141277017,1.5624810565809268,2.812704753640702,2.5834841039216094,2.068023044541977,70.23619033435207,554.5233160938025,3.804551155743166,317.19190609419144,5901.2291574863175,1.4588469593630842,1.8941461728610878,3.101974417640414,2.756133773531502,1.8363886936648925,0.14846385547864283,45.09625896635633,2.70481198776674,29.18603836340868,0.009749214481177436,0.0009495839001022019,0.0007225469899079229,74.27102556932404,531.9161788916244,8753.90924425577,5074.315466806007,0.00019534045192517945,0.04620668789255512,0.2312982634320171,0.10237844825287497,0.3013228224567969,1.0748253978360085,0.017870899014412647,0.22193478771927524,0.2762601234947476,0.5643566329606325,1.4534316576066841,0.2900244453622258,0.3794593291777162,0.0,0.0,0.03005846960110145,0.007332295775661237,0.00733229577566126,0.061697796103199205,5.850513200817124e-07,0.0018529648101135196,-3834700.000000005,18.719419506669183,0.0,0.0,0.0,0.0,18.719419506669183,419.19224010788497,0.10834767284357368,0.8699338465030941,0.15744111333024408,0.2131927937142031,0.15610681738952753,321.72955480252614,124.7004513987889,0.6183140706385085,0.7812405282904634,1.406352376820351,1.2917420519608047,1.0340115222709885,35.11809516717604,277.26165804690123,1.902275577871583,158.59595304709572,2950.6145787431587,0.7294234796815421,0.9470730864305439,1.550987208820207,1.378066886765751,0.9181943468324463,0.07423192773932141,22.548129483178165,1.35240599388337,14.59301918170434,0.004874607240588718,0.00047479195005110096,0.00036127349495396145,37.13551278466202,265.9580894458122,4376.954622127885,2537.1577334030035,9.767022596258972e-05,0.02310334394627756,0.11564913171600855,0.051189224126437484,0.15066141122839846,0.5374126989180043,0.008935449507206324,0.11096739385963762,0.1381300617473738,0.28217831648031627,0.7267158288033421,0.1450122226811129,0.1897296645888581,0.0,0.0,0.015029234800550725,0.0036661478878306183,0.00366614788783063,0.030848898051599603,2.925256600408562e-07,0.0009264824050567598
-3784700.000000001,57.5,43.438,0.01,0.64,5.0,57.5,14993.125,-0.3350925,27.2389,13.5051,90.66055,-0.11534069999999999,112.6731,299.46925067132497,0.7475494999999999,0.053544250000000015,2.18228125,-0.18976074999999998,0.59785225,108.40112500000001,7736.3875,23.30915,8756.8625,13235.55,0.06497525000000004,-0.6290275000000001,0.81714,-0.8723339999999999,-0.08471950000000006,0.44193525,581.245809345396,20.493524999999998,594.7790232743722,0.5002415,0.99530575,0.004357895,1176.0248326197682,5369.3225,60790.075,75173.375,-0.0013655400000000002,0.6154634999999999,13.214075,11.369175,91.546275,67.863725,0.65793625,13.042075,12.537749999999999,90.194825,118.69225,1.3514275,-50.828450000000004,-3.784700000000001,-190.18592964824123,1.0243792289743137,0.4940584160382121,0.5059415839617878,0.009276949577770458,8.796897036204926e-08,0.0002786138597893092,-3784700.000000001,37.43883901333837,0.0,0.0,0.0,0.0,37.43883901333837,743.7686126522603,0.11454456945806438,1.2851862303443289,0.09532156104470847,0.5396706927994774,0.2565680721736956,292.99906199424373,206.25191324399105,1.3442629358367109,1.9702101554806066,3.1406215340306316,1.9214495376292304,1.6749790706518048,31.786143100977725,425.97486525028654,2.2845704957387514,333.56128076411915,1987.2244538551754,1.3098086168127452,1.8059437050357725,2.8246266038304366,1.7453741542633965,1.7059173253366258,0.41089127517740826,33.721343603539324,2.618584302474654,22.478439661185977,0.006526787086052889,0.0004637588274092512,0.0004730773851778022,54.972424260566555,415.41692866925854,5785.965750777188,5388.308083480381,8.821618861259724e-05,0.024815462028071635,0.09595177173976506,0.24621107983462875,0.48164474027371673,0.6146363064175978,0.024454673737004468,0.0407059680309088,0.2595970531419801,0.5243888530152764,0.7052150381266729,0.19021363434745323,0.15632202873129142,0.0,0.0,0.029728072509674516,0.0072480295114102,0.007248029511410192,0.046135369754933604,4.374801156986907e-07,0.0013855797460654322,-3784700.000000001,18.719419506669183,0.0,0.0,0.0,0.0,18.719419506669183,371.8843063261302,0.05727228472903219,0.6425931151721644,0.047660780522354236,0.2698353463997387,0.1282840360868478,146.49953099712187,103.12595662199553,0.6721314679183554,0.9851050777403033,1.5703107670153158,0.9607247688146152,0.8374895353259024,15.893071550488862,212.98743262514327,1.1422852478693757,166.78064038205957,993.6122269275877,0.6549043084063726,0.9029718525178863,1.4123133019152183,0.8726870771316982,0.8529586626683129,0.20544563758870413,16.860671801769662,1.309292151237327,11.239219830592988,0.0032633935430264444,0.0002318794137046256,0.0002365386925889011,27.486212130283278,207.70846433462927,2892.982875388594,2694.1540417401907,4.410809430629862e-05,0.012407731014035818,0.04797588586988253,0.12310553991731438,0.24082237013685837,0.3073181532087989,0.012227336868502234,0.0203529840154544,0.12979852657099006,0.2621944265076382,0.3526075190633364,0.09510681717372661,0.07816101436564571,0.0,0.0,0.014864036254837258,0.0036240147557051,0.003624014755705096,0.023067684877466802,2.1874005784934535e-07,0.0006927898730327161
-3734700.0000000037,60.5,43.488,0.01,0.64,5.0,60.5,14703.0,-0.26348864250000004,26.94455,13.2777,90.437775,-0.165686675,71.542525,354.22020000000003,1.0165454999999999,1.17603675,3.5208075,1.6171959999999999,-0.107649,97.1528,7692.485000000001,19.254575000000003,8520.654999999999,12729.449999999999,0.4048,0.5642897499999999,2.29731325,1.005452,-0.7193935,15.793887875000001,578.8738247063167,16.731125,580.2470463564669,0.5058455,0.996155,0.0036527925,1159.1208710627834,5309.43,62124.05,72278.875,-0.001411465,0.63103975,13.00885,11.2168,91.289725,67.80782500000001,0.648265,12.948925,12.495125,89.892375,118.669,1.3973425000000002,-50.861175,-3.7347000000000037,-187.67336683417102,1.0032248815429667,0.4992540526001499,0.5007459473998501,0.012522146141215289,1.1874165031632707e-07,0.0003760765799147822,-3734700.0000000037,37.43883901333837,0.0,0.0,0.0,0.0,37.43883901333837,738.4669705996787,0.18168904811629277,1.2824244188255316,0.2560531455251688,0.4665792278202397,0.11953184293410059,182.37581971166713,198.2087416350752,0.37580590355616655,0.9885227024812918,2.658353476864643,0.8409212398300648,1.6516031840957843,86.15854478278209,501.72989137582806,3.221681595456012,421.9690669942536,1075.435659008323,0.8871918057883537,1.3775434442592303,2.89184778850033,1.134838065049224,1.9475154539829287,30.52268905730226,37.39152432658267,3.574543032216379,29.318985226410142,0.006255685547297446,0.0007531901043782591,0.0007393256953186012,65.65079066098521,465.6922357809576,6669.465407112222,5678.22897587796,0.0001916198871898913,0.029321032716862674,0.23198994949494325,0.1416859673126933,0.4941663847666431,0.6826876121868121,0.01829354354228099,0.21831253399656128,0.0847577872528543,0.46407062950230615,0.8715736725410332,0.08521248045327626,0.19722983842883796,0.0,0.0,0.025081070912418568,0.006280590770474559,0.006280590770474536,0.0511566745616396,4.850947987382955e-07,0.0015363841782386203,-3734700.0000000037,18.719419506669183,0.0,0.0,0.0,0.0,18.719419506669183,369.23348529983934,0.09084452405814639,0.6412122094127658,0.1280265727625844,0.23328961391011985,0.059765921467050294,91.18790985583357,99.1043708175376,0.18790295177808328,0.4942613512406459,1.3291767384323214,0.4204606199150324,0.8258015920478922,43.079272391391044,250.86494568791403,1.610840797728006,210.9845334971268,537.7178295041615,0.44359590289417683,0.6887717221296151,1.445923894250165,0.567419032524612,0.9737577269914643,15.26134452865113,18.695762163291334,1.7872715161081896,14.659492613205071,0.003127842773648723,0.00037659505218912956,0.0003696628476593006,32.825395330492604,232.8461178904788,3334.732703556111,2839.11448793898,9.580994359494565e-05,0.014660516358431337,0.11599497474747163,0.07084298365634666,0.24708319238332155,0.34134380609340603,0.009146771771140495,0.10915626699828064,0.04237889362642715,0.23203531475115308,0.4357868362705166,0.04260624022663813,0.09861491921441898,0.0,0.0,0.012540535456209284,0.0031402953852372796,0.003140295385237268,0.0255783372808198,2.4254739936914776e-07,0.0007681920891193101
-3684700.0000000065,59.5,43.538,0.01,0.64,5.0,59.5,14988.95,-0.216028925,27.455725,13.240275,90.6397,0.04729515,-108.1723,193.09880150032518,0.13593175000000002,1.47377525,3.94751,-0.08711124999999995,1.6544425,67.300725,7865.34,20.0499,8693.3725,14071.35,-0.28784075000000003,1.0500007500000001,3.0999625,-0.51088425,1.23066659025,4.00732875,593.3388900948527,18.30185,589.2779759964985,0.50599525,0.9960065,0.0038242025000000002,1182.6168660913513,5493.4875,63824.575,75421.55,-0.001447525,0.627856,13.097225,11.4579,91.4936,67.91555,0.66413375,12.8933,12.43235,90.10565,118.74275,1.387945,-50.827075,-3.6847000000000065,-185.1608040201008,0.9965068029214714,0.5010253854123954,0.4989746145876046,-0.007268024383287705,-6.891927310849374e-08,-0.00021827997549139056,-3684700.0000000065,37.43883901333837,0.0,0.0,0.0,0.0,37.43883901333837,1702.289204767117,0.19290158845576116,2.89940731917749,0.1373902562047252,0.41329744736689655,0.2893380646312142,292.3288923031044,236.2372035992373,1.2381352025839436,1.3672746156168665,2.470453921178589,1.582510636227421,1.709208387200051,40.20644406886165,959.283757150789,7.77818427312356,772.5586675618879,3448.1831327043324,1.2600189634058092,1.240662602920277,1.9913732883343758,1.4284825673486243,1.5094783858438816,7.237217509756697,76.30713456767928,8.487445400708037,55.0940462751908,0.010587244223592874,0.0012965684195855773,0.0014128625990136713,130.623891577416,1004.2197248071092,14553.026271621306,11832.914201919997,0.00013504851239462066,0.06152852890597443,0.15341161135976691,0.26333472995410273,0.3822604696625894,1.1389278891425278,0.045556397153235596,0.15008635292168734,0.3490019913983299,0.44109405270682495,1.5127071483491574,0.12109796323638136,0.4073693604498657,0.0,0.0,0.039762184360986344,0.010080696751295415,0.010080696751295491,0.10439850527930508,9.899621572552082e-07,0.0031353916789415444,-3684700.0000000065,18.719419506669183,0.0,0.0,0.0,0.0,18.719419506669183,851.1446023835585,0.09645079422788058,1.449703659588745,0.0686951281023626,0.20664872368344828,0.1446690323156071,146.1644461515522,118.11860179961865,0.6190676012919718,0.6836373078084332,1.2352269605892945,0.7912553181137105,0.8546041936000255,20.103222034430825,479.6418785753945,3.88909213656178,386.27933378094394,1724.0915663521662,0.6300094817029046,0.6203313014601385,0.9956866441671879,0.7142412836743122,0.7547391929219408,3.6186087548783483,38.15356728383964,4.243722700354018,27.5470231375954,0.005293622111796437,0.0006482842097927887,0.0007064312995068357,65.311945788708,502.1098624035546,7276.513135810653,5916.457100959999,6.752425619731033e-05,0.030764264452987217,0.07670580567988346,0.13166736497705137,0.1911302348312947,0.5694639445712639,0.022778198576617798,0.07504317646084367,0.17450099569916494,0.22054702635341247,0.7563535741745787,0.06054898161819068,0.20368468022493286,0.0,0.0,0.019881092180493172,0.0050403483756477074,0.005040348375647746,0.05219925263965254,4.949810786276041e-07,0.0015676958394707722
-3634700.0000000023,44.5,43.588,0.01,0.64,5.0,44.5,14600.725,-0.30904,26.962975,13.325275,90.80035,0.19394250000000002,-417.9775,430.22275,-0.3775080000000001,0.59450175,1.9552749999999999,1.6311775,0.8374662500000001,94.64195000000001,7627.42,19.8788,8584.4325,17192.025,-0.9734440077500001,-0.0014340000000000186,0.7634050000000001,1.035241,0.24152949999999998,0.29622125,572.5331042859831,17.420575,580.5661906656784,0.50197525,0.99597275,0.0037554075000000003,1153.0992949516615,5307.865,60608.0,73831.225,-0.00143671,0.62237975,13.08635,11.1862,91.65757500000001,67.328425,0.66152475,12.865,12.33165,90.34025,118.09725,1.31735,-50.76885,-3.6347000000000023,-182.64824120603026,1.013990005381632,0.49655334566106396,0.503446654338936,0.021197111307017392,2.0100228428494015e-07,0.0006366110916225413,-3634700.0000000023,37.43883901333837,0.0,0.0,0.0,0.0,37.43883901333837,792.6348145058141,0.14006121875332467,1.597160205646259,0.23014256994306842,0.5345400546264015,0.24874182401638853,526.5876774419115,102.47275198599546,1.4954476694385976,1.5387451514309476,3.3307774761107454,2.078459001782731,1.8157376358513133,64.53379657907941,390.13680104975157,4.151216031478005,471.48183658015927,6382.360606324798,1.7782510072855184,1.67521733528837,2.7367889506804626,1.9027637124992687,1.6870997593190311,0.9739115513520293,32.973445803942624,3.7294526018125858,35.40038694956594,0.004081500245007945,0.0007190880219648545,0.0006259685975816465,67.6779525251715,517.2420433091902,6189.6735751303295,7307.586162965627,0.000191021115586733,0.031652461056238076,0.11203465237743816,0.20973909188958254,0.4883538360314797,1.0340929725287336,0.028752217008722446,0.14751250794424187,0.26502609305500413,0.5202114858401314,1.4103624534140196,0.08088086094167557,0.40045405479280377,0.0,0.0,0.016962811831242982,0.004203387496851099,0.0042033874968510805,0.04511214417030199,4.2777734644533206e-07,0.0013548492966672255,-3634700.0000000023,18.719419506669183,0.0,0.0,0.0,0.0,18.719419506669183,396.31740725290706,0.07003060937666233,0.7985801028231295,0.11507128497153421,0.26727002731320076,0.12437091200819426,263.29383872095576,51.23637599299773,0.7477238347192988,0.7693725757154738,1.6653887380553727,1.0392295008913655,0.9078688179256567,32.266898289539704,195.06840052487578,2.0756080157390024,235.74091829007963,3191.180303162399,0.8891255036427592,0.837608667644185,1.3683944753402313,0.9513818562496343,0.8435498796595156,0.48695577567601467,16.486722901971312,1.8647263009062929,17.70019347478297,0.0020407501225039727,0.00035954401098242726,0.00031298429879082323,33.83897626258575,258.6210216545951,3094.8367875651647,3653.7930814828137,9.55105577933665e-05,0.015826230528119038,0.05601732618871908,0.10486954594479127,0.24417691801573985,0.5170464862643668,0.014376108504361223,0.07375625397212093,0.13251304652750207,0.2601057429200657,0.7051812267070098,0.040440430470837785,0.20022702739640189,0.0,0.0,0.008481405915621491,0.0021016937484255494,0.0021016937484255403,0.022556072085150994,2.1388867322266603e-07,0.0006774246483336127
